<?xml version="1.0" encoding="UTF-8"?>
<idempiere Name="AdvSearch" Version="0.1" idempiereVersion="" DataBaseVersion="" Description="Single window to find almost any record" Author="" AuthorEmail="" CreatedDate="2014-09-11 16:16:00.971" UpdatedDate="2014-09-11 16:16:00.971" PackOutVersion="100" UpdateDictionary="false" Client="0-SYSTEM-System" AD_Client_UU="11237b53-9592-4af1-b3c5-afd216514b5d">
    <SQLStatement type="custom">
        <DBType>ALL</DBType>
        <statement><![CDATA[create or replace view chuboe_advsearch as
Select value, m_product_id as record_id, 208::numeric as ad_table_id,
ad_client_id, 0::numeric as ad_org_id, created, createdby, updated, updatedby
from M_Product
union all
Select Name, m_product_id as record_id, 208::numeric as ad_table_id,
ad_client_id, 0::numeric as ad_org_id, created, createdby, updated, updatedby
from M_Product
union all
Select UPC, m_product_id as record_id, 208::numeric as ad_table_id,
ad_client_id, 0::numeric as ad_org_id, created, createdby, updated, updatedby
from M_Product
union all
Select sku, m_product_id as record_id, 208::numeric as ad_table_id,
ad_client_id, 0::numeric as ad_org_id, created, createdby, updated, updatedby
from M_Product
union all
Select name, c_bpartner_id as record_id, 291::numeric as ad_table_id,
ad_client_id, 0::numeric as ad_org_id, created, createdby, updated, updatedby
from c_bpartner
union all
Select name2, c_bpartner_id as record_id, 291::numeric as ad_table_id,
ad_client_id, 0::numeric as ad_org_id, created, createdby, updated, updatedby
from c_bpartner
union all
Select ReferenceNo, c_bpartner_id as record_id, 291::numeric as ad_table_id,
ad_client_id, 0::numeric as ad_org_id, created, createdby, updated, updatedby
from c_bpartner
union all
Select name, ad_user_id as record_id, 114::numeric as ad_table_id,
ad_client_id, 0::numeric as ad_org_id, created, createdby, updated, updatedby
from ad_user
union all
Select email, ad_user_id as record_id, 114::numeric as ad_table_id,
ad_client_id, 0::numeric as ad_org_id, created, createdby, updated, updatedby
from ad_user
union all
Select name, c_bpartner_location_id as record_id, 293::numeric as ad_table_id,
ad_client_id, 0::numeric as ad_org_id, created, createdby, updated, updatedby
from c_bpartner_location;]]></statement>
    </SQLStatement>
    <AD_Menu type="table">
        <SeqNo>999</SeqNo>
        <AD_Client_ID>0</AD_Client_ID>
        <AD_Org_ID>0</AD_Org_ID>
        <AD_Task_ID reference="id"/>
        <AD_Window_ID reference="uuid" reference-key="AD_Window">3531a9f7-87a8-459e-bf5d-cf28658dca78</AD_Window_ID>
        <IsSummary>false</IsSummary>
        <IsSOTrx>false</IsSOTrx>
        <IsReadOnly>false</IsReadOnly>
        <AD_Process_ID reference="id"/>
        <EntityType>U</EntityType>
        <IsCentrallyMaintained>true</IsCentrallyMaintained>
        <Name>Advanced Search (ChuBoe)</Name>
        <Description/>
        <AD_Menu_UU>36fd796b-7474-4e40-ab32-cc12d8c6058e</AD_Menu_UU>
        <AD_Workflow_ID reference="id"/>
        <Action>W</Action>
        <IsActive>true</IsActive>
        <AD_InfoWindow_ID reference="id"/>
        <AD_Form_ID reference="id"/>
        <AD_Menu_Trl type="translation">
            <Name>Advanced Search (ChuBoe)</Name>
            <Description/>
            <AD_Language>es_CO</AD_Language>
            <IsActive>true</IsActive>
            <IsTranslated>false</IsTranslated>
        </AD_Menu_Trl>
        <AD_Window type="table">
            <AD_Client_ID>0</AD_Client_ID>
            <AD_Org_ID>0</AD_Org_ID>
            <Processing>false</Processing>
            <WindowType>M</WindowType>
            <AD_Color_ID reference="id"/>
            <Help/>
            <IsSOTrx>true</IsSOTrx>
            <IsDefault>false</IsDefault>
            <IsBetaFunctionality>false</IsBetaFunctionality>
            <WinHeight>0</WinHeight>
            <WinWidth>0</WinWidth>
            <EntityType>U</EntityType>
            <Name>Advanced Search (ChuBoe)</Name>
            <Description/>
            <AD_Window_UU>3531a9f7-87a8-459e-bf5d-cf28658dca78</AD_Window_UU>
            <IsActive>true</IsActive>
            <TitleLogic/>
            <AD_Image_ID reference="id"/>
            <AD_Window_Trl type="translation">
                <Help/>
                <Name>Advanced Search (ChuBoe)</Name>
                <Description/>
                <AD_Language>es_CO</AD_Language>
                <IsActive>true</IsActive>
                <IsTranslated>false</IsTranslated>
            </AD_Window_Trl>
            <AD_Table type="table">
                <AD_Client_ID>0</AD_Client_ID>
                <AD_Org_ID>0</AD_Org_ID>
                <ImportTable>N</ImportTable>
                <CopyColumnsFromTable>N</CopyColumnsFromTable>
                <IsSecurityEnabled>false</IsSecurityEnabled>
                <AccessLevel>3</AccessLevel>
                <Help/>
                <LoadSeq>0</LoadSeq>
                <AD_Window_ID reference="id"/>
                <IsHighVolume>true</IsHighVolume>
                <IsView>true</IsView>
                <IsChangeLog>false</IsChangeLog>
                <EntityType>U</EntityType>
                <ReplicationType>L</ReplicationType>
                <AD_Table_UU>2d957a3c-a5bf-44d2-b1cf-fadb74402f0a</AD_Table_UU>
                <IsCentrallyMaintained>true</IsCentrallyMaintained>
                <IsDeleteable>false</IsDeleteable>
                <TableName>ChuBoe_AdvSearch</TableName>
                <Description/>
                <Name>ChuBoe_AdvSearch</Name>
                <IsActive>true</IsActive>
                <Processing>false</Processing>
                <DatabaseViewDrop>N</DatabaseViewDrop>
                <AD_Val_Rule_ID reference="id"/>
                <PO_Window_ID reference="id"/>
                <AD_Column type="table">
                    <IsSyncDatabase>Y</IsSyncDatabase>
                    <AD_Table_ID reference="uuid" reference-key="AD_Table">2d957a3c-a5bf-44d2-b1cf-fadb74402f0a</AD_Table_ID>
                    <AD_Reference_Value_ID reference="id"/>
                    <AD_Client_ID>0</AD_Client_ID>
                    <AD_Org_ID>0</AD_Org_ID>
                    <SeqNoSelection/>
                    <Version>0.0</Version>
                    <ValueMax/>
                    <IsMandatory>false</IsMandatory>
                    <IsTranslated>false</IsTranslated>
                    <IsIdentifier>false</IsIdentifier>
                    <SeqNo/>
                    <ValueMin/>
                    <IsParent>false</IsParent>
                    <FieldLength>512</FieldLength>
                    <IsSelectionColumn>true</IsSelectionColumn>
                    <IsKey>false</IsKey>
                    <AD_Process_ID reference="id"/>
                    <ReadOnlyLogic/>
                    <IsAutocomplete>false</IsAutocomplete>
                    <IsAllowLogging>true</IsAllowLogging>
                    <MandatoryLogic/>
                    <FormatPattern/>
                    <AD_Column_UU>98107d03-fcbe-42fc-ba7e-ac7b1169d9e1</AD_Column_UU>
                    <IsUpdateable>false</IsUpdateable>
                    <Callout/>
                    <ColumnName>Value</ColumnName>
                    <Description>Search key for the record in the format required - must be unique</Description>
                    <ColumnSQL/>
                    <DefaultValue/>
                    <Help>A search key allows you a fast method of finding a particular record.
If you leave the search key empty, the system automatically creates a numeric number.  The document sequence used for this fallback number is defined in the "Maintain Sequence" window with the name "DocumentNo_&lt;TableName&gt;", where TableName is the actual name of the table (e.g. C_Order).</Help>
                    <Name>Search Key</Name>
                    <IsAllowCopy>true</IsAllowCopy>
                    <IsActive>true</IsActive>
                    <IsToolbarButton>false</IsToolbarButton>
                    <IsAlwaysUpdateable>false</IsAlwaysUpdateable>
                    <EntityType>U</EntityType>
                    <VFormat/>
                    <IsEncrypted>N</IsEncrypted>
                    <IsSecure>false</IsSecure>
                    <AD_Chart_ID reference="id"/>
                    <FKConstraintType>N</FKConstraintType>
                    <FKConstraintName/>
                    <AD_Element_ID reference="id">620</AD_Element_ID>
                    <AD_Reference_ID reference="id">10</AD_Reference_ID>
                    <AD_Val_Rule_ID reference="id"/>
                </AD_Column>
                <AD_Column type="table">
                    <IsSyncDatabase>Y</IsSyncDatabase>
                    <AD_Table_ID reference="uuid" reference-key="AD_Table">2d957a3c-a5bf-44d2-b1cf-fadb74402f0a</AD_Table_ID>
                    <AD_Reference_Value_ID reference="id"/>
                    <AD_Client_ID>0</AD_Client_ID>
                    <AD_Org_ID>0</AD_Org_ID>
                    <SeqNoSelection/>
                    <Version>0.0</Version>
                    <ValueMax/>
                    <IsMandatory>false</IsMandatory>
                    <IsTranslated>false</IsTranslated>
                    <IsIdentifier>false</IsIdentifier>
                    <SeqNo/>
                    <ValueMin/>
                    <IsParent>false</IsParent>
                    <FieldLength>10</FieldLength>
                    <IsSelectionColumn>false</IsSelectionColumn>
                    <IsKey>false</IsKey>
                    <AD_Process_ID reference="id"/>
                    <ReadOnlyLogic/>
                    <IsAutocomplete>false</IsAutocomplete>
                    <IsAllowLogging>true</IsAllowLogging>
                    <MandatoryLogic/>
                    <FormatPattern/>
                    <AD_Column_UU>40e05ceb-9118-4e85-95d1-e1e97852e90d</AD_Column_UU>
                    <IsUpdateable>false</IsUpdateable>
                    <Callout/>
                    <ColumnName>Record_ID</ColumnName>
                    <Description>Direct internal record ID</Description>
                    <ColumnSQL/>
                    <DefaultValue/>
                    <Help>The Record ID is the internal unique identifier of a record. Please note that zooming to the record may not be successful for Orders, Invoices and Shipment/Receipts as sometimes the Sales Order type is not known.</Help>
                    <Name>Record ID</Name>
                    <IsAllowCopy>true</IsAllowCopy>
                    <IsActive>true</IsActive>
                    <IsToolbarButton>false</IsToolbarButton>
                    <IsAlwaysUpdateable>false</IsAlwaysUpdateable>
                    <EntityType>U</EntityType>
                    <VFormat/>
                    <IsEncrypted>N</IsEncrypted>
                    <IsSecure>false</IsSecure>
                    <AD_Chart_ID reference="id"/>
                    <FKConstraintType>N</FKConstraintType>
                    <FKConstraintName/>
                    <AD_Element_ID reference="id">538</AD_Element_ID>
                    <AD_Reference_ID reference="id">28</AD_Reference_ID>
                    <AD_Val_Rule_ID reference="id"/>
                </AD_Column>
                <AD_Column type="table">
                    <IsSyncDatabase>Y</IsSyncDatabase>
                    <AD_Table_ID reference="uuid" reference-key="AD_Table">2d957a3c-a5bf-44d2-b1cf-fadb74402f0a</AD_Table_ID>
                    <AD_Reference_Value_ID reference="id"/>
                    <AD_Client_ID>0</AD_Client_ID>
                    <AD_Org_ID>0</AD_Org_ID>
                    <SeqNoSelection/>
                    <Version>0.0</Version>
                    <ValueMax/>
                    <IsMandatory>false</IsMandatory>
                    <IsTranslated>false</IsTranslated>
                    <IsIdentifier>false</IsIdentifier>
                    <SeqNo/>
                    <ValueMin/>
                    <IsParent>false</IsParent>
                    <FieldLength>22</FieldLength>
                    <IsSelectionColumn>false</IsSelectionColumn>
                    <IsKey>false</IsKey>
                    <AD_Process_ID reference="id"/>
                    <ReadOnlyLogic/>
                    <IsAutocomplete>false</IsAutocomplete>
                    <IsAllowLogging>true</IsAllowLogging>
                    <MandatoryLogic/>
                    <FormatPattern/>
                    <AD_Column_UU>b9aaf40c-d597-4de6-90a5-33d93845cecc</AD_Column_UU>
                    <IsUpdateable>false</IsUpdateable>
                    <Callout/>
                    <ColumnName>AD_Table_ID</ColumnName>
                    <Description>Database Table information</Description>
                    <ColumnSQL/>
                    <DefaultValue/>
                    <Help>The Database Table provides the information of the table definition</Help>
                    <Name>Table</Name>
                    <IsAllowCopy>true</IsAllowCopy>
                    <IsActive>true</IsActive>
                    <IsToolbarButton>false</IsToolbarButton>
                    <IsAlwaysUpdateable>false</IsAlwaysUpdateable>
                    <EntityType>U</EntityType>
                    <VFormat/>
                    <IsEncrypted>N</IsEncrypted>
                    <IsSecure>false</IsSecure>
                    <AD_Chart_ID reference="id"/>
                    <FKConstraintType>N</FKConstraintType>
                    <FKConstraintName/>
                    <AD_Element_ID reference="id">126</AD_Element_ID>
                    <AD_Reference_ID reference="id">30</AD_Reference_ID>
                    <AD_Val_Rule_ID reference="id"/>
                </AD_Column>
                <AD_Column type="table">
                    <IsSyncDatabase>Y</IsSyncDatabase>
                    <AD_Table_ID reference="uuid" reference-key="AD_Table">2d957a3c-a5bf-44d2-b1cf-fadb74402f0a</AD_Table_ID>
                    <AD_Reference_Value_ID reference="id"/>
                    <AD_Client_ID>0</AD_Client_ID>
                    <AD_Org_ID>0</AD_Org_ID>
                    <SeqNoSelection/>
                    <Version>0.0</Version>
                    <ValueMax/>
                    <IsMandatory>false</IsMandatory>
                    <IsTranslated>false</IsTranslated>
                    <IsIdentifier>false</IsIdentifier>
                    <SeqNo/>
                    <ValueMin/>
                    <IsParent>false</IsParent>
                    <FieldLength>10</FieldLength>
                    <IsSelectionColumn>false</IsSelectionColumn>
                    <IsKey>false</IsKey>
                    <AD_Process_ID reference="id"/>
                    <ReadOnlyLogic/>
                    <IsAutocomplete>false</IsAutocomplete>
                    <IsAllowLogging>true</IsAllowLogging>
                    <MandatoryLogic/>
                    <FormatPattern/>
                    <AD_Column_UU>436c8248-683c-4715-a66c-47fe7d342174</AD_Column_UU>
                    <IsUpdateable>false</IsUpdateable>
                    <Callout/>
                    <ColumnName>AD_Client_ID</ColumnName>
                    <Description>Client/Tenant for this installation.</Description>
                    <ColumnSQL/>
                    <DefaultValue/>
                    <Help>A Client is a company or a legal entity. You cannot share data between Clients. Tenant is a synonym for Client.</Help>
                    <Name>Client</Name>
                    <IsAllowCopy>false</IsAllowCopy>
                    <IsActive>true</IsActive>
                    <IsToolbarButton>false</IsToolbarButton>
                    <IsAlwaysUpdateable>false</IsAlwaysUpdateable>
                    <EntityType>U</EntityType>
                    <VFormat/>
                    <IsEncrypted>N</IsEncrypted>
                    <IsSecure>false</IsSecure>
                    <AD_Chart_ID reference="id"/>
                    <FKConstraintType>N</FKConstraintType>
                    <FKConstraintName/>
                    <AD_Element_ID reference="id">102</AD_Element_ID>
                    <AD_Reference_ID reference="id">30</AD_Reference_ID>
                    <AD_Val_Rule_ID reference="id"/>
                </AD_Column>
                <AD_Column type="table">
                    <IsSyncDatabase>Y</IsSyncDatabase>
                    <AD_Table_ID reference="uuid" reference-key="AD_Table">2d957a3c-a5bf-44d2-b1cf-fadb74402f0a</AD_Table_ID>
                    <AD_Reference_Value_ID reference="id"/>
                    <AD_Client_ID>0</AD_Client_ID>
                    <AD_Org_ID>0</AD_Org_ID>
                    <SeqNoSelection/>
                    <Version>0.0</Version>
                    <ValueMax/>
                    <IsMandatory>false</IsMandatory>
                    <IsTranslated>false</IsTranslated>
                    <IsIdentifier>false</IsIdentifier>
                    <SeqNo/>
                    <ValueMin/>
                    <IsParent>false</IsParent>
                    <FieldLength>22</FieldLength>
                    <IsSelectionColumn>false</IsSelectionColumn>
                    <IsKey>false</IsKey>
                    <AD_Process_ID reference="id"/>
                    <ReadOnlyLogic/>
                    <IsAutocomplete>false</IsAutocomplete>
                    <IsAllowLogging>true</IsAllowLogging>
                    <MandatoryLogic/>
                    <FormatPattern/>
                    <AD_Column_UU>a7017d0a-b776-4eab-8173-32bf781497ee</AD_Column_UU>
                    <IsUpdateable>false</IsUpdateable>
                    <Callout/>
                    <ColumnName>AD_Org_ID</ColumnName>
                    <Description>Organizational entity within client</Description>
                    <ColumnSQL/>
                    <DefaultValue/>
                    <Help>An organization is a unit of your client or legal entity - examples are store, department. You can share data between organizations.</Help>
                    <Name>Organization</Name>
                    <IsAllowCopy>false</IsAllowCopy>
                    <IsActive>true</IsActive>
                    <IsToolbarButton>false</IsToolbarButton>
                    <IsAlwaysUpdateable>false</IsAlwaysUpdateable>
                    <EntityType>U</EntityType>
                    <VFormat/>
                    <IsEncrypted>N</IsEncrypted>
                    <IsSecure>false</IsSecure>
                    <AD_Chart_ID reference="id"/>
                    <FKConstraintType>N</FKConstraintType>
                    <FKConstraintName/>
                    <AD_Element_ID reference="id">113</AD_Element_ID>
                    <AD_Reference_ID reference="id">30</AD_Reference_ID>
                    <AD_Val_Rule_ID reference="id"/>
                </AD_Column>
                <AD_Column type="table">
                    <IsSyncDatabase>Y</IsSyncDatabase>
                    <AD_Table_ID reference="uuid" reference-key="AD_Table">2d957a3c-a5bf-44d2-b1cf-fadb74402f0a</AD_Table_ID>
                    <AD_Reference_Value_ID reference="id"/>
                    <AD_Client_ID>0</AD_Client_ID>
                    <AD_Org_ID>0</AD_Org_ID>
                    <SeqNoSelection/>
                    <Version>0.0</Version>
                    <ValueMax/>
                    <IsMandatory>false</IsMandatory>
                    <IsTranslated>false</IsTranslated>
                    <IsIdentifier>false</IsIdentifier>
                    <SeqNo/>
                    <ValueMin/>
                    <IsParent>false</IsParent>
                    <FieldLength>29</FieldLength>
                    <IsSelectionColumn>false</IsSelectionColumn>
                    <IsKey>false</IsKey>
                    <AD_Process_ID reference="id"/>
                    <ReadOnlyLogic/>
                    <IsAutocomplete>false</IsAutocomplete>
                    <IsAllowLogging>true</IsAllowLogging>
                    <MandatoryLogic/>
                    <FormatPattern/>
                    <AD_Column_UU>84d5bc85-6aa8-4004-ac40-e0e1e7910d52</AD_Column_UU>
                    <IsUpdateable>false</IsUpdateable>
                    <Callout/>
                    <ColumnName>Created</ColumnName>
                    <Description>Date this record was created</Description>
                    <ColumnSQL/>
                    <DefaultValue/>
                    <Help>The Created field indicates the date that this record was created.</Help>
                    <Name>Created</Name>
                    <IsAllowCopy>true</IsAllowCopy>
                    <IsActive>true</IsActive>
                    <IsToolbarButton>true</IsToolbarButton>
                    <IsAlwaysUpdateable>false</IsAlwaysUpdateable>
                    <EntityType>U</EntityType>
                    <VFormat/>
                    <IsEncrypted>N</IsEncrypted>
                    <IsSecure>false</IsSecure>
                    <AD_Chart_ID reference="id"/>
                    <FKConstraintType>N</FKConstraintType>
                    <FKConstraintName/>
                    <AD_Element_ID reference="id">245</AD_Element_ID>
                    <AD_Reference_ID reference="id">16</AD_Reference_ID>
                    <AD_Val_Rule_ID reference="id"/>
                </AD_Column>
                <AD_Column type="table">
                    <IsSyncDatabase>Y</IsSyncDatabase>
                    <AD_Table_ID reference="uuid" reference-key="AD_Table">2d957a3c-a5bf-44d2-b1cf-fadb74402f0a</AD_Table_ID>
                    <AD_Reference_Value_ID reference="id">110</AD_Reference_Value_ID>
                    <AD_Client_ID>0</AD_Client_ID>
                    <AD_Org_ID>0</AD_Org_ID>
                    <SeqNoSelection/>
                    <Version>0.0</Version>
                    <ValueMax/>
                    <IsMandatory>false</IsMandatory>
                    <IsTranslated>false</IsTranslated>
                    <IsIdentifier>false</IsIdentifier>
                    <SeqNo/>
                    <ValueMin/>
                    <IsParent>false</IsParent>
                    <FieldLength>10</FieldLength>
                    <IsSelectionColumn>false</IsSelectionColumn>
                    <IsKey>false</IsKey>
                    <AD_Process_ID reference="id"/>
                    <ReadOnlyLogic/>
                    <IsAutocomplete>false</IsAutocomplete>
                    <IsAllowLogging>true</IsAllowLogging>
                    <MandatoryLogic/>
                    <FormatPattern/>
                    <AD_Column_UU>021e42df-0528-4183-a5de-c63f6520cd2f</AD_Column_UU>
                    <IsUpdateable>false</IsUpdateable>
                    <Callout/>
                    <ColumnName>CreatedBy</ColumnName>
                    <Description>User who created this records</Description>
                    <ColumnSQL/>
                    <DefaultValue/>
                    <Help>The Created By field indicates the user who created this record.</Help>
                    <Name>Created By</Name>
                    <IsAllowCopy>false</IsAllowCopy>
                    <IsActive>true</IsActive>
                    <IsToolbarButton>false</IsToolbarButton>
                    <IsAlwaysUpdateable>false</IsAlwaysUpdateable>
                    <EntityType>U</EntityType>
                    <VFormat/>
                    <IsEncrypted>N</IsEncrypted>
                    <IsSecure>false</IsSecure>
                    <AD_Chart_ID reference="id"/>
                    <FKConstraintType>N</FKConstraintType>
                    <FKConstraintName/>
                    <AD_Element_ID reference="id">246</AD_Element_ID>
                    <AD_Reference_ID reference="id">30</AD_Reference_ID>
                    <AD_Val_Rule_ID reference="id"/>
                </AD_Column>
                <AD_Column type="table">
                    <IsSyncDatabase>Y</IsSyncDatabase>
                    <AD_Table_ID reference="uuid" reference-key="AD_Table">2d957a3c-a5bf-44d2-b1cf-fadb74402f0a</AD_Table_ID>
                    <AD_Reference_Value_ID reference="id"/>
                    <AD_Client_ID>0</AD_Client_ID>
                    <AD_Org_ID>0</AD_Org_ID>
                    <SeqNoSelection/>
                    <Version>0.0</Version>
                    <ValueMax/>
                    <IsMandatory>false</IsMandatory>
                    <IsTranslated>false</IsTranslated>
                    <IsIdentifier>false</IsIdentifier>
                    <SeqNo/>
                    <ValueMin/>
                    <IsParent>false</IsParent>
                    <FieldLength>29</FieldLength>
                    <IsSelectionColumn>false</IsSelectionColumn>
                    <IsKey>false</IsKey>
                    <AD_Process_ID reference="id"/>
                    <ReadOnlyLogic/>
                    <IsAutocomplete>false</IsAutocomplete>
                    <IsAllowLogging>true</IsAllowLogging>
                    <MandatoryLogic/>
                    <FormatPattern/>
                    <AD_Column_UU>ec24b583-62eb-40ce-8cc7-03e9ee701d2d</AD_Column_UU>
                    <IsUpdateable>false</IsUpdateable>
                    <Callout/>
                    <ColumnName>Updated</ColumnName>
                    <Description>Date this record was updated</Description>
                    <ColumnSQL/>
                    <DefaultValue/>
                    <Help>The Updated field indicates the date that this record was updated.</Help>
                    <Name>Updated</Name>
                    <IsAllowCopy>true</IsAllowCopy>
                    <IsActive>true</IsActive>
                    <IsToolbarButton>true</IsToolbarButton>
                    <IsAlwaysUpdateable>false</IsAlwaysUpdateable>
                    <EntityType>U</EntityType>
                    <VFormat/>
                    <IsEncrypted>N</IsEncrypted>
                    <IsSecure>false</IsSecure>
                    <AD_Chart_ID reference="id"/>
                    <FKConstraintType>N</FKConstraintType>
                    <FKConstraintName/>
                    <AD_Element_ID reference="id">607</AD_Element_ID>
                    <AD_Reference_ID reference="id">16</AD_Reference_ID>
                    <AD_Val_Rule_ID reference="id"/>
                </AD_Column>
                <AD_Column type="table">
                    <IsSyncDatabase>Y</IsSyncDatabase>
                    <AD_Table_ID reference="uuid" reference-key="AD_Table">2d957a3c-a5bf-44d2-b1cf-fadb74402f0a</AD_Table_ID>
                    <AD_Reference_Value_ID reference="id">110</AD_Reference_Value_ID>
                    <AD_Client_ID>0</AD_Client_ID>
                    <AD_Org_ID>0</AD_Org_ID>
                    <SeqNoSelection/>
                    <Version>0.0</Version>
                    <ValueMax/>
                    <IsMandatory>false</IsMandatory>
                    <IsTranslated>false</IsTranslated>
                    <IsIdentifier>false</IsIdentifier>
                    <SeqNo/>
                    <ValueMin/>
                    <IsParent>false</IsParent>
                    <FieldLength>10</FieldLength>
                    <IsSelectionColumn>false</IsSelectionColumn>
                    <IsKey>false</IsKey>
                    <AD_Process_ID reference="id"/>
                    <ReadOnlyLogic/>
                    <IsAutocomplete>false</IsAutocomplete>
                    <IsAllowLogging>true</IsAllowLogging>
                    <MandatoryLogic/>
                    <FormatPattern/>
                    <AD_Column_UU>e453a1b2-2564-4c32-94f0-66b085141c5b</AD_Column_UU>
                    <IsUpdateable>false</IsUpdateable>
                    <Callout/>
                    <ColumnName>UpdatedBy</ColumnName>
                    <Description>User who updated this records</Description>
                    <ColumnSQL/>
                    <DefaultValue/>
                    <Help>The Updated By field indicates the user who updated this record.</Help>
                    <Name>Updated By</Name>
                    <IsAllowCopy>false</IsAllowCopy>
                    <IsActive>true</IsActive>
                    <IsToolbarButton>false</IsToolbarButton>
                    <IsAlwaysUpdateable>false</IsAlwaysUpdateable>
                    <EntityType>U</EntityType>
                    <VFormat/>
                    <IsEncrypted>N</IsEncrypted>
                    <IsSecure>false</IsSecure>
                    <AD_Chart_ID reference="id"/>
                    <FKConstraintType>N</FKConstraintType>
                    <FKConstraintName/>
                    <AD_Element_ID reference="id">608</AD_Element_ID>
                    <AD_Reference_ID reference="id">30</AD_Reference_ID>
                    <AD_Val_Rule_ID reference="id"/>
                </AD_Column>
            </AD_Table>
            <AD_Tab type="table">
                <AD_Client_ID>0</AD_Client_ID>
                <AD_Org_ID>0</AD_Org_ID>
                <ImportFields>N</ImportFields>
                <Processing>false</Processing>
                <IsSingleRow>false</IsSingleRow>
                <AD_Window_ID reference="uuid" reference-key="AD_Window">3531a9f7-87a8-459e-bf5d-cf28658dca78</AD_Window_ID>
                <SeqNo>10</SeqNo>
                <Help/>
                <IsTranslationTab>false</IsTranslationTab>
                <AD_Process_ID reference="id"/>
                <IsSortTab>false</IsSortTab>
                <CommitWarning/>
                <HasTree>false</HasTree>
                <IsInfoTab>false</IsInfoTab>
                <WhereClause/>
                <IsReadOnly>false</IsReadOnly>
                <IsInsertRecord>true</IsInsertRecord>
                <IsAdvancedTab>false</IsAdvancedTab>
                <DisplayLogic/>
                <TabLevel>0</TabLevel>
                <AD_Tab_UU>6388a4e5-1f4e-4440-894d-ac344496985e</AD_Tab_UU>
                <EntityType>U</EntityType>
                <Parent_Column_ID reference="id"/>
                <Name>Search</Name>
                <Description/>
                <OrderByClause/>
                <ReadOnlyLogic/>
                <IsActive>true</IsActive>
                <AD_CtxHelp_ID reference="id"/>
                <AD_Column_ID reference="id"/>
                <AD_Table_ID reference="uuid" reference-key="AD_Table">2d957a3c-a5bf-44d2-b1cf-fadb74402f0a</AD_Table_ID>
                <AD_ColumnSortOrder_ID reference="id"/>
                <AD_ColumnSortYesNo_ID reference="id"/>
                <AD_Image_ID reference="id"/>
                <Included_Tab_ID reference="id"/>
                <AD_Tab_Trl type="translation">
                    <Help/>
                    <CommitWarning/>
                    <Name>Search</Name>
                    <Description/>
                    <AD_Language>es_CO</AD_Language>
                    <IsActive>true</IsActive>
                    <IsTranslated>false</IsTranslated>
                </AD_Tab_Trl>
                <AD_Field type="table">
                    <AD_Client_ID>0</AD_Client_ID>
                    <AD_Org_ID>0</AD_Org_ID>
                    <SortNo/>
                    <IsEncrypted>false</IsEncrypted>
                    <AD_Tab_ID reference="uuid" reference-key="AD_Tab">6388a4e5-1f4e-4440-894d-ac344496985e</AD_Tab_ID>
                    <DisplayLength>10</DisplayLength>
                    <IsSameLine>false</IsSameLine>
                    <IsHeading>false</IsHeading>
                    <SeqNo>10</SeqNo>
                    <IsCentrallyMaintained>true</IsCentrallyMaintained>
                    <IsReadOnly>false</IsReadOnly>
                    <Help>A Client is a company or a legal entity. You cannot share data between Clients. Tenant is a synonym for Client.</Help>
                    <ObscureType/>
                    <DisplayLogic/>
                    <IsMandatory/>
                    <AD_Val_Rule_ID reference="id"/>
                    <Included_Tab_ID reference="id"/>
                    <Description>Client/Tenant for this installation.</Description>
                    <Name>Client</Name>
                    <AD_Field_UU>49fa7740-9791-4b97-8fc2-0957ca7cd9e9</AD_Field_UU>
                    <IsDisplayed>true</IsDisplayed>
                    <IsFieldOnly>false</IsFieldOnly>
                    <DefaultValue/>
                    <IsAllowCopy/>
                    <IsDisplayedGrid>false</IsDisplayedGrid>
                    <IsActive>true</IsActive>
                    <SeqNoGrid/>
                    <XPosition>1</XPosition>
                    <IsQuickEntry>false</IsQuickEntry>
                    <MandatoryLogic/>
                    <IsUpdateable/>
                    <IsAlwaysUpdateable/>
                    <ReadOnlyLogic/>
                    <IsToolbarButton/>
                    <ColumnSpan>2</ColumnSpan>
                    <NumLines>1</NumLines>
                    <IsAdvancedField>false</IsAdvancedField>
                    <IsDefaultFocus>false</IsDefaultFocus>
                    <AD_Column_ID reference="uuid" reference-key="AD_Column">436c8248-683c-4715-a66c-47fe7d342174</AD_Column_ID>
                    <AD_FieldGroup_ID reference="id"/>
                    <AD_Reference_ID reference="id"/>
                    <AD_Reference_Value_ID reference="id"/>
                    <EntityType>U</EntityType>
                    <AD_Field_Trl type="translation">
                        <Help>A Client is a company or a legal entity. You cannot share data between Clients. Tenant is a synonym for Client.</Help>
                        <Description>Client/Tenant for this installation.</Description>
                        <Name>Client</Name>
                        <AD_Language>es_CO</AD_Language>
                        <IsActive>true</IsActive>
                        <IsTranslated>false</IsTranslated>
                    </AD_Field_Trl>
                </AD_Field>
                <AD_Field type="table">
                    <AD_Client_ID>0</AD_Client_ID>
                    <AD_Org_ID>0</AD_Org_ID>
                    <SortNo/>
                    <IsEncrypted>false</IsEncrypted>
                    <AD_Tab_ID reference="uuid" reference-key="AD_Tab">6388a4e5-1f4e-4440-894d-ac344496985e</AD_Tab_ID>
                    <DisplayLength>131089</DisplayLength>
                    <IsSameLine>false</IsSameLine>
                    <IsHeading>false</IsHeading>
                    <SeqNo>20</SeqNo>
                    <IsCentrallyMaintained>true</IsCentrallyMaintained>
                    <IsReadOnly>false</IsReadOnly>
                    <Help>An organization is a unit of your client or legal entity - examples are store, department. You can share data between organizations.</Help>
                    <ObscureType/>
                    <DisplayLogic/>
                    <IsMandatory/>
                    <AD_Val_Rule_ID reference="id"/>
                    <Included_Tab_ID reference="id"/>
                    <Description>Organizational entity within client</Description>
                    <Name>Organization</Name>
                    <AD_Field_UU>508556a7-c923-4410-93ed-5d8334b6d9ad</AD_Field_UU>
                    <IsDisplayed>true</IsDisplayed>
                    <IsFieldOnly>false</IsFieldOnly>
                    <DefaultValue/>
                    <IsAllowCopy>Y</IsAllowCopy>
                    <IsDisplayedGrid>true</IsDisplayedGrid>
                    <IsActive>true</IsActive>
                    <SeqNoGrid>10</SeqNoGrid>
                    <XPosition>1</XPosition>
                    <IsQuickEntry>false</IsQuickEntry>
                    <MandatoryLogic/>
                    <IsUpdateable/>
                    <IsAlwaysUpdateable/>
                    <ReadOnlyLogic/>
                    <IsToolbarButton/>
                    <ColumnSpan>2</ColumnSpan>
                    <NumLines>1</NumLines>
                    <IsAdvancedField>false</IsAdvancedField>
                    <IsDefaultFocus>false</IsDefaultFocus>
                    <AD_Column_ID reference="uuid" reference-key="AD_Column">a7017d0a-b776-4eab-8173-32bf781497ee</AD_Column_ID>
                    <AD_FieldGroup_ID reference="id"/>
                    <AD_Reference_ID reference="id"/>
                    <AD_Reference_Value_ID reference="id"/>
                    <EntityType>U</EntityType>
                    <AD_Field_Trl type="translation">
                        <Help>An organization is a unit of your client or legal entity - examples are store, department. You can share data between organizations.</Help>
                        <Description>Organizational entity within client</Description>
                        <Name>Organization</Name>
                        <AD_Language>es_CO</AD_Language>
                        <IsActive>true</IsActive>
                        <IsTranslated>false</IsTranslated>
                    </AD_Field_Trl>
                </AD_Field>
                <AD_Field type="table">
                    <AD_Client_ID>0</AD_Client_ID>
                    <AD_Org_ID>0</AD_Org_ID>
                    <SortNo/>
                    <IsEncrypted>false</IsEncrypted>
                    <AD_Tab_ID reference="uuid" reference-key="AD_Tab">6388a4e5-1f4e-4440-894d-ac344496985e</AD_Tab_ID>
                    <DisplayLength>2147483647</DisplayLength>
                    <IsSameLine>false</IsSameLine>
                    <IsHeading>false</IsHeading>
                    <SeqNo>30</SeqNo>
                    <IsCentrallyMaintained>true</IsCentrallyMaintained>
                    <IsReadOnly>false</IsReadOnly>
                    <Help>A search key allows you a fast method of finding a particular record.
If you leave the search key empty, the system automatically creates a numeric number.  The document sequence used for this fallback number is defined in the "Maintain Sequence" window with the name "DocumentNo_&lt;TableName&gt;", where TableName is the actual name of the table (e.g. C_Order).</Help>
                    <ObscureType/>
                    <DisplayLogic/>
                    <IsMandatory/>
                    <AD_Val_Rule_ID reference="id"/>
                    <Included_Tab_ID reference="id"/>
                    <Description>Search key for the record in the format required - must be unique</Description>
                    <Name>Search Key</Name>
                    <AD_Field_UU>36a5e06c-777d-42f7-ba71-65e3e6cc43c8</AD_Field_UU>
                    <IsDisplayed>true</IsDisplayed>
                    <IsFieldOnly>false</IsFieldOnly>
                    <DefaultValue/>
                    <IsAllowCopy/>
                    <IsDisplayedGrid>true</IsDisplayedGrid>
                    <IsActive>true</IsActive>
                    <SeqNoGrid>20</SeqNoGrid>
                    <XPosition>1</XPosition>
                    <IsQuickEntry>false</IsQuickEntry>
                    <MandatoryLogic/>
                    <IsUpdateable/>
                    <IsAlwaysUpdateable/>
                    <ReadOnlyLogic/>
                    <IsToolbarButton/>
                    <ColumnSpan>2</ColumnSpan>
                    <NumLines>1</NumLines>
                    <IsAdvancedField>false</IsAdvancedField>
                    <IsDefaultFocus>false</IsDefaultFocus>
                    <AD_Column_ID reference="uuid" reference-key="AD_Column">98107d03-fcbe-42fc-ba7e-ac7b1169d9e1</AD_Column_ID>
                    <AD_FieldGroup_ID reference="id"/>
                    <AD_Reference_ID reference="id"/>
                    <AD_Reference_Value_ID reference="id"/>
                    <EntityType>U</EntityType>
                    <AD_Field_Trl type="translation">
                        <Help>A search key allows you a fast method of finding a particular record.
If you leave the search key empty, the system automatically creates a numeric number.  The document sequence used for this fallback number is defined in the "Maintain Sequence" window with the name "DocumentNo_&lt;TableName&gt;", where TableName is the actual name of the table (e.g. C_Order).</Help>
                        <Description>Search key for the record in the format required - must be unique</Description>
                        <Name>Search Key</Name>
                        <AD_Language>es_CO</AD_Language>
                        <IsActive>true</IsActive>
                        <IsTranslated>false</IsTranslated>
                    </AD_Field_Trl>
                </AD_Field>
                <AD_Field type="table">
                    <AD_Client_ID>0</AD_Client_ID>
                    <AD_Org_ID>0</AD_Org_ID>
                    <SortNo/>
                    <IsEncrypted>false</IsEncrypted>
                    <AD_Tab_ID reference="uuid" reference-key="AD_Tab">6388a4e5-1f4e-4440-894d-ac344496985e</AD_Tab_ID>
                    <DisplayLength>10</DisplayLength>
                    <IsSameLine>false</IsSameLine>
                    <IsHeading>false</IsHeading>
                    <SeqNo>40</SeqNo>
                    <IsCentrallyMaintained>true</IsCentrallyMaintained>
                    <IsReadOnly>true</IsReadOnly>
                    <Help>The Record ID is the internal unique identifier of a record. Please note that zooming to the record may not be successful for Orders, Invoices and Shipment/Receipts as sometimes the Sales Order type is not known.</Help>
                    <ObscureType/>
                    <DisplayLogic/>
                    <IsMandatory/>
                    <AD_Val_Rule_ID reference="id"/>
                    <Included_Tab_ID reference="id"/>
                    <Description>Direct internal record ID</Description>
                    <Name>Record ID</Name>
                    <AD_Field_UU>a4ad0477-9a9d-4b04-8d12-e5c841c8d8ca</AD_Field_UU>
                    <IsDisplayed>true</IsDisplayed>
                    <IsFieldOnly>false</IsFieldOnly>
                    <DefaultValue/>
                    <IsAllowCopy/>
                    <IsDisplayedGrid>true</IsDisplayedGrid>
                    <IsActive>true</IsActive>
                    <SeqNoGrid>30</SeqNoGrid>
                    <XPosition>1</XPosition>
                    <IsQuickEntry>false</IsQuickEntry>
                    <MandatoryLogic/>
                    <IsUpdateable/>
                    <IsAlwaysUpdateable/>
                    <ReadOnlyLogic/>
                    <IsToolbarButton/>
                    <ColumnSpan>2</ColumnSpan>
                    <NumLines>1</NumLines>
                    <IsAdvancedField>false</IsAdvancedField>
                    <IsDefaultFocus>false</IsDefaultFocus>
                    <AD_Column_ID reference="uuid" reference-key="AD_Column">40e05ceb-9118-4e85-95d1-e1e97852e90d</AD_Column_ID>
                    <AD_FieldGroup_ID reference="id"/>
                    <AD_Reference_ID reference="id"/>
                    <AD_Reference_Value_ID reference="id"/>
                    <EntityType>U</EntityType>
                    <AD_Field_Trl type="translation">
                        <Help>The Record ID is the internal unique identifier of a record. Please note that zooming to the record may not be successful for Orders, Invoices and Shipment/Receipts as sometimes the Sales Order type is not known.</Help>
                        <Description>Direct internal record ID</Description>
                        <Name>Record ID</Name>
                        <AD_Language>es_CO</AD_Language>
                        <IsActive>true</IsActive>
                        <IsTranslated>false</IsTranslated>
                    </AD_Field_Trl>
                </AD_Field>
                <AD_Field type="table">
                    <AD_Client_ID>0</AD_Client_ID>
                    <AD_Org_ID>0</AD_Org_ID>
                    <SortNo/>
                    <IsEncrypted>false</IsEncrypted>
                    <AD_Tab_ID reference="uuid" reference-key="AD_Tab">6388a4e5-1f4e-4440-894d-ac344496985e</AD_Tab_ID>
                    <DisplayLength>131089</DisplayLength>
                    <IsSameLine>false</IsSameLine>
                    <IsHeading>false</IsHeading>
                    <SeqNo>50</SeqNo>
                    <IsCentrallyMaintained>true</IsCentrallyMaintained>
                    <IsReadOnly>false</IsReadOnly>
                    <Help>The Database Table provides the information of the table definition</Help>
                    <ObscureType/>
                    <DisplayLogic/>
                    <IsMandatory/>
                    <AD_Val_Rule_ID reference="id"/>
                    <Included_Tab_ID reference="id"/>
                    <Description>Database Table information</Description>
                    <Name>Table</Name>
                    <AD_Field_UU>642661d2-085e-4c33-9790-e2eee3442b1d</AD_Field_UU>
                    <IsDisplayed>true</IsDisplayed>
                    <IsFieldOnly>false</IsFieldOnly>
                    <DefaultValue/>
                    <IsAllowCopy/>
                    <IsDisplayedGrid>true</IsDisplayedGrid>
                    <IsActive>true</IsActive>
                    <SeqNoGrid>40</SeqNoGrid>
                    <XPosition>1</XPosition>
                    <IsQuickEntry>false</IsQuickEntry>
                    <MandatoryLogic/>
                    <IsUpdateable/>
                    <IsAlwaysUpdateable/>
                    <ReadOnlyLogic/>
                    <IsToolbarButton/>
                    <ColumnSpan>5</ColumnSpan>
                    <NumLines>1</NumLines>
                    <IsAdvancedField>false</IsAdvancedField>
                    <IsDefaultFocus>false</IsDefaultFocus>
                    <AD_Column_ID reference="uuid" reference-key="AD_Column">b9aaf40c-d597-4de6-90a5-33d93845cecc</AD_Column_ID>
                    <AD_FieldGroup_ID reference="id"/>
                    <AD_Reference_ID reference="id"/>
                    <AD_Reference_Value_ID reference="id"/>
                    <EntityType>U</EntityType>
                    <AD_Field_Trl type="translation">
                        <Help>The Database Table provides the information of the table definition</Help>
                        <Description>Database Table information</Description>
                        <Name>Table</Name>
                        <AD_Language>es_CO</AD_Language>
                        <IsActive>true</IsActive>
                        <IsTranslated>false</IsTranslated>
                    </AD_Field_Trl>
                </AD_Field>
            </AD_Tab>
        </AD_Window>
    </AD_Menu>
    <AD_Package_Exp type="table">
        <AD_Client_ID>0</AD_Client_ID>
        <AD_Org_ID>0</AD_Org_ID>
        <Processing>false</Processing>
        <Version/>
        <Processed>false</Processed>
        <PK_Version>0.1</PK_Version>
        <AD_Package_Type>X</AD_Package_Type>
        <Description>Single window to find almost any record</Description>
        <Name>AdvSearch</Name>
        <UserName/>
        <AD_Package_Exp_UU>d6752540-66de-4e13-be5b-1972faf26c50</AD_Package_Exp_UU>
        <IsActive>true</IsActive>
        <File_Directory/>
        <EMail/>
        <Instructions/>
        <ReleaseNo/>
        <DateFrom/>
        <IsExportDictionaryEntity>false</IsExportDictionaryEntity>
        <AD_Package_Exp_Detail type="table">
            <AD_Client_ID>0</AD_Client_ID>
            <AD_Org_ID>0</AD_Org_ID>
            <SQLStatement>create or replace view chuboe_advsearch as
Select value, m_product_id as record_id, 208::numeric as ad_table_id,
ad_client_id, 0::numeric as ad_org_id, created, createdby, updated, updatedby
from M_Product
union all
Select Name, m_product_id as record_id, 208::numeric as ad_table_id,
ad_client_id, 0::numeric as ad_org_id, created, createdby, updated, updatedby
from M_Product
union all
Select UPC, m_product_id as record_id, 208::numeric as ad_table_id,
ad_client_id, 0::numeric as ad_org_id, created, createdby, updated, updatedby
from M_Product
union all
Select sku, m_product_id as record_id, 208::numeric as ad_table_id,
ad_client_id, 0::numeric as ad_org_id, created, createdby, updated, updatedby
from M_Product
union all
Select name, c_bpartner_id as record_id, 291::numeric as ad_table_id,
ad_client_id, 0::numeric as ad_org_id, created, createdby, updated, updatedby
from c_bpartner
union all
Select name2, c_bpartner_id as record_id, 291::numeric as ad_table_id,
ad_client_id, 0::numeric as ad_org_id, created, createdby, updated, updatedby
from c_bpartner
union all
Select ReferenceNo, c_bpartner_id as record_id, 291::numeric as ad_table_id,
ad_client_id, 0::numeric as ad_org_id, created, createdby, updated, updatedby
from c_bpartner
union all
Select name, ad_user_id as record_id, 114::numeric as ad_table_id,
ad_client_id, 0::numeric as ad_org_id, created, createdby, updated, updatedby
from ad_user
union all
Select email, ad_user_id as record_id, 114::numeric as ad_table_id,
ad_client_id, 0::numeric as ad_org_id, created, createdby, updated, updatedby
from ad_user
union all
Select name, c_bpartner_location_id as record_id, 293::numeric as ad_table_id,
ad_client_id, 0::numeric as ad_org_id, created, createdby, updated, updatedby
from c_bpartner_location;</SQLStatement>
            <AD_Table_ID reference="id"/>
            <ReleaseNo/>
            <AD_Window_ID reference="id"/>
            <Target_Directory/>
            <DBType>ALL</DBType>
            <Destination_Directory/>
            <Processed>false</Processed>
            <AD_Workbench_ID reference="id"/>
            <AD_Package_Code_Old/>
            <AD_ImpFormat_ID reference="id"/>
            <AD_ReportView_ID reference="id"/>
            <AD_Val_Rule_ID reference="id"/>
            <AD_Package_Code_New/>
            <Name2/>
            <Destination_FileName/>
            <FileName/>
            <Description/>
            <AD_Package_Exp_Detail_UU>5d6e3ccc-eed8-420d-91c9-071dbf230364</AD_Package_Exp_Detail_UU>
            <Type>SQL</Type>
            <Processing>false</Processing>
            <IsActive>true</IsActive>
            <Line>10</Line>
            <File_Directory/>
            <AD_EntityType_ID reference="id"/>
            <AD_Form_ID reference="id"/>
            <AD_Menu_ID reference="id"/>
            <AD_Message_ID reference="id"/>
            <AD_ModelValidator_ID reference="id"/>
            <AD_Package_Exp_ID reference="uuid" reference-key="AD_Package_Exp">d6752540-66de-4e13-be5b-1972faf26c50</AD_Package_Exp_ID>
            <AD_PrintFormat_ID reference="id"/>
            <AD_Process_ID reference="id"/>
            <AD_Reference_ID reference="id"/>
            <AD_Role_ID reference="id">0</AD_Role_ID>
            <AD_Workflow_ID reference="id"/>
        </AD_Package_Exp_Detail>
        <AD_Package_Exp_Detail type="table">
            <AD_Client_ID>0</AD_Client_ID>
            <AD_Org_ID>0</AD_Org_ID>
            <SQLStatement/>
            <AD_Table_ID reference="id"/>
            <ReleaseNo/>
            <AD_Window_ID reference="id"/>
            <Target_Directory/>
            <DBType>ALL</DBType>
            <Destination_Directory/>
            <Processed>false</Processed>
            <AD_Workbench_ID reference="id"/>
            <AD_Package_Code_Old/>
            <AD_ImpFormat_ID reference="id"/>
            <AD_ReportView_ID reference="id"/>
            <AD_Val_Rule_ID reference="id"/>
            <AD_Package_Code_New/>
            <Name2/>
            <Destination_FileName/>
            <FileName/>
            <Description/>
            <AD_Package_Exp_Detail_UU>3faf3eea-a605-4f7b-a12b-59e88ce58e64</AD_Package_Exp_Detail_UU>
            <Type>M</Type>
            <Processing>false</Processing>
            <IsActive>true</IsActive>
            <Line>20</Line>
            <File_Directory/>
            <AD_EntityType_ID reference="id"/>
            <AD_Form_ID reference="id"/>
            <AD_Menu_ID reference="uuid" reference-key="AD_Menu">36fd796b-7474-4e40-ab32-cc12d8c6058e</AD_Menu_ID>
            <AD_Message_ID reference="id"/>
            <AD_ModelValidator_ID reference="id"/>
            <AD_Package_Exp_ID reference="uuid" reference-key="AD_Package_Exp">d6752540-66de-4e13-be5b-1972faf26c50</AD_Package_Exp_ID>
            <AD_PrintFormat_ID reference="id"/>
            <AD_Process_ID reference="id"/>
            <AD_Reference_ID reference="id"/>
            <AD_Role_ID reference="id">0</AD_Role_ID>
            <AD_Workflow_ID reference="id"/>
        </AD_Package_Exp_Detail>
        <AD_Package_Exp_Detail type="table">
            <AD_Client_ID>0</AD_Client_ID>
            <AD_Org_ID>0</AD_Org_ID>
            <SQLStatement>SELECT * FROM AD_Package_Exp WHERE AD_Package_Exp_UU='d6752540-66de-4e13-be5b-1972faf26c50';AD_Package_Exp_Detail</SQLStatement>
            <AD_Table_ID reference="id">50005</AD_Table_ID>
            <ReleaseNo/>
            <AD_Window_ID reference="id"/>
            <Target_Directory/>
            <DBType>ALL</DBType>
            <Destination_Directory/>
            <Processed>false</Processed>
            <AD_Workbench_ID reference="id"/>
            <AD_Package_Code_Old/>
            <AD_ImpFormat_ID reference="id"/>
            <AD_ReportView_ID reference="id"/>
            <AD_Val_Rule_ID reference="id"/>
            <AD_Package_Code_New/>
            <Name2/>
            <Destination_FileName/>
            <FileName/>
            <Description/>
            <AD_Package_Exp_Detail_UU>1705a620-7f76-40ac-add1-565efb5a2e89</AD_Package_Exp_Detail_UU>
            <Type>D</Type>
            <Processing>false</Processing>
            <IsActive>true</IsActive>
            <Line>30</Line>
            <File_Directory/>
            <AD_EntityType_ID reference="id"/>
            <AD_Form_ID reference="id"/>
            <AD_Menu_ID reference="id"/>
            <AD_Message_ID reference="id"/>
            <AD_ModelValidator_ID reference="id"/>
            <AD_Package_Exp_ID reference="uuid" reference-key="AD_Package_Exp">d6752540-66de-4e13-be5b-1972faf26c50</AD_Package_Exp_ID>
            <AD_PrintFormat_ID reference="id"/>
            <AD_Process_ID reference="id"/>
            <AD_Reference_ID reference="id"/>
            <AD_Role_ID reference="id">0</AD_Role_ID>
            <AD_Workflow_ID reference="id"/>
        </AD_Package_Exp_Detail>
    </AD_Package_Exp>
</idempiere>
