<?xml version="1.0" encoding="UTF-8"?>
<idempiere Name="PA_ReportLineSet" Version="1.0.0" idempiereVersion="2.0.0.v20140728-0509" DataBaseVersion="2013-10-31" Description="" Author="SuperUser" AuthorEmail="superuser @ idempiere.com" CreatedDate="Fri Sep 12 22:10:01 UTC 2014" UpdatedDate="Fri Sep 12 22:10:01 UTC 2014" PackOutVersion="100" UpdateDictionary="true" Client="11-GardenWorld-GardenWorld" AD_Client_UU="3268b9a8-10d8-466d-96e5-aa01166408fa">
    <PA_ReportLineSet type="table">
        <AD_Client_ID reference="id">11</AD_Client_ID>
        <AD_Org_ID reference="id">11</AD_Org_ID>
        <Processing>false</Processing>
        <PA_ReportLineSet_ID>100</PA_ReportLineSet_ID>
        <Name>Balance Sheet</Name>
        <Description>US Format Balance Sheet</Description>
        <PA_ReportLineSet_UU>d9875171-befe-4527-bbf3-ef630cbc921e</PA_ReportLineSet_UU>
        <IsActive>true</IsActive>
        <PA_ReportLine type="table">
            <AD_Client_ID reference="id">11</AD_Client_ID>
            <AD_Org_ID reference="id">11</AD_Org_ID>
            <IsPrinted>true</IsPrinted>
            <PA_ReportLine_ID>100</PA_ReportLine_ID>
            <Oper_2_ID reference="id"/>
            <SeqNo>10</SeqNo>
            <PA_ReportLineSet_ID reference="id">100</PA_ReportLineSet_ID>
            <Oper_1_ID reference="id"/>
            <PostingType/>
            <LineType>S</LineType>
            <CalculationType/>
            <PAAmountType/>
            <PAPeriodType/>
            <Description>Assets</Description>
            <Name>1</Name>
            <PA_ReportLine_UU>2d209adc-c356-44f5-8e0c-51f952a1b77f</PA_ReportLine_UU>
            <IsActive>true</IsActive>
            <IsInverseDebitCreditOnly>false</IsInverseDebitCreditOnly>
            <GL_Budget_ID reference="id"/>
        </PA_ReportLine>
        <PA_ReportLine type="table">
            <AD_Client_ID reference="id">11</AD_Client_ID>
            <AD_Org_ID reference="id">11</AD_Org_ID>
            <IsPrinted>true</IsPrinted>
            <PA_ReportLine_ID>102</PA_ReportLine_ID>
            <Oper_2_ID reference="id"/>
            <SeqNo>30</SeqNo>
            <PA_ReportLineSet_ID reference="id">100</PA_ReportLineSet_ID>
            <Oper_1_ID reference="id"/>
            <PostingType/>
            <LineType>S</LineType>
            <CalculationType/>
            <PAAmountType/>
            <PAPeriodType/>
            <Description>Accounts Receivable</Description>
            <Name>12</Name>
            <PA_ReportLine_UU>c49c2067-d41c-4c1c-a447-68d60b4bb8d7</PA_ReportLine_UU>
            <IsActive>true</IsActive>
            <IsInverseDebitCreditOnly>false</IsInverseDebitCreditOnly>
            <GL_Budget_ID reference="id"/>
            <PA_ReportSource type="table">
                <AD_Client_ID reference="id">11</AD_Client_ID>
                <AD_Org_ID reference="id">11</AD_Org_ID>
                <PA_ReportLine_ID reference="id">102</PA_ReportLine_ID>
                <C_Project_ID reference="id"/>
                <C_SalesRegion_ID reference="id"/>
                <M_Product_ID reference="id"/>
                <ElementType>AC</ElementType>
                <C_Campaign_ID reference="id"/>
                <PA_ReportSource_UU>559e603a-3160-4c73-b72e-aeaa0827e418</PA_ReportSource_UU>
                <C_Activity_ID reference="id"/>
                <PA_ReportSource_ID>127</PA_ReportSource_ID>
                <C_BPartner_ID reference="id"/>
                <IsIncludeNullsProduct>false</IsIncludeNullsProduct>
                <IsIncludeNullsOrg>false</IsIncludeNullsOrg>
                <IsIncludeNullsElementValue>false</IsIncludeNullsElementValue>
                <IsIncludeNullsBPartner>false</IsIncludeNullsBPartner>
                <IsIncludeNullsLocation>false</IsIncludeNullsLocation>
                <IsIncludeNullsProject>false</IsIncludeNullsProject>
                <IsIncludeNullsSalesRegion>false</IsIncludeNullsSalesRegion>
                <IsIncludeNullsActivity>false</IsIncludeNullsActivity>
                <IsIncludeNullsCampaign>false</IsIncludeNullsCampaign>
                <IsIncludeNullsUserElement1>false</IsIncludeNullsUserElement1>
                <IsIncludeNullsUserElement2>false</IsIncludeNullsUserElement2>
                <IsIncludeNullsOrgTrx>false</IsIncludeNullsOrgTrx>
                <Description/>
                <IsActive>true</IsActive>
                <UserElement1_ID reference="id"/>
                <Org_ID reference="id"/>
                <AD_OrgTrx_ID reference="id"/>
                <C_ElementValue_ID reference="id">517</C_ElementValue_ID>
                <C_Location_ID reference="id"/>
                <UserElement2_ID reference="id"/>
            </PA_ReportSource>
        </PA_ReportLine>
        <PA_ReportLine type="table">
            <AD_Client_ID reference="id">11</AD_Client_ID>
            <AD_Org_ID reference="id">11</AD_Org_ID>
            <IsPrinted>true</IsPrinted>
            <PA_ReportLine_ID>103</PA_ReportLine_ID>
            <Oper_2_ID reference="id"/>
            <SeqNo>40</SeqNo>
            <PA_ReportLineSet_ID reference="id">100</PA_ReportLineSet_ID>
            <Oper_1_ID reference="id"/>
            <PostingType/>
            <LineType>S</LineType>
            <CalculationType/>
            <PAAmountType/>
            <PAPeriodType/>
            <Description>Investments</Description>
            <Name>13</Name>
            <PA_ReportLine_UU>55f7afb1-9db1-4c9a-88a2-c22938302fc6</PA_ReportLine_UU>
            <IsActive>true</IsActive>
            <IsInverseDebitCreditOnly>false</IsInverseDebitCreditOnly>
            <GL_Budget_ID reference="id"/>
            <PA_ReportSource type="table">
                <AD_Client_ID reference="id">11</AD_Client_ID>
                <AD_Org_ID reference="id">11</AD_Org_ID>
                <PA_ReportLine_ID reference="id">103</PA_ReportLine_ID>
                <C_Project_ID reference="id"/>
                <C_SalesRegion_ID reference="id"/>
                <M_Product_ID reference="id"/>
                <ElementType>AC</ElementType>
                <C_Campaign_ID reference="id"/>
                <PA_ReportSource_UU>cf8d8505-8e9e-485c-9d3c-4fb87781a781</PA_ReportSource_UU>
                <C_Activity_ID reference="id"/>
                <PA_ReportSource_ID>206</PA_ReportSource_ID>
                <C_BPartner_ID reference="id"/>
                <IsIncludeNullsProduct>false</IsIncludeNullsProduct>
                <IsIncludeNullsOrg>false</IsIncludeNullsOrg>
                <IsIncludeNullsElementValue>false</IsIncludeNullsElementValue>
                <IsIncludeNullsBPartner>false</IsIncludeNullsBPartner>
                <IsIncludeNullsLocation>false</IsIncludeNullsLocation>
                <IsIncludeNullsProject>false</IsIncludeNullsProject>
                <IsIncludeNullsSalesRegion>false</IsIncludeNullsSalesRegion>
                <IsIncludeNullsActivity>false</IsIncludeNullsActivity>
                <IsIncludeNullsCampaign>false</IsIncludeNullsCampaign>
                <IsIncludeNullsUserElement1>false</IsIncludeNullsUserElement1>
                <IsIncludeNullsUserElement2>false</IsIncludeNullsUserElement2>
                <IsIncludeNullsOrgTrx>false</IsIncludeNullsOrgTrx>
                <Description/>
                <IsActive>true</IsActive>
                <UserElement1_ID reference="id"/>
                <Org_ID reference="id"/>
                <AD_OrgTrx_ID reference="id"/>
                <C_ElementValue_ID reference="id">537</C_ElementValue_ID>
                <C_Location_ID reference="id"/>
                <UserElement2_ID reference="id"/>
            </PA_ReportSource>
        </PA_ReportLine>
        <PA_ReportLine type="table">
            <AD_Client_ID reference="id">11</AD_Client_ID>
            <AD_Org_ID reference="id">11</AD_Org_ID>
            <IsPrinted>true</IsPrinted>
            <PA_ReportLine_ID>104</PA_ReportLine_ID>
            <Oper_2_ID reference="id"/>
            <SeqNo>50</SeqNo>
            <PA_ReportLineSet_ID reference="id">100</PA_ReportLineSet_ID>
            <Oper_1_ID reference="id"/>
            <PostingType/>
            <LineType>S</LineType>
            <CalculationType/>
            <PAAmountType/>
            <PAPeriodType/>
            <Description>Inventory</Description>
            <Name>14</Name>
            <PA_ReportLine_UU>f592a1a9-8517-49aa-8c69-8d91701e1d15</PA_ReportLine_UU>
            <IsActive>true</IsActive>
            <IsInverseDebitCreditOnly>false</IsInverseDebitCreditOnly>
            <GL_Budget_ID reference="id"/>
            <PA_ReportSource type="table">
                <AD_Client_ID reference="id">11</AD_Client_ID>
                <AD_Org_ID reference="id">11</AD_Org_ID>
                <PA_ReportLine_ID reference="id">104</PA_ReportLine_ID>
                <C_Project_ID reference="id"/>
                <C_SalesRegion_ID reference="id"/>
                <M_Product_ID reference="id"/>
                <ElementType>AC</ElementType>
                <C_Campaign_ID reference="id"/>
                <PA_ReportSource_UU>9ac8d5b5-cadb-4a04-8987-2f579151a10d</PA_ReportSource_UU>
                <C_Activity_ID reference="id"/>
                <PA_ReportSource_ID>102</PA_ReportSource_ID>
                <C_BPartner_ID reference="id"/>
                <IsIncludeNullsProduct>false</IsIncludeNullsProduct>
                <IsIncludeNullsOrg>false</IsIncludeNullsOrg>
                <IsIncludeNullsElementValue>false</IsIncludeNullsElementValue>
                <IsIncludeNullsBPartner>false</IsIncludeNullsBPartner>
                <IsIncludeNullsLocation>false</IsIncludeNullsLocation>
                <IsIncludeNullsProject>false</IsIncludeNullsProject>
                <IsIncludeNullsSalesRegion>false</IsIncludeNullsSalesRegion>
                <IsIncludeNullsActivity>false</IsIncludeNullsActivity>
                <IsIncludeNullsCampaign>false</IsIncludeNullsCampaign>
                <IsIncludeNullsUserElement1>false</IsIncludeNullsUserElement1>
                <IsIncludeNullsUserElement2>false</IsIncludeNullsUserElement2>
                <IsIncludeNullsOrgTrx>false</IsIncludeNullsOrgTrx>
                <Description/>
                <IsActive>true</IsActive>
                <UserElement1_ID reference="id"/>
                <Org_ID reference="id"/>
                <AD_OrgTrx_ID reference="id"/>
                <C_ElementValue_ID reference="id">541</C_ElementValue_ID>
                <C_Location_ID reference="id"/>
                <UserElement2_ID reference="id"/>
            </PA_ReportSource>
        </PA_ReportLine>
        <PA_ReportLine type="table">
            <AD_Client_ID reference="id">11</AD_Client_ID>
            <AD_Org_ID reference="id">11</AD_Org_ID>
            <IsPrinted>true</IsPrinted>
            <PA_ReportLine_ID>106</PA_ReportLine_ID>
            <Oper_2_ID reference="id">105</Oper_2_ID>
            <SeqNo>70</SeqNo>
            <PA_ReportLineSet_ID reference="id">100</PA_ReportLineSet_ID>
            <Oper_1_ID reference="id">101</Oper_1_ID>
            <PostingType/>
            <LineType>C</LineType>
            <CalculationType>R</CalculationType>
            <PAAmountType/>
            <PAPeriodType/>
            <Description>Total Current Assets</Description>
            <Name>15_</Name>
            <PA_ReportLine_UU>e0fb2c6e-e33c-4418-a10c-36670f8e338b</PA_ReportLine_UU>
            <IsActive>true</IsActive>
            <IsInverseDebitCreditOnly>false</IsInverseDebitCreditOnly>
            <GL_Budget_ID reference="id"/>
        </PA_ReportLine>
        <PA_ReportLine type="table">
            <AD_Client_ID reference="id">11</AD_Client_ID>
            <AD_Org_ID reference="id">11</AD_Org_ID>
            <IsPrinted>true</IsPrinted>
            <PA_ReportLine_ID>107</PA_ReportLine_ID>
            <Oper_2_ID reference="id"/>
            <SeqNo>80</SeqNo>
            <PA_ReportLineSet_ID reference="id">100</PA_ReportLineSet_ID>
            <Oper_1_ID reference="id"/>
            <PostingType/>
            <LineType>S</LineType>
            <CalculationType/>
            <PAAmountType/>
            <PAPeriodType/>
            <Description>Land and Building</Description>
            <Name>16</Name>
            <PA_ReportLine_UU>d69dcad2-62e5-4d79-ba33-b16f9d54043a</PA_ReportLine_UU>
            <IsActive>true</IsActive>
            <IsInverseDebitCreditOnly>false</IsInverseDebitCreditOnly>
            <GL_Budget_ID reference="id"/>
            <PA_ReportSource type="table">
                <AD_Client_ID reference="id">11</AD_Client_ID>
                <AD_Org_ID reference="id">11</AD_Org_ID>
                <PA_ReportLine_ID reference="id">107</PA_ReportLine_ID>
                <C_Project_ID reference="id"/>
                <C_SalesRegion_ID reference="id"/>
                <M_Product_ID reference="id"/>
                <ElementType>AC</ElementType>
                <C_Campaign_ID reference="id"/>
                <PA_ReportSource_UU>afe19759-e678-4bcb-bef6-0d8b3aae114b</PA_ReportSource_UU>
                <C_Activity_ID reference="id"/>
                <PA_ReportSource_ID>151</PA_ReportSource_ID>
                <C_BPartner_ID reference="id"/>
                <IsIncludeNullsProduct>false</IsIncludeNullsProduct>
                <IsIncludeNullsOrg>false</IsIncludeNullsOrg>
                <IsIncludeNullsElementValue>false</IsIncludeNullsElementValue>
                <IsIncludeNullsBPartner>false</IsIncludeNullsBPartner>
                <IsIncludeNullsLocation>false</IsIncludeNullsLocation>
                <IsIncludeNullsProject>false</IsIncludeNullsProject>
                <IsIncludeNullsSalesRegion>false</IsIncludeNullsSalesRegion>
                <IsIncludeNullsActivity>false</IsIncludeNullsActivity>
                <IsIncludeNullsCampaign>false</IsIncludeNullsCampaign>
                <IsIncludeNullsUserElement1>false</IsIncludeNullsUserElement1>
                <IsIncludeNullsUserElement2>false</IsIncludeNullsUserElement2>
                <IsIncludeNullsOrgTrx>false</IsIncludeNullsOrgTrx>
                <Description/>
                <IsActive>true</IsActive>
                <UserElement1_ID reference="id"/>
                <Org_ID reference="id"/>
                <AD_OrgTrx_ID reference="id"/>
                <C_ElementValue_ID reference="id">554</C_ElementValue_ID>
                <C_Location_ID reference="id"/>
                <UserElement2_ID reference="id"/>
            </PA_ReportSource>
        </PA_ReportLine>
        <PA_ReportLine type="table">
            <AD_Client_ID reference="id">11</AD_Client_ID>
            <AD_Org_ID reference="id">11</AD_Org_ID>
            <IsPrinted>true</IsPrinted>
            <PA_ReportLine_ID>108</PA_ReportLine_ID>
            <Oper_2_ID reference="id"/>
            <SeqNo>90</SeqNo>
            <PA_ReportLineSet_ID reference="id">100</PA_ReportLineSet_ID>
            <Oper_1_ID reference="id"/>
            <PostingType/>
            <LineType>S</LineType>
            <CalculationType/>
            <PAAmountType/>
            <PAPeriodType/>
            <Description>Furniture, Fixtures &amp; Equipment</Description>
            <Name>17</Name>
            <PA_ReportLine_UU>fad03fe4-e183-4f41-86a1-5fecfd0b6809</PA_ReportLine_UU>
            <IsActive>true</IsActive>
            <IsInverseDebitCreditOnly>false</IsInverseDebitCreditOnly>
            <GL_Budget_ID reference="id"/>
            <PA_ReportSource type="table">
                <AD_Client_ID reference="id">11</AD_Client_ID>
                <AD_Org_ID reference="id">11</AD_Org_ID>
                <PA_ReportLine_ID reference="id">108</PA_ReportLine_ID>
                <C_Project_ID reference="id"/>
                <C_SalesRegion_ID reference="id"/>
                <M_Product_ID reference="id"/>
                <ElementType>AC</ElementType>
                <C_Campaign_ID reference="id"/>
                <PA_ReportSource_UU>2ee39db8-403a-4328-a6d6-1f314dfd53d6</PA_ReportSource_UU>
                <C_Activity_ID reference="id"/>
                <PA_ReportSource_ID>154</PA_ReportSource_ID>
                <C_BPartner_ID reference="id"/>
                <IsIncludeNullsProduct>false</IsIncludeNullsProduct>
                <IsIncludeNullsOrg>false</IsIncludeNullsOrg>
                <IsIncludeNullsElementValue>false</IsIncludeNullsElementValue>
                <IsIncludeNullsBPartner>false</IsIncludeNullsBPartner>
                <IsIncludeNullsLocation>false</IsIncludeNullsLocation>
                <IsIncludeNullsProject>false</IsIncludeNullsProject>
                <IsIncludeNullsSalesRegion>false</IsIncludeNullsSalesRegion>
                <IsIncludeNullsActivity>false</IsIncludeNullsActivity>
                <IsIncludeNullsCampaign>false</IsIncludeNullsCampaign>
                <IsIncludeNullsUserElement1>false</IsIncludeNullsUserElement1>
                <IsIncludeNullsUserElement2>false</IsIncludeNullsUserElement2>
                <IsIncludeNullsOrgTrx>false</IsIncludeNullsOrgTrx>
                <Description/>
                <IsActive>true</IsActive>
                <UserElement1_ID reference="id"/>
                <Org_ID reference="id"/>
                <AD_OrgTrx_ID reference="id"/>
                <C_ElementValue_ID reference="id">560</C_ElementValue_ID>
                <C_Location_ID reference="id"/>
                <UserElement2_ID reference="id"/>
            </PA_ReportSource>
        </PA_ReportLine>
        <PA_ReportLine type="table">
            <AD_Client_ID reference="id">11</AD_Client_ID>
            <AD_Org_ID reference="id">11</AD_Org_ID>
            <IsPrinted>true</IsPrinted>
            <PA_ReportLine_ID>110</PA_ReportLine_ID>
            <Oper_2_ID reference="id"/>
            <SeqNo>110</SeqNo>
            <PA_ReportLineSet_ID reference="id">100</PA_ReportLineSet_ID>
            <Oper_1_ID reference="id"/>
            <PostingType/>
            <LineType>S</LineType>
            <CalculationType/>
            <PAAmountType/>
            <PAPeriodType/>
            <Description>Other Assets</Description>
            <Name>19</Name>
            <PA_ReportLine_UU>7488968d-9e8d-455b-88b7-9cafd9c80071</PA_ReportLine_UU>
            <IsActive>true</IsActive>
            <IsInverseDebitCreditOnly>false</IsInverseDebitCreditOnly>
            <GL_Budget_ID reference="id"/>
            <PA_ReportSource type="table">
                <AD_Client_ID reference="id">11</AD_Client_ID>
                <AD_Org_ID reference="id">11</AD_Org_ID>
                <PA_ReportLine_ID reference="id">110</PA_ReportLine_ID>
                <C_Project_ID reference="id"/>
                <C_SalesRegion_ID reference="id"/>
                <M_Product_ID reference="id"/>
                <ElementType>AC</ElementType>
                <C_Campaign_ID reference="id"/>
                <PA_ReportSource_UU>0906042e-574b-4220-83f1-b7e48bd60c76</PA_ReportSource_UU>
                <C_Activity_ID reference="id"/>
                <PA_ReportSource_ID>209</PA_ReportSource_ID>
                <C_BPartner_ID reference="id"/>
                <IsIncludeNullsProduct>false</IsIncludeNullsProduct>
                <IsIncludeNullsOrg>false</IsIncludeNullsOrg>
                <IsIncludeNullsElementValue>false</IsIncludeNullsElementValue>
                <IsIncludeNullsBPartner>false</IsIncludeNullsBPartner>
                <IsIncludeNullsLocation>false</IsIncludeNullsLocation>
                <IsIncludeNullsProject>false</IsIncludeNullsProject>
                <IsIncludeNullsSalesRegion>false</IsIncludeNullsSalesRegion>
                <IsIncludeNullsActivity>false</IsIncludeNullsActivity>
                <IsIncludeNullsCampaign>false</IsIncludeNullsCampaign>
                <IsIncludeNullsUserElement1>false</IsIncludeNullsUserElement1>
                <IsIncludeNullsUserElement2>false</IsIncludeNullsUserElement2>
                <IsIncludeNullsOrgTrx>false</IsIncludeNullsOrgTrx>
                <Description/>
                <IsActive>true</IsActive>
                <UserElement1_ID reference="id"/>
                <Org_ID reference="id"/>
                <AD_OrgTrx_ID reference="id"/>
                <C_ElementValue_ID reference="id">577</C_ElementValue_ID>
                <C_Location_ID reference="id"/>
                <UserElement2_ID reference="id"/>
            </PA_ReportSource>
        </PA_ReportLine>
        <PA_ReportLine type="table">
            <AD_Client_ID reference="id">11</AD_Client_ID>
            <AD_Org_ID reference="id">11</AD_Org_ID>
            <IsPrinted>true</IsPrinted>
            <PA_ReportLine_ID>111</PA_ReportLine_ID>
            <Oper_2_ID reference="id">110</Oper_2_ID>
            <SeqNo>120</SeqNo>
            <PA_ReportLineSet_ID reference="id">100</PA_ReportLineSet_ID>
            <Oper_1_ID reference="id">107</Oper_1_ID>
            <PostingType/>
            <LineType>C</LineType>
            <CalculationType>R</CalculationType>
            <PAAmountType/>
            <PAPeriodType/>
            <Description>Fixed and other Assets</Description>
            <Name>19_</Name>
            <PA_ReportLine_UU>24d337fc-6282-4494-a7df-63fd78e155c4</PA_ReportLine_UU>
            <IsActive>true</IsActive>
            <IsInverseDebitCreditOnly>false</IsInverseDebitCreditOnly>
            <GL_Budget_ID reference="id"/>
        </PA_ReportLine>
        <PA_ReportLine type="table">
            <AD_Client_ID reference="id">11</AD_Client_ID>
            <AD_Org_ID reference="id">11</AD_Org_ID>
            <IsPrinted>true</IsPrinted>
            <PA_ReportLine_ID>112</PA_ReportLine_ID>
            <Oper_2_ID reference="id"/>
            <SeqNo>140</SeqNo>
            <PA_ReportLineSet_ID reference="id">100</PA_ReportLineSet_ID>
            <Oper_1_ID reference="id"/>
            <PostingType/>
            <LineType>S</LineType>
            <CalculationType/>
            <PAAmountType/>
            <PAPeriodType/>
            <Description>Liabilities</Description>
            <Name>2</Name>
            <PA_ReportLine_UU>31e95841-c44c-4ba2-a491-534658592429</PA_ReportLine_UU>
            <IsActive>true</IsActive>
            <IsInverseDebitCreditOnly>false</IsInverseDebitCreditOnly>
            <GL_Budget_ID reference="id"/>
        </PA_ReportLine>
        <PA_ReportLine type="table">
            <AD_Client_ID reference="id">11</AD_Client_ID>
            <AD_Org_ID reference="id">11</AD_Org_ID>
            <IsPrinted>true</IsPrinted>
            <PA_ReportLine_ID>113</PA_ReportLine_ID>
            <Oper_2_ID reference="id"/>
            <SeqNo>150</SeqNo>
            <PA_ReportLineSet_ID reference="id">100</PA_ReportLineSet_ID>
            <Oper_1_ID reference="id"/>
            <PostingType/>
            <LineType>S</LineType>
            <CalculationType/>
            <PAAmountType/>
            <PAPeriodType/>
            <Description>Accounts Payable</Description>
            <Name>21</Name>
            <PA_ReportLine_UU>3f1306c0-0866-4021-9823-d1e795c4caa3</PA_ReportLine_UU>
            <IsActive>true</IsActive>
            <IsInverseDebitCreditOnly>false</IsInverseDebitCreditOnly>
            <GL_Budget_ID reference="id"/>
            <PA_ReportSource type="table">
                <AD_Client_ID reference="id">11</AD_Client_ID>
                <AD_Org_ID reference="id">11</AD_Org_ID>
                <PA_ReportLine_ID reference="id">113</PA_ReportLine_ID>
                <C_Project_ID reference="id"/>
                <C_SalesRegion_ID reference="id"/>
                <M_Product_ID reference="id"/>
                <ElementType>AC</ElementType>
                <C_Campaign_ID reference="id"/>
                <PA_ReportSource_UU>899160f7-93fa-434f-b428-e79c15634bd0</PA_ReportSource_UU>
                <C_Activity_ID reference="id"/>
                <PA_ReportSource_ID>167</PA_ReportSource_ID>
                <C_BPartner_ID reference="id"/>
                <IsIncludeNullsProduct>false</IsIncludeNullsProduct>
                <IsIncludeNullsOrg>false</IsIncludeNullsOrg>
                <IsIncludeNullsElementValue>false</IsIncludeNullsElementValue>
                <IsIncludeNullsBPartner>false</IsIncludeNullsBPartner>
                <IsIncludeNullsLocation>false</IsIncludeNullsLocation>
                <IsIncludeNullsProject>false</IsIncludeNullsProject>
                <IsIncludeNullsSalesRegion>false</IsIncludeNullsSalesRegion>
                <IsIncludeNullsActivity>false</IsIncludeNullsActivity>
                <IsIncludeNullsCampaign>false</IsIncludeNullsCampaign>
                <IsIncludeNullsUserElement1>false</IsIncludeNullsUserElement1>
                <IsIncludeNullsUserElement2>false</IsIncludeNullsUserElement2>
                <IsIncludeNullsOrgTrx>false</IsIncludeNullsOrgTrx>
                <Description/>
                <IsActive>true</IsActive>
                <UserElement1_ID reference="id"/>
                <Org_ID reference="id"/>
                <AD_OrgTrx_ID reference="id"/>
                <C_ElementValue_ID reference="id">585</C_ElementValue_ID>
                <C_Location_ID reference="id"/>
                <UserElement2_ID reference="id"/>
            </PA_ReportSource>
        </PA_ReportLine>
        <PA_ReportLine type="table">
            <AD_Client_ID reference="id">11</AD_Client_ID>
            <AD_Org_ID reference="id">11</AD_Org_ID>
            <IsPrinted>true</IsPrinted>
            <PA_ReportLine_ID>115</PA_ReportLine_ID>
            <Oper_2_ID reference="id"/>
            <SeqNo>170</SeqNo>
            <PA_ReportLineSet_ID reference="id">100</PA_ReportLineSet_ID>
            <Oper_1_ID reference="id"/>
            <PostingType/>
            <LineType>S</LineType>
            <CalculationType/>
            <PAAmountType/>
            <PAPeriodType/>
            <Description>Current Note Payables</Description>
            <Name>23</Name>
            <PA_ReportLine_UU>0e2de0b9-1c6b-4c4d-b9a9-846700523b7e</PA_ReportLine_UU>
            <IsActive>true</IsActive>
            <IsInverseDebitCreditOnly>false</IsInverseDebitCreditOnly>
            <GL_Budget_ID reference="id"/>
            <PA_ReportSource type="table">
                <AD_Client_ID reference="id">11</AD_Client_ID>
                <AD_Org_ID reference="id">11</AD_Org_ID>
                <PA_ReportLine_ID reference="id">115</PA_ReportLine_ID>
                <C_Project_ID reference="id"/>
                <C_SalesRegion_ID reference="id"/>
                <M_Product_ID reference="id"/>
                <ElementType>AC</ElementType>
                <C_Campaign_ID reference="id"/>
                <PA_ReportSource_UU>02df736b-6bb1-4175-9d65-aca5bbb373d9</PA_ReportSource_UU>
                <C_Activity_ID reference="id"/>
                <PA_ReportSource_ID>212</PA_ReportSource_ID>
                <C_BPartner_ID reference="id"/>
                <IsIncludeNullsProduct>false</IsIncludeNullsProduct>
                <IsIncludeNullsOrg>false</IsIncludeNullsOrg>
                <IsIncludeNullsElementValue>false</IsIncludeNullsElementValue>
                <IsIncludeNullsBPartner>false</IsIncludeNullsBPartner>
                <IsIncludeNullsLocation>false</IsIncludeNullsLocation>
                <IsIncludeNullsProject>false</IsIncludeNullsProject>
                <IsIncludeNullsSalesRegion>false</IsIncludeNullsSalesRegion>
                <IsIncludeNullsActivity>false</IsIncludeNullsActivity>
                <IsIncludeNullsCampaign>false</IsIncludeNullsCampaign>
                <IsIncludeNullsUserElement1>false</IsIncludeNullsUserElement1>
                <IsIncludeNullsUserElement2>false</IsIncludeNullsUserElement2>
                <IsIncludeNullsOrgTrx>false</IsIncludeNullsOrgTrx>
                <Description/>
                <IsActive>true</IsActive>
                <UserElement1_ID reference="id"/>
                <Org_ID reference="id"/>
                <AD_OrgTrx_ID reference="id"/>
                <C_ElementValue_ID reference="id">753</C_ElementValue_ID>
                <C_Location_ID reference="id"/>
                <UserElement2_ID reference="id"/>
            </PA_ReportSource>
        </PA_ReportLine>
        <PA_ReportLine type="table">
            <AD_Client_ID reference="id">11</AD_Client_ID>
            <AD_Org_ID reference="id">11</AD_Org_ID>
            <IsPrinted>true</IsPrinted>
            <PA_ReportLine_ID>116</PA_ReportLine_ID>
            <Oper_2_ID reference="id"/>
            <SeqNo>180</SeqNo>
            <PA_ReportLineSet_ID reference="id">100</PA_ReportLineSet_ID>
            <Oper_1_ID reference="id"/>
            <PostingType/>
            <LineType>S</LineType>
            <CalculationType/>
            <PAAmountType/>
            <PAPeriodType/>
            <Description>Long Term Liabilities</Description>
            <Name>24</Name>
            <PA_ReportLine_UU>65448384-b48c-47d7-b5c0-370c2a7c1fa2</PA_ReportLine_UU>
            <IsActive>true</IsActive>
            <IsInverseDebitCreditOnly>false</IsInverseDebitCreditOnly>
            <GL_Budget_ID reference="id"/>
            <PA_ReportSource type="table">
                <AD_Client_ID reference="id">11</AD_Client_ID>
                <AD_Org_ID reference="id">11</AD_Org_ID>
                <PA_ReportLine_ID reference="id">116</PA_ReportLine_ID>
                <C_Project_ID reference="id"/>
                <C_SalesRegion_ID reference="id"/>
                <M_Product_ID reference="id"/>
                <ElementType>AC</ElementType>
                <C_Campaign_ID reference="id"/>
                <PA_ReportSource_UU>a0efa84d-ab8f-449e-86a9-a097891fb0a3</PA_ReportSource_UU>
                <C_Activity_ID reference="id"/>
                <PA_ReportSource_ID>192</PA_ReportSource_ID>
                <C_BPartner_ID reference="id"/>
                <IsIncludeNullsProduct>false</IsIncludeNullsProduct>
                <IsIncludeNullsOrg>false</IsIncludeNullsOrg>
                <IsIncludeNullsElementValue>false</IsIncludeNullsElementValue>
                <IsIncludeNullsBPartner>false</IsIncludeNullsBPartner>
                <IsIncludeNullsLocation>false</IsIncludeNullsLocation>
                <IsIncludeNullsProject>false</IsIncludeNullsProject>
                <IsIncludeNullsSalesRegion>false</IsIncludeNullsSalesRegion>
                <IsIncludeNullsActivity>false</IsIncludeNullsActivity>
                <IsIncludeNullsCampaign>false</IsIncludeNullsCampaign>
                <IsIncludeNullsUserElement1>false</IsIncludeNullsUserElement1>
                <IsIncludeNullsUserElement2>false</IsIncludeNullsUserElement2>
                <IsIncludeNullsOrgTrx>false</IsIncludeNullsOrgTrx>
                <Description/>
                <IsActive>true</IsActive>
                <UserElement1_ID reference="id"/>
                <Org_ID reference="id"/>
                <AD_OrgTrx_ID reference="id"/>
                <C_ElementValue_ID reference="id">620</C_ElementValue_ID>
                <C_Location_ID reference="id"/>
                <UserElement2_ID reference="id"/>
            </PA_ReportSource>
        </PA_ReportLine>
        <PA_ReportLine type="table">
            <AD_Client_ID reference="id">11</AD_Client_ID>
            <AD_Org_ID reference="id">11</AD_Org_ID>
            <IsPrinted>true</IsPrinted>
            <PA_ReportLine_ID>117</PA_ReportLine_ID>
            <Oper_2_ID reference="id"/>
            <SeqNo>200</SeqNo>
            <PA_ReportLineSet_ID reference="id">100</PA_ReportLineSet_ID>
            <Oper_1_ID reference="id"/>
            <PostingType/>
            <LineType>S</LineType>
            <CalculationType/>
            <PAAmountType/>
            <PAPeriodType/>
            <Description>Owner's Equity/Net Worth</Description>
            <Name>3</Name>
            <PA_ReportLine_UU>7d1030f2-d754-443d-a06e-36b4b3ba749f</PA_ReportLine_UU>
            <IsActive>true</IsActive>
            <IsInverseDebitCreditOnly>false</IsInverseDebitCreditOnly>
            <GL_Budget_ID reference="id"/>
        </PA_ReportLine>
        <PA_ReportLine type="table">
            <AD_Client_ID reference="id">11</AD_Client_ID>
            <AD_Org_ID reference="id">11</AD_Org_ID>
            <IsPrinted>true</IsPrinted>
            <PA_ReportLine_ID>119</PA_ReportLine_ID>
            <Oper_2_ID reference="id"/>
            <SeqNo>220</SeqNo>
            <PA_ReportLineSet_ID reference="id">100</PA_ReportLineSet_ID>
            <Oper_1_ID reference="id"/>
            <PostingType/>
            <LineType>S</LineType>
            <CalculationType/>
            <PAAmountType/>
            <PAPeriodType/>
            <Description>Current Profit &amp; Loss</Description>
            <Name>32</Name>
            <PA_ReportLine_UU>f7eedb92-a56e-4baa-86a5-36601d30a850</PA_ReportLine_UU>
            <IsActive>true</IsActive>
            <IsInverseDebitCreditOnly>false</IsInverseDebitCreditOnly>
            <GL_Budget_ID reference="id"/>
            <PA_ReportSource type="table">
                <AD_Client_ID reference="id">11</AD_Client_ID>
                <AD_Org_ID reference="id">11</AD_Org_ID>
                <PA_ReportLine_ID reference="id">119</PA_ReportLine_ID>
                <C_Project_ID reference="id"/>
                <C_SalesRegion_ID reference="id"/>
                <M_Product_ID reference="id"/>
                <ElementType>AC</ElementType>
                <C_Campaign_ID reference="id"/>
                <PA_ReportSource_UU>470808f1-c77f-4113-862e-b63bcc0f8589</PA_ReportSource_UU>
                <C_Activity_ID reference="id"/>
                <PA_ReportSource_ID>200</PA_ReportSource_ID>
                <C_BPartner_ID reference="id"/>
                <IsIncludeNullsProduct>false</IsIncludeNullsProduct>
                <IsIncludeNullsOrg>false</IsIncludeNullsOrg>
                <IsIncludeNullsElementValue>false</IsIncludeNullsElementValue>
                <IsIncludeNullsBPartner>false</IsIncludeNullsBPartner>
                <IsIncludeNullsLocation>false</IsIncludeNullsLocation>
                <IsIncludeNullsProject>false</IsIncludeNullsProject>
                <IsIncludeNullsSalesRegion>false</IsIncludeNullsSalesRegion>
                <IsIncludeNullsActivity>false</IsIncludeNullsActivity>
                <IsIncludeNullsCampaign>false</IsIncludeNullsCampaign>
                <IsIncludeNullsUserElement1>false</IsIncludeNullsUserElement1>
                <IsIncludeNullsUserElement2>false</IsIncludeNullsUserElement2>
                <IsIncludeNullsOrgTrx>false</IsIncludeNullsOrgTrx>
                <Description/>
                <IsActive>true</IsActive>
                <UserElement1_ID reference="id"/>
                <Org_ID reference="id"/>
                <AD_OrgTrx_ID reference="id"/>
                <C_ElementValue_ID reference="id">629</C_ElementValue_ID>
                <C_Location_ID reference="id"/>
                <UserElement2_ID reference="id"/>
            </PA_ReportSource>
        </PA_ReportLine>
        <PA_ReportLine type="table">
            <AD_Client_ID reference="id">11</AD_Client_ID>
            <AD_Org_ID reference="id">11</AD_Org_ID>
            <IsPrinted>true</IsPrinted>
            <PA_ReportLine_ID>120</PA_ReportLine_ID>
            <Oper_2_ID reference="id">119</Oper_2_ID>
            <SeqNo>252</SeqNo>
            <PA_ReportLineSet_ID reference="id">100</PA_ReportLineSet_ID>
            <Oper_1_ID reference="id">122</Oper_1_ID>
            <PostingType/>
            <LineType>C</LineType>
            <CalculationType>R</CalculationType>
            <PAAmountType/>
            <PAPeriodType/>
            <Description>Total Liabilities and Equity</Description>
            <Name>33</Name>
            <PA_ReportLine_UU>aab473c1-21f9-4db0-8624-38d2d2a35a05</PA_ReportLine_UU>
            <IsActive>true</IsActive>
            <IsInverseDebitCreditOnly>false</IsInverseDebitCreditOnly>
            <GL_Budget_ID reference="id"/>
        </PA_ReportLine>
        <PA_ReportLine type="table">
            <AD_Client_ID reference="id">11</AD_Client_ID>
            <AD_Org_ID reference="id">11</AD_Org_ID>
            <IsPrinted>true</IsPrinted>
            <PA_ReportLine_ID>121</PA_ReportLine_ID>
            <Oper_2_ID reference="id">111</Oper_2_ID>
            <SeqNo>130</SeqNo>
            <PA_ReportLineSet_ID reference="id">100</PA_ReportLineSet_ID>
            <Oper_1_ID reference="id">106</Oper_1_ID>
            <PostingType/>
            <LineType>C</LineType>
            <CalculationType>A</CalculationType>
            <PAAmountType/>
            <PAPeriodType/>
            <Description>Toral Assets</Description>
            <Name>1__</Name>
            <PA_ReportLine_UU>cf5e4aa9-901d-4a66-8307-96c083fb2505</PA_ReportLine_UU>
            <IsActive>true</IsActive>
            <IsInverseDebitCreditOnly>false</IsInverseDebitCreditOnly>
            <GL_Budget_ID reference="id"/>
        </PA_ReportLine>
        <PA_ReportLine type="table">
            <AD_Client_ID reference="id">11</AD_Client_ID>
            <AD_Org_ID reference="id">11</AD_Org_ID>
            <IsPrinted>true</IsPrinted>
            <PA_ReportLine_ID>101</PA_ReportLine_ID>
            <Oper_2_ID reference="id"/>
            <SeqNo>20</SeqNo>
            <PA_ReportLineSet_ID reference="id">100</PA_ReportLineSet_ID>
            <Oper_1_ID reference="id"/>
            <PostingType/>
            <LineType>S</LineType>
            <CalculationType/>
            <PAAmountType/>
            <PAPeriodType/>
            <Description>Cash</Description>
            <Name>11</Name>
            <PA_ReportLine_UU>a76fd4d9-b9a4-44a6-ba93-723d0ceb19a6</PA_ReportLine_UU>
            <IsActive>true</IsActive>
            <IsInverseDebitCreditOnly>false</IsInverseDebitCreditOnly>
            <GL_Budget_ID reference="id"/>
            <PA_ReportSource type="table">
                <AD_Client_ID reference="id">11</AD_Client_ID>
                <AD_Org_ID reference="id">11</AD_Org_ID>
                <PA_ReportLine_ID reference="id">101</PA_ReportLine_ID>
                <C_Project_ID reference="id"/>
                <C_SalesRegion_ID reference="id"/>
                <M_Product_ID reference="id"/>
                <ElementType>AC</ElementType>
                <C_Campaign_ID reference="id"/>
                <PA_ReportSource_UU>4141b3f5-f361-4d47-a913-22c0e2cb8791</PA_ReportSource_UU>
                <C_Activity_ID reference="id"/>
                <PA_ReportSource_ID>207</PA_ReportSource_ID>
                <C_BPartner_ID reference="id"/>
                <IsIncludeNullsProduct>false</IsIncludeNullsProduct>
                <IsIncludeNullsOrg>false</IsIncludeNullsOrg>
                <IsIncludeNullsElementValue>false</IsIncludeNullsElementValue>
                <IsIncludeNullsBPartner>false</IsIncludeNullsBPartner>
                <IsIncludeNullsLocation>false</IsIncludeNullsLocation>
                <IsIncludeNullsProject>false</IsIncludeNullsProject>
                <IsIncludeNullsSalesRegion>false</IsIncludeNullsSalesRegion>
                <IsIncludeNullsActivity>false</IsIncludeNullsActivity>
                <IsIncludeNullsCampaign>false</IsIncludeNullsCampaign>
                <IsIncludeNullsUserElement1>false</IsIncludeNullsUserElement1>
                <IsIncludeNullsUserElement2>false</IsIncludeNullsUserElement2>
                <IsIncludeNullsOrgTrx>false</IsIncludeNullsOrgTrx>
                <Description/>
                <IsActive>true</IsActive>
                <UserElement1_ID reference="id"/>
                <Org_ID reference="id"/>
                <AD_OrgTrx_ID reference="id"/>
                <C_ElementValue_ID reference="id">507</C_ElementValue_ID>
                <C_Location_ID reference="id"/>
                <UserElement2_ID reference="id"/>
            </PA_ReportSource>
        </PA_ReportLine>
        <PA_ReportLine type="table">
            <AD_Client_ID reference="id">11</AD_Client_ID>
            <AD_Org_ID reference="id">11</AD_Org_ID>
            <IsPrinted>true</IsPrinted>
            <PA_ReportLine_ID>105</PA_ReportLine_ID>
            <Oper_2_ID reference="id"/>
            <SeqNo>60</SeqNo>
            <PA_ReportLineSet_ID reference="id">100</PA_ReportLineSet_ID>
            <Oper_1_ID reference="id"/>
            <PostingType/>
            <LineType>S</LineType>
            <CalculationType/>
            <PAAmountType/>
            <PAPeriodType/>
            <Description>Prepaid Expenses, Deposits &amp; Other Current Assets</Description>
            <Name>15</Name>
            <PA_ReportLine_UU>3bf51cca-e7d4-4a8a-8db4-e00a3afd3524</PA_ReportLine_UU>
            <IsActive>true</IsActive>
            <IsInverseDebitCreditOnly>false</IsInverseDebitCreditOnly>
            <GL_Budget_ID reference="id"/>
            <PA_ReportSource type="table">
                <AD_Client_ID reference="id">11</AD_Client_ID>
                <AD_Org_ID reference="id">11</AD_Org_ID>
                <PA_ReportLine_ID reference="id">105</PA_ReportLine_ID>
                <C_Project_ID reference="id"/>
                <C_SalesRegion_ID reference="id"/>
                <M_Product_ID reference="id"/>
                <ElementType>AC</ElementType>
                <C_Campaign_ID reference="id"/>
                <PA_ReportSource_UU>dca86f95-f127-4130-a618-24245022da10</PA_ReportSource_UU>
                <C_Activity_ID reference="id"/>
                <PA_ReportSource_ID>146</PA_ReportSource_ID>
                <C_BPartner_ID reference="id"/>
                <IsIncludeNullsProduct>false</IsIncludeNullsProduct>
                <IsIncludeNullsOrg>false</IsIncludeNullsOrg>
                <IsIncludeNullsElementValue>false</IsIncludeNullsElementValue>
                <IsIncludeNullsBPartner>false</IsIncludeNullsBPartner>
                <IsIncludeNullsLocation>false</IsIncludeNullsLocation>
                <IsIncludeNullsProject>false</IsIncludeNullsProject>
                <IsIncludeNullsSalesRegion>false</IsIncludeNullsSalesRegion>
                <IsIncludeNullsActivity>false</IsIncludeNullsActivity>
                <IsIncludeNullsCampaign>false</IsIncludeNullsCampaign>
                <IsIncludeNullsUserElement1>false</IsIncludeNullsUserElement1>
                <IsIncludeNullsUserElement2>false</IsIncludeNullsUserElement2>
                <IsIncludeNullsOrgTrx>false</IsIncludeNullsOrgTrx>
                <Description/>
                <IsActive>true</IsActive>
                <UserElement1_ID reference="id"/>
                <Org_ID reference="id"/>
                <AD_OrgTrx_ID reference="id"/>
                <C_ElementValue_ID reference="id">542</C_ElementValue_ID>
                <C_Location_ID reference="id"/>
                <UserElement2_ID reference="id"/>
            </PA_ReportSource>
        </PA_ReportLine>
        <PA_ReportLine type="table">
            <AD_Client_ID reference="id">11</AD_Client_ID>
            <AD_Org_ID reference="id">11</AD_Org_ID>
            <IsPrinted>true</IsPrinted>
            <PA_ReportLine_ID>109</PA_ReportLine_ID>
            <Oper_2_ID reference="id"/>
            <SeqNo>100</SeqNo>
            <PA_ReportLineSet_ID reference="id">100</PA_ReportLineSet_ID>
            <Oper_1_ID reference="id"/>
            <PostingType/>
            <LineType>S</LineType>
            <CalculationType/>
            <PAAmountType/>
            <PAPeriodType/>
            <Description>Accumulated Depreciation</Description>
            <Name>18</Name>
            <PA_ReportLine_UU>94acd8c9-6900-4f4f-b34c-c2c3cb164952</PA_ReportLine_UU>
            <IsActive>true</IsActive>
            <IsInverseDebitCreditOnly>false</IsInverseDebitCreditOnly>
            <GL_Budget_ID reference="id"/>
            <PA_ReportSource type="table">
                <AD_Client_ID reference="id">11</AD_Client_ID>
                <AD_Org_ID reference="id">11</AD_Org_ID>
                <PA_ReportLine_ID reference="id">109</PA_ReportLine_ID>
                <C_Project_ID reference="id"/>
                <C_SalesRegion_ID reference="id"/>
                <M_Product_ID reference="id"/>
                <ElementType>AC</ElementType>
                <C_Campaign_ID reference="id"/>
                <PA_ReportSource_UU>eef2e8ec-3f3f-4c64-b092-9089a416b255</PA_ReportSource_UU>
                <C_Activity_ID reference="id"/>
                <PA_ReportSource_ID>250</PA_ReportSource_ID>
                <C_BPartner_ID reference="id"/>
                <IsIncludeNullsProduct>false</IsIncludeNullsProduct>
                <IsIncludeNullsOrg>false</IsIncludeNullsOrg>
                <IsIncludeNullsElementValue>false</IsIncludeNullsElementValue>
                <IsIncludeNullsBPartner>false</IsIncludeNullsBPartner>
                <IsIncludeNullsLocation>false</IsIncludeNullsLocation>
                <IsIncludeNullsProject>false</IsIncludeNullsProject>
                <IsIncludeNullsSalesRegion>false</IsIncludeNullsSalesRegion>
                <IsIncludeNullsActivity>false</IsIncludeNullsActivity>
                <IsIncludeNullsCampaign>false</IsIncludeNullsCampaign>
                <IsIncludeNullsUserElement1>false</IsIncludeNullsUserElement1>
                <IsIncludeNullsUserElement2>false</IsIncludeNullsUserElement2>
                <IsIncludeNullsOrgTrx>false</IsIncludeNullsOrgTrx>
                <Description/>
                <IsActive>true</IsActive>
                <UserElement1_ID reference="id"/>
                <Org_ID reference="id"/>
                <AD_OrgTrx_ID reference="id"/>
                <C_ElementValue_ID reference="id">744</C_ElementValue_ID>
                <C_Location_ID reference="id"/>
                <UserElement2_ID reference="id"/>
            </PA_ReportSource>
        </PA_ReportLine>
        <PA_ReportLine type="table">
            <AD_Client_ID reference="id">11</AD_Client_ID>
            <AD_Org_ID reference="id">11</AD_Org_ID>
            <IsPrinted>true</IsPrinted>
            <PA_ReportLine_ID>114</PA_ReportLine_ID>
            <Oper_2_ID reference="id"/>
            <SeqNo>160</SeqNo>
            <PA_ReportLineSet_ID reference="id">100</PA_ReportLineSet_ID>
            <Oper_1_ID reference="id"/>
            <PostingType/>
            <LineType>S</LineType>
            <CalculationType/>
            <PAAmountType/>
            <PAPeriodType/>
            <Description>Accrued Expenses</Description>
            <Name>22</Name>
            <PA_ReportLine_UU>6d2ad870-927c-4031-893c-2c20a7420875</PA_ReportLine_UU>
            <IsActive>true</IsActive>
            <IsInverseDebitCreditOnly>false</IsInverseDebitCreditOnly>
            <GL_Budget_ID reference="id"/>
            <PA_ReportSource type="table">
                <AD_Client_ID reference="id">11</AD_Client_ID>
                <AD_Org_ID reference="id">11</AD_Org_ID>
                <PA_ReportLine_ID reference="id">114</PA_ReportLine_ID>
                <C_Project_ID reference="id"/>
                <C_SalesRegion_ID reference="id"/>
                <M_Product_ID reference="id"/>
                <ElementType>AC</ElementType>
                <C_Campaign_ID reference="id"/>
                <PA_ReportSource_UU>9a9c43b5-0205-4942-9b9c-0f3076418c45</PA_ReportSource_UU>
                <C_Activity_ID reference="id"/>
                <PA_ReportSource_ID>179</PA_ReportSource_ID>
                <C_BPartner_ID reference="id"/>
                <IsIncludeNullsProduct>false</IsIncludeNullsProduct>
                <IsIncludeNullsOrg>false</IsIncludeNullsOrg>
                <IsIncludeNullsElementValue>false</IsIncludeNullsElementValue>
                <IsIncludeNullsBPartner>false</IsIncludeNullsBPartner>
                <IsIncludeNullsLocation>false</IsIncludeNullsLocation>
                <IsIncludeNullsProject>false</IsIncludeNullsProject>
                <IsIncludeNullsSalesRegion>false</IsIncludeNullsSalesRegion>
                <IsIncludeNullsActivity>false</IsIncludeNullsActivity>
                <IsIncludeNullsCampaign>false</IsIncludeNullsCampaign>
                <IsIncludeNullsUserElement1>false</IsIncludeNullsUserElement1>
                <IsIncludeNullsUserElement2>false</IsIncludeNullsUserElement2>
                <IsIncludeNullsOrgTrx>false</IsIncludeNullsOrgTrx>
                <Description/>
                <IsActive>true</IsActive>
                <UserElement1_ID reference="id"/>
                <Org_ID reference="id"/>
                <AD_OrgTrx_ID reference="id"/>
                <C_ElementValue_ID reference="id">601</C_ElementValue_ID>
                <C_Location_ID reference="id"/>
                <UserElement2_ID reference="id"/>
            </PA_ReportSource>
        </PA_ReportLine>
        <PA_ReportLine type="table">
            <AD_Client_ID reference="id">11</AD_Client_ID>
            <AD_Org_ID reference="id">11</AD_Org_ID>
            <IsPrinted>true</IsPrinted>
            <PA_ReportLine_ID>118</PA_ReportLine_ID>
            <Oper_2_ID reference="id"/>
            <SeqNo>210</SeqNo>
            <PA_ReportLineSet_ID reference="id">100</PA_ReportLineSet_ID>
            <Oper_1_ID reference="id"/>
            <PostingType/>
            <LineType>S</LineType>
            <CalculationType/>
            <PAAmountType/>
            <PAPeriodType/>
            <Description>Capital</Description>
            <Name>31</Name>
            <PA_ReportLine_UU>c7ec709a-bfec-4347-be18-249627271f1c</PA_ReportLine_UU>
            <IsActive>true</IsActive>
            <IsInverseDebitCreditOnly>false</IsInverseDebitCreditOnly>
            <GL_Budget_ID reference="id"/>
            <PA_ReportSource type="table">
                <AD_Client_ID reference="id">11</AD_Client_ID>
                <AD_Org_ID reference="id">11</AD_Org_ID>
                <PA_ReportLine_ID reference="id">118</PA_ReportLine_ID>
                <C_Project_ID reference="id"/>
                <C_SalesRegion_ID reference="id"/>
                <M_Product_ID reference="id"/>
                <ElementType>AC</ElementType>
                <C_Campaign_ID reference="id"/>
                <PA_ReportSource_UU>270a9c76-806a-4663-bde9-d6d93133a789</PA_ReportSource_UU>
                <C_Activity_ID reference="id"/>
                <PA_ReportSource_ID>196</PA_ReportSource_ID>
                <C_BPartner_ID reference="id"/>
                <IsIncludeNullsProduct>false</IsIncludeNullsProduct>
                <IsIncludeNullsOrg>false</IsIncludeNullsOrg>
                <IsIncludeNullsElementValue>false</IsIncludeNullsElementValue>
                <IsIncludeNullsBPartner>false</IsIncludeNullsBPartner>
                <IsIncludeNullsLocation>false</IsIncludeNullsLocation>
                <IsIncludeNullsProject>false</IsIncludeNullsProject>
                <IsIncludeNullsSalesRegion>false</IsIncludeNullsSalesRegion>
                <IsIncludeNullsActivity>false</IsIncludeNullsActivity>
                <IsIncludeNullsCampaign>false</IsIncludeNullsCampaign>
                <IsIncludeNullsUserElement1>false</IsIncludeNullsUserElement1>
                <IsIncludeNullsUserElement2>false</IsIncludeNullsUserElement2>
                <IsIncludeNullsOrgTrx>false</IsIncludeNullsOrgTrx>
                <Description/>
                <IsActive>true</IsActive>
                <UserElement1_ID reference="id"/>
                <Org_ID reference="id"/>
                <AD_OrgTrx_ID reference="id"/>
                <C_ElementValue_ID reference="id">625</C_ElementValue_ID>
                <C_Location_ID reference="id"/>
                <UserElement2_ID reference="id"/>
            </PA_ReportSource>
        </PA_ReportLine>
        <PA_ReportLine type="table">
            <AD_Client_ID reference="id">11</AD_Client_ID>
            <AD_Org_ID reference="id">11</AD_Org_ID>
            <IsPrinted>true</IsPrinted>
            <PA_ReportLine_ID>122</PA_ReportLine_ID>
            <Oper_2_ID reference="id">116</Oper_2_ID>
            <SeqNo>190</SeqNo>
            <PA_ReportLineSet_ID reference="id">100</PA_ReportLineSet_ID>
            <Oper_1_ID reference="id">113</Oper_1_ID>
            <PostingType/>
            <LineType>C</LineType>
            <CalculationType>R</CalculationType>
            <PAAmountType/>
            <PAPeriodType/>
            <Description>Total Liabilities</Description>
            <Name>2__</Name>
            <PA_ReportLine_UU>d50eee25-57f2-4deb-bcd3-3209b0c3e8e7</PA_ReportLine_UU>
            <IsActive>true</IsActive>
            <IsInverseDebitCreditOnly>false</IsInverseDebitCreditOnly>
            <GL_Budget_ID reference="id"/>
        </PA_ReportLine>
    </PA_ReportLineSet>
</idempiere>
