<?xml version="1.0" encoding="UTF-8"?>
<idempiere Name="PA_ReportLineSet" Version="1.0.0" idempiereVersion="2.0.0.v20140728-0509" DataBaseVersion="2013-10-31" Description="" Author="SuperUser" AuthorEmail="superuser @ idempiere.com" CreatedDate="Thu Oct 02 22:55:48 UTC 2014" UpdatedDate="Thu Oct 02 22:55:48 UTC 2014" PackOutVersion="100" UpdateDictionary="true" Client="11-GardenWorld-GardenWorld" AD_Client_UU="3268b9a8-10d8-466d-96e5-aa01166408fa">
    <PA_ReportLineSet type="table">
        <AD_Client_ID reference="id">11</AD_Client_ID>
        <AD_Org_ID reference="id">11</AD_Org_ID>
        <Processing>false</Processing>
        <Name>ChuBoe Balance Sheet</Name>
        <Description>US Format Balance Sheet</Description>
        <PA_ReportLineSet_UU>ee0b55aa-6871-41a4-b53b-a44be4afdcf5</PA_ReportLineSet_UU>
        <IsActive>true</IsActive>
        <PA_ReportLine type="table">
            <AD_Client_ID reference="id">11</AD_Client_ID>
            <AD_Org_ID reference="id">11</AD_Org_ID>
            <IsPrinted>false</IsPrinted>
            <Oper_2_ID reference="id"/>
            <SeqNo>10</SeqNo>
            <PA_ReportLineSet_ID reference="uuid" reference-key="PA_ReportLineSet">ee0b55aa-6871-41a4-b53b-a44be4afdcf5</PA_ReportLineSet_ID>
            <Oper_1_ID reference="id"/>
            <PostingType/>
            <LineType>S</LineType>
            <CalculationType>A</CalculationType>
            <PAAmountType/>
            <PAPeriodType/>
            <Description>Your formatting codes go in the description column.</Description>
            <Name>Note:</Name>
            <PA_ReportLine_UU>beb83ed0-e2f6-41a2-b722-506f3a6af484</PA_ReportLine_UU>
            <IsActive>true</IsActive>
            <IsInverseDebitCreditOnly>false</IsInverseDebitCreditOnly>
            <GL_Budget_ID reference="id"/>
        </PA_ReportLine>
        <PA_ReportLine type="table">
            <AD_Client_ID reference="id">11</AD_Client_ID>
            <AD_Org_ID reference="id">11</AD_Org_ID>
            <IsPrinted>false</IsPrinted>
            <Oper_2_ID reference="id"/>
            <SeqNo>20</SeqNo>
            <PA_ReportLineSet_ID reference="uuid" reference-key="PA_ReportLineSet">ee0b55aa-6871-41a4-b53b-a44be4afdcf5</PA_ReportLineSet_ID>
            <Oper_1_ID reference="id"/>
            <PostingType/>
            <LineType>S</LineType>
            <CalculationType>A</CalculationType>
            <PAAmountType/>
            <PAPeriodType/>
            <Description>example codes: u=one underline, U=two underlines, B for bold, 3=three spaces. You can have multiple codes for a single line.</Description>
            <Name>Note:</Name>
            <PA_ReportLine_UU>8ff6dddf-895a-46f9-9dc4-4ba49387ae2a</PA_ReportLine_UU>
            <IsActive>true</IsActive>
            <IsInverseDebitCreditOnly>false</IsInverseDebitCreditOnly>
            <GL_Budget_ID reference="id"/>
        </PA_ReportLine>
        <PA_ReportLine type="table">
            <AD_Client_ID reference="id">11</AD_Client_ID>
            <AD_Org_ID reference="id">11</AD_Org_ID>
            <IsPrinted>false</IsPrinted>
            <Oper_2_ID reference="id"/>
            <SeqNo>30</SeqNo>
            <PA_ReportLineSet_ID reference="uuid" reference-key="PA_ReportLineSet">ee0b55aa-6871-41a4-b53b-a44be4afdcf5</PA_ReportLineSet_ID>
            <Oper_1_ID reference="id"/>
            <PostingType/>
            <LineType>S</LineType>
            <CalculationType>A</CalculationType>
            <PAAmountType/>
            <PAPeriodType/>
            <Description>The next line is a label. Notice there is no Report Source.</Description>
            <Name>Note:</Name>
            <PA_ReportLine_UU>b2cd515b-869a-4749-a2e4-cb43a89502d9</PA_ReportLine_UU>
            <IsActive>true</IsActive>
            <IsInverseDebitCreditOnly>false</IsInverseDebitCreditOnly>
            <GL_Budget_ID reference="id"/>
        </PA_ReportLine>
        <PA_ReportLine type="table">
            <AD_Client_ID reference="id">11</AD_Client_ID>
            <AD_Org_ID reference="id">11</AD_Org_ID>
            <IsPrinted>true</IsPrinted>
            <Oper_2_ID reference="id"/>
            <SeqNo>40</SeqNo>
            <PA_ReportLineSet_ID reference="uuid" reference-key="PA_ReportLineSet">ee0b55aa-6871-41a4-b53b-a44be4afdcf5</PA_ReportLineSet_ID>
            <Oper_1_ID reference="id"/>
            <PostingType/>
            <LineType>S</LineType>
            <CalculationType>A</CalculationType>
            <PAAmountType/>
            <PAPeriodType/>
            <Description/>
            <Name>Assets</Name>
            <PA_ReportLine_UU>f08c7bde-52b7-4e02-87df-4b1b61f26de9</PA_ReportLine_UU>
            <IsActive>true</IsActive>
            <IsInverseDebitCreditOnly>false</IsInverseDebitCreditOnly>
            <GL_Budget_ID reference="id"/>
        </PA_ReportLine>
        <PA_ReportLine type="table">
            <AD_Client_ID reference="id">11</AD_Client_ID>
            <AD_Org_ID reference="id">11</AD_Org_ID>
            <IsPrinted>true</IsPrinted>
            <Oper_2_ID reference="id"/>
            <SeqNo>60</SeqNo>
            <PA_ReportLineSet_ID reference="uuid" reference-key="PA_ReportLineSet">ee0b55aa-6871-41a4-b53b-a44be4afdcf5</PA_ReportLineSet_ID>
            <Oper_1_ID reference="id"/>
            <PostingType/>
            <LineType>S</LineType>
            <CalculationType>A</CalculationType>
            <PAAmountType/>
            <PAPeriodType/>
            <Description>2</Description>
            <Name>__Current Assets</Name>
            <PA_ReportLine_UU>22cbeecc-4216-4a61-a8e8-c92a0122022e</PA_ReportLine_UU>
            <IsActive>true</IsActive>
            <IsInverseDebitCreditOnly>false</IsInverseDebitCreditOnly>
            <GL_Budget_ID reference="id"/>
            <PA_ReportSource type="table">
                <AD_Client_ID reference="id">11</AD_Client_ID>
                <AD_Org_ID reference="id">11</AD_Org_ID>
                <PA_ReportLine_ID reference="uuid" reference-key="PA_ReportLine">22cbeecc-4216-4a61-a8e8-c92a0122022e</PA_ReportLine_ID>
                <C_Project_ID reference="id"/>
                <C_SalesRegion_ID reference="id"/>
                <M_Product_ID reference="id"/>
                <ElementType>AC</ElementType>
                <C_Campaign_ID reference="id"/>
                <PA_ReportSource_UU>5f08291f-9719-48c4-bb2e-5c5735c26d9e</PA_ReportSource_UU>
                <C_Activity_ID reference="id"/>
                <C_BPartner_ID reference="id"/>
                <IsIncludeNullsProduct>false</IsIncludeNullsProduct>
                <IsIncludeNullsOrg>false</IsIncludeNullsOrg>
                <IsIncludeNullsElementValue>false</IsIncludeNullsElementValue>
                <IsIncludeNullsBPartner>false</IsIncludeNullsBPartner>
                <IsIncludeNullsLocation>false</IsIncludeNullsLocation>
                <IsIncludeNullsProject>false</IsIncludeNullsProject>
                <IsIncludeNullsSalesRegion>false</IsIncludeNullsSalesRegion>
                <IsIncludeNullsActivity>false</IsIncludeNullsActivity>
                <IsIncludeNullsCampaign>false</IsIncludeNullsCampaign>
                <IsIncludeNullsUserElement1>false</IsIncludeNullsUserElement1>
                <IsIncludeNullsUserElement2>false</IsIncludeNullsUserElement2>
                <IsIncludeNullsOrgTrx>false</IsIncludeNullsOrgTrx>
                <Description/>
                <IsActive>true</IsActive>
                <UserElement1_ID reference="id"/>
                <Org_ID reference="id"/>
                <AD_OrgTrx_ID reference="id"/>
                <C_ElementValue_ID reference="id">507</C_ElementValue_ID>
                <C_Location_ID reference="id"/>
                <UserElement2_ID reference="id"/>
            </PA_ReportSource>
            <PA_ReportSource type="table">
                <AD_Client_ID reference="id">11</AD_Client_ID>
                <AD_Org_ID reference="id">11</AD_Org_ID>
                <PA_ReportLine_ID reference="uuid" reference-key="PA_ReportLine">22cbeecc-4216-4a61-a8e8-c92a0122022e</PA_ReportLine_ID>
                <C_Project_ID reference="id"/>
                <C_SalesRegion_ID reference="id"/>
                <M_Product_ID reference="id"/>
                <ElementType>AC</ElementType>
                <C_Campaign_ID reference="id"/>
                <PA_ReportSource_UU>e9445fec-cf43-41f2-9da9-bc121da995ff</PA_ReportSource_UU>
                <C_Activity_ID reference="id"/>
                <C_BPartner_ID reference="id"/>
                <IsIncludeNullsProduct>false</IsIncludeNullsProduct>
                <IsIncludeNullsOrg>false</IsIncludeNullsOrg>
                <IsIncludeNullsElementValue>false</IsIncludeNullsElementValue>
                <IsIncludeNullsBPartner>false</IsIncludeNullsBPartner>
                <IsIncludeNullsLocation>false</IsIncludeNullsLocation>
                <IsIncludeNullsProject>false</IsIncludeNullsProject>
                <IsIncludeNullsSalesRegion>false</IsIncludeNullsSalesRegion>
                <IsIncludeNullsActivity>false</IsIncludeNullsActivity>
                <IsIncludeNullsCampaign>false</IsIncludeNullsCampaign>
                <IsIncludeNullsUserElement1>false</IsIncludeNullsUserElement1>
                <IsIncludeNullsUserElement2>false</IsIncludeNullsUserElement2>
                <IsIncludeNullsOrgTrx>false</IsIncludeNullsOrgTrx>
                <Description/>
                <IsActive>true</IsActive>
                <UserElement1_ID reference="id"/>
                <Org_ID reference="id"/>
                <AD_OrgTrx_ID reference="id"/>
                <C_ElementValue_ID reference="id">517</C_ElementValue_ID>
                <C_Location_ID reference="id"/>
                <UserElement2_ID reference="id"/>
            </PA_ReportSource>
            <PA_ReportSource type="table">
                <AD_Client_ID reference="id">11</AD_Client_ID>
                <AD_Org_ID reference="id">11</AD_Org_ID>
                <PA_ReportLine_ID reference="uuid" reference-key="PA_ReportLine">22cbeecc-4216-4a61-a8e8-c92a0122022e</PA_ReportLine_ID>
                <C_Project_ID reference="id"/>
                <C_SalesRegion_ID reference="id"/>
                <M_Product_ID reference="id"/>
                <ElementType>AC</ElementType>
                <C_Campaign_ID reference="id"/>
                <PA_ReportSource_UU>c32aca30-64aa-4e8a-988b-87cfdf70b157</PA_ReportSource_UU>
                <C_Activity_ID reference="id"/>
                <C_BPartner_ID reference="id"/>
                <IsIncludeNullsProduct>false</IsIncludeNullsProduct>
                <IsIncludeNullsOrg>false</IsIncludeNullsOrg>
                <IsIncludeNullsElementValue>false</IsIncludeNullsElementValue>
                <IsIncludeNullsBPartner>false</IsIncludeNullsBPartner>
                <IsIncludeNullsLocation>false</IsIncludeNullsLocation>
                <IsIncludeNullsProject>false</IsIncludeNullsProject>
                <IsIncludeNullsSalesRegion>false</IsIncludeNullsSalesRegion>
                <IsIncludeNullsActivity>false</IsIncludeNullsActivity>
                <IsIncludeNullsCampaign>false</IsIncludeNullsCampaign>
                <IsIncludeNullsUserElement1>false</IsIncludeNullsUserElement1>
                <IsIncludeNullsUserElement2>false</IsIncludeNullsUserElement2>
                <IsIncludeNullsOrgTrx>false</IsIncludeNullsOrgTrx>
                <Description/>
                <IsActive>true</IsActive>
                <UserElement1_ID reference="id"/>
                <Org_ID reference="id"/>
                <AD_OrgTrx_ID reference="id"/>
                <C_ElementValue_ID reference="id">537</C_ElementValue_ID>
                <C_Location_ID reference="id"/>
                <UserElement2_ID reference="id"/>
            </PA_ReportSource>
            <PA_ReportSource type="table">
                <AD_Client_ID reference="id">11</AD_Client_ID>
                <AD_Org_ID reference="id">11</AD_Org_ID>
                <PA_ReportLine_ID reference="uuid" reference-key="PA_ReportLine">22cbeecc-4216-4a61-a8e8-c92a0122022e</PA_ReportLine_ID>
                <C_Project_ID reference="id"/>
                <C_SalesRegion_ID reference="id"/>
                <M_Product_ID reference="id"/>
                <ElementType>AC</ElementType>
                <C_Campaign_ID reference="id"/>
                <PA_ReportSource_UU>f22dcb9d-9690-4208-bb88-9274ff0b347e</PA_ReportSource_UU>
                <C_Activity_ID reference="id"/>
                <C_BPartner_ID reference="id"/>
                <IsIncludeNullsProduct>false</IsIncludeNullsProduct>
                <IsIncludeNullsOrg>false</IsIncludeNullsOrg>
                <IsIncludeNullsElementValue>false</IsIncludeNullsElementValue>
                <IsIncludeNullsBPartner>false</IsIncludeNullsBPartner>
                <IsIncludeNullsLocation>false</IsIncludeNullsLocation>
                <IsIncludeNullsProject>false</IsIncludeNullsProject>
                <IsIncludeNullsSalesRegion>false</IsIncludeNullsSalesRegion>
                <IsIncludeNullsActivity>false</IsIncludeNullsActivity>
                <IsIncludeNullsCampaign>false</IsIncludeNullsCampaign>
                <IsIncludeNullsUserElement1>false</IsIncludeNullsUserElement1>
                <IsIncludeNullsUserElement2>false</IsIncludeNullsUserElement2>
                <IsIncludeNullsOrgTrx>false</IsIncludeNullsOrgTrx>
                <Description/>
                <IsActive>true</IsActive>
                <UserElement1_ID reference="id"/>
                <Org_ID reference="id"/>
                <AD_OrgTrx_ID reference="id"/>
                <C_ElementValue_ID reference="id">541</C_ElementValue_ID>
                <C_Location_ID reference="id"/>
                <UserElement2_ID reference="id"/>
            </PA_ReportSource>
            <PA_ReportSource type="table">
                <AD_Client_ID reference="id">11</AD_Client_ID>
                <AD_Org_ID reference="id">11</AD_Org_ID>
                <PA_ReportLine_ID reference="uuid" reference-key="PA_ReportLine">22cbeecc-4216-4a61-a8e8-c92a0122022e</PA_ReportLine_ID>
                <C_Project_ID reference="id"/>
                <C_SalesRegion_ID reference="id"/>
                <M_Product_ID reference="id"/>
                <ElementType>AC</ElementType>
                <C_Campaign_ID reference="id"/>
                <PA_ReportSource_UU>756f2a66-4eec-4992-9a5c-0d4a23491ef3</PA_ReportSource_UU>
                <C_Activity_ID reference="id"/>
                <C_BPartner_ID reference="id"/>
                <IsIncludeNullsProduct>false</IsIncludeNullsProduct>
                <IsIncludeNullsOrg>false</IsIncludeNullsOrg>
                <IsIncludeNullsElementValue>false</IsIncludeNullsElementValue>
                <IsIncludeNullsBPartner>false</IsIncludeNullsBPartner>
                <IsIncludeNullsLocation>false</IsIncludeNullsLocation>
                <IsIncludeNullsProject>false</IsIncludeNullsProject>
                <IsIncludeNullsSalesRegion>false</IsIncludeNullsSalesRegion>
                <IsIncludeNullsActivity>false</IsIncludeNullsActivity>
                <IsIncludeNullsCampaign>false</IsIncludeNullsCampaign>
                <IsIncludeNullsUserElement1>false</IsIncludeNullsUserElement1>
                <IsIncludeNullsUserElement2>false</IsIncludeNullsUserElement2>
                <IsIncludeNullsOrgTrx>false</IsIncludeNullsOrgTrx>
                <Description/>
                <IsActive>true</IsActive>
                <UserElement1_ID reference="id"/>
                <Org_ID reference="id"/>
                <AD_OrgTrx_ID reference="id"/>
                <C_ElementValue_ID reference="id">542</C_ElementValue_ID>
                <C_Location_ID reference="id"/>
                <UserElement2_ID reference="id"/>
            </PA_ReportSource>
        </PA_ReportLine>
        <PA_ReportLine type="table">
            <AD_Client_ID reference="id">11</AD_Client_ID>
            <AD_Org_ID reference="id">11</AD_Org_ID>
            <IsPrinted>false</IsPrinted>
            <Oper_2_ID reference="id"/>
            <SeqNo>70</SeqNo>
            <PA_ReportLineSet_ID reference="uuid" reference-key="PA_ReportLineSet">ee0b55aa-6871-41a4-b53b-a44be4afdcf5</PA_ReportLineSet_ID>
            <Oper_1_ID reference="id"/>
            <PostingType/>
            <LineType>S</LineType>
            <CalculationType>A</CalculationType>
            <PAAmountType/>
            <PAPeriodType/>
            <Description>Replace this line with detail as needed to support your totals</Description>
            <Name>NOTE:</Name>
            <PA_ReportLine_UU>5d8caec8-ae92-4c2d-ac6a-720cac61b230</PA_ReportLine_UU>
            <IsActive>true</IsActive>
            <IsInverseDebitCreditOnly>false</IsInverseDebitCreditOnly>
            <GL_Budget_ID reference="id"/>
        </PA_ReportLine>
        <PA_ReportLine type="table">
            <AD_Client_ID reference="id">11</AD_Client_ID>
            <AD_Org_ID reference="id">11</AD_Org_ID>
            <IsPrinted>false</IsPrinted>
            <Oper_2_ID reference="id"/>
            <SeqNo>90</SeqNo>
            <PA_ReportLineSet_ID reference="uuid" reference-key="PA_ReportLineSet">ee0b55aa-6871-41a4-b53b-a44be4afdcf5</PA_ReportLineSet_ID>
            <Oper_1_ID reference="id"/>
            <PostingType/>
            <LineType>S</LineType>
            <CalculationType>A</CalculationType>
            <PAAmountType/>
            <PAPeriodType/>
            <Description>Replace this line with detail as needed to support your totals</Description>
            <Name>NOTE:</Name>
            <PA_ReportLine_UU>37317eb5-efcb-4d50-8d86-72e13590cbbd</PA_ReportLine_UU>
            <IsActive>true</IsActive>
            <IsInverseDebitCreditOnly>false</IsInverseDebitCreditOnly>
            <GL_Budget_ID reference="id"/>
        </PA_ReportLine>
        <PA_ReportLine type="table">
            <AD_Client_ID reference="id">11</AD_Client_ID>
            <AD_Org_ID reference="id">11</AD_Org_ID>
            <IsPrinted>true</IsPrinted>
            <Oper_2_ID reference="id"/>
            <SeqNo>100</SeqNo>
            <PA_ReportLineSet_ID reference="uuid" reference-key="PA_ReportLineSet">ee0b55aa-6871-41a4-b53b-a44be4afdcf5</PA_ReportLineSet_ID>
            <Oper_1_ID reference="id"/>
            <PostingType/>
            <LineType>S</LineType>
            <CalculationType>A</CalculationType>
            <PAAmountType/>
            <PAPeriodType/>
            <Description>2</Description>
            <Name>__Other Assets</Name>
            <PA_ReportLine_UU>0574e333-8c83-46ef-bb43-ec1c0584334d</PA_ReportLine_UU>
            <IsActive>true</IsActive>
            <IsInverseDebitCreditOnly>false</IsInverseDebitCreditOnly>
            <GL_Budget_ID reference="id"/>
            <PA_ReportSource type="table">
                <AD_Client_ID reference="id">11</AD_Client_ID>
                <AD_Org_ID reference="id">11</AD_Org_ID>
                <PA_ReportLine_ID reference="uuid" reference-key="PA_ReportLine">0574e333-8c83-46ef-bb43-ec1c0584334d</PA_ReportLine_ID>
                <C_Project_ID reference="id"/>
                <C_SalesRegion_ID reference="id"/>
                <M_Product_ID reference="id"/>
                <ElementType>AC</ElementType>
                <C_Campaign_ID reference="id"/>
                <PA_ReportSource_UU>dc739982-86c1-4443-ac0d-b27870a241d5</PA_ReportSource_UU>
                <C_Activity_ID reference="id"/>
                <C_BPartner_ID reference="id"/>
                <IsIncludeNullsProduct>false</IsIncludeNullsProduct>
                <IsIncludeNullsOrg>false</IsIncludeNullsOrg>
                <IsIncludeNullsElementValue>false</IsIncludeNullsElementValue>
                <IsIncludeNullsBPartner>false</IsIncludeNullsBPartner>
                <IsIncludeNullsLocation>false</IsIncludeNullsLocation>
                <IsIncludeNullsProject>false</IsIncludeNullsProject>
                <IsIncludeNullsSalesRegion>false</IsIncludeNullsSalesRegion>
                <IsIncludeNullsActivity>false</IsIncludeNullsActivity>
                <IsIncludeNullsCampaign>false</IsIncludeNullsCampaign>
                <IsIncludeNullsUserElement1>false</IsIncludeNullsUserElement1>
                <IsIncludeNullsUserElement2>false</IsIncludeNullsUserElement2>
                <IsIncludeNullsOrgTrx>false</IsIncludeNullsOrgTrx>
                <Description/>
                <IsActive>true</IsActive>
                <UserElement1_ID reference="id"/>
                <Org_ID reference="id"/>
                <AD_OrgTrx_ID reference="id"/>
                <C_ElementValue_ID reference="id">577</C_ElementValue_ID>
                <C_Location_ID reference="id"/>
                <UserElement2_ID reference="id"/>
            </PA_ReportSource>
        </PA_ReportLine>
        <PA_ReportLine type="table">
            <AD_Client_ID reference="id">11</AD_Client_ID>
            <AD_Org_ID reference="id">11</AD_Org_ID>
            <IsPrinted>false</IsPrinted>
            <Oper_2_ID reference="id"/>
            <SeqNo>110</SeqNo>
            <PA_ReportLineSet_ID reference="uuid" reference-key="PA_ReportLineSet">ee0b55aa-6871-41a4-b53b-a44be4afdcf5</PA_ReportLineSet_ID>
            <Oper_1_ID reference="id"/>
            <PostingType/>
            <LineType>S</LineType>
            <CalculationType>A</CalculationType>
            <PAAmountType/>
            <PAPeriodType/>
            <Description>Replace this line with detail as needed to support your totals</Description>
            <Name>NOTE:</Name>
            <PA_ReportLine_UU>a85a0eae-b2e9-4c15-ae39-e68116d6c885</PA_ReportLine_UU>
            <IsActive>true</IsActive>
            <IsInverseDebitCreditOnly>false</IsInverseDebitCreditOnly>
            <GL_Budget_ID reference="id"/>
        </PA_ReportLine>
        <PA_ReportLine type="table">
            <AD_Client_ID reference="id">11</AD_Client_ID>
            <AD_Org_ID reference="id">11</AD_Org_ID>
            <IsPrinted>false</IsPrinted>
            <Oper_2_ID reference="id"/>
            <SeqNo>50</SeqNo>
            <PA_ReportLineSet_ID reference="uuid" reference-key="PA_ReportLineSet">ee0b55aa-6871-41a4-b53b-a44be4afdcf5</PA_ReportLineSet_ID>
            <Oper_1_ID reference="id"/>
            <PostingType/>
            <LineType>S</LineType>
            <CalculationType>A</CalculationType>
            <PAAmountType/>
            <PAPeriodType/>
            <Description>The next line is a good example of picking multiple accounts</Description>
            <Name>Note:</Name>
            <PA_ReportLine_UU>c2fda9fa-08db-4477-9403-5917c97c4240</PA_ReportLine_UU>
            <IsActive>true</IsActive>
            <IsInverseDebitCreditOnly>false</IsInverseDebitCreditOnly>
            <GL_Budget_ID reference="id"/>
        </PA_ReportLine>
        <PA_ReportLine type="table">
            <AD_Client_ID reference="id">11</AD_Client_ID>
            <AD_Org_ID reference="id">11</AD_Org_ID>
            <IsPrinted>true</IsPrinted>
            <Oper_2_ID reference="id"/>
            <SeqNo>130</SeqNo>
            <PA_ReportLineSet_ID reference="uuid" reference-key="PA_ReportLineSet">ee0b55aa-6871-41a4-b53b-a44be4afdcf5</PA_ReportLineSet_ID>
            <Oper_1_ID reference="id"/>
            <PostingType/>
            <LineType>S</LineType>
            <CalculationType>A</CalculationType>
            <PAAmountType/>
            <PAPeriodType/>
            <Description/>
            <Name>Liabilties</Name>
            <PA_ReportLine_UU>e6898798-5179-419e-ab00-54a1a26bdd68</PA_ReportLine_UU>
            <IsActive>true</IsActive>
            <IsInverseDebitCreditOnly>false</IsInverseDebitCreditOnly>
            <GL_Budget_ID reference="id"/>
        </PA_ReportLine>
        <PA_ReportLine type="table">
            <AD_Client_ID reference="id">11</AD_Client_ID>
            <AD_Org_ID reference="id">11</AD_Org_ID>
            <IsPrinted>true</IsPrinted>
            <Oper_2_ID reference="id"/>
            <SeqNo>160</SeqNo>
            <PA_ReportLineSet_ID reference="uuid" reference-key="PA_ReportLineSet">ee0b55aa-6871-41a4-b53b-a44be4afdcf5</PA_ReportLineSet_ID>
            <Oper_1_ID reference="id"/>
            <PostingType/>
            <LineType>S</LineType>
            <CalculationType>A</CalculationType>
            <PAAmountType/>
            <PAPeriodType/>
            <Description>uB</Description>
            <Name>Total Liabilities</Name>
            <PA_ReportLine_UU>bdf0c6a9-2411-4c2c-b06d-5d5d444d8729</PA_ReportLine_UU>
            <IsActive>true</IsActive>
            <IsInverseDebitCreditOnly>false</IsInverseDebitCreditOnly>
            <GL_Budget_ID reference="id"/>
            <PA_ReportSource type="table">
                <AD_Client_ID reference="id">11</AD_Client_ID>
                <AD_Org_ID reference="id">11</AD_Org_ID>
                <PA_ReportLine_ID reference="uuid" reference-key="PA_ReportLine">bdf0c6a9-2411-4c2c-b06d-5d5d444d8729</PA_ReportLine_ID>
                <C_Project_ID reference="id"/>
                <C_SalesRegion_ID reference="id"/>
                <M_Product_ID reference="id"/>
                <ElementType>AC</ElementType>
                <C_Campaign_ID reference="id"/>
                <PA_ReportSource_UU>997b5cd7-83ab-4695-99e2-f6a21798aa7e</PA_ReportSource_UU>
                <C_Activity_ID reference="id"/>
                <C_BPartner_ID reference="id"/>
                <IsIncludeNullsProduct>false</IsIncludeNullsProduct>
                <IsIncludeNullsOrg>false</IsIncludeNullsOrg>
                <IsIncludeNullsElementValue>false</IsIncludeNullsElementValue>
                <IsIncludeNullsBPartner>false</IsIncludeNullsBPartner>
                <IsIncludeNullsLocation>false</IsIncludeNullsLocation>
                <IsIncludeNullsProject>false</IsIncludeNullsProject>
                <IsIncludeNullsSalesRegion>false</IsIncludeNullsSalesRegion>
                <IsIncludeNullsActivity>false</IsIncludeNullsActivity>
                <IsIncludeNullsCampaign>false</IsIncludeNullsCampaign>
                <IsIncludeNullsUserElement1>false</IsIncludeNullsUserElement1>
                <IsIncludeNullsUserElement2>false</IsIncludeNullsUserElement2>
                <IsIncludeNullsOrgTrx>false</IsIncludeNullsOrgTrx>
                <Description/>
                <IsActive>true</IsActive>
                <UserElement1_ID reference="id"/>
                <Org_ID reference="id"/>
                <AD_OrgTrx_ID reference="id"/>
                <C_ElementValue_ID reference="id">584</C_ElementValue_ID>
                <C_Location_ID reference="id"/>
                <UserElement2_ID reference="id"/>
            </PA_ReportSource>
        </PA_ReportLine>
        <PA_ReportLine type="table">
            <AD_Client_ID reference="id">11</AD_Client_ID>
            <AD_Org_ID reference="id">11</AD_Org_ID>
            <IsPrinted>true</IsPrinted>
            <Oper_2_ID reference="id"/>
            <SeqNo>80</SeqNo>
            <PA_ReportLineSet_ID reference="uuid" reference-key="PA_ReportLineSet">ee0b55aa-6871-41a4-b53b-a44be4afdcf5</PA_ReportLineSet_ID>
            <Oper_1_ID reference="id"/>
            <PostingType/>
            <LineType>S</LineType>
            <CalculationType>A</CalculationType>
            <PAAmountType/>
            <PAPeriodType/>
            <Description>2</Description>
            <Name>__Fixed (Long-Term) Assets</Name>
            <PA_ReportLine_UU>08cb40b7-d074-4029-89d1-7717cdbe20a0</PA_ReportLine_UU>
            <IsActive>true</IsActive>
            <IsInverseDebitCreditOnly>false</IsInverseDebitCreditOnly>
            <GL_Budget_ID reference="id"/>
            <PA_ReportSource type="table">
                <AD_Client_ID reference="id">11</AD_Client_ID>
                <AD_Org_ID reference="id">11</AD_Org_ID>
                <PA_ReportLine_ID reference="uuid" reference-key="PA_ReportLine">08cb40b7-d074-4029-89d1-7717cdbe20a0</PA_ReportLine_ID>
                <C_Project_ID reference="id"/>
                <C_SalesRegion_ID reference="id"/>
                <M_Product_ID reference="id"/>
                <ElementType>AC</ElementType>
                <C_Campaign_ID reference="id"/>
                <PA_ReportSource_UU>a451dd62-95c6-4678-8f10-2f7e7fed796b</PA_ReportSource_UU>
                <C_Activity_ID reference="id"/>
                <C_BPartner_ID reference="id"/>
                <IsIncludeNullsProduct>false</IsIncludeNullsProduct>
                <IsIncludeNullsOrg>false</IsIncludeNullsOrg>
                <IsIncludeNullsElementValue>false</IsIncludeNullsElementValue>
                <IsIncludeNullsBPartner>false</IsIncludeNullsBPartner>
                <IsIncludeNullsLocation>false</IsIncludeNullsLocation>
                <IsIncludeNullsProject>false</IsIncludeNullsProject>
                <IsIncludeNullsSalesRegion>false</IsIncludeNullsSalesRegion>
                <IsIncludeNullsActivity>false</IsIncludeNullsActivity>
                <IsIncludeNullsCampaign>false</IsIncludeNullsCampaign>
                <IsIncludeNullsUserElement1>false</IsIncludeNullsUserElement1>
                <IsIncludeNullsUserElement2>false</IsIncludeNullsUserElement2>
                <IsIncludeNullsOrgTrx>false</IsIncludeNullsOrgTrx>
                <Description/>
                <IsActive>true</IsActive>
                <UserElement1_ID reference="id"/>
                <Org_ID reference="id"/>
                <AD_OrgTrx_ID reference="id"/>
                <C_ElementValue_ID reference="id">554</C_ElementValue_ID>
                <C_Location_ID reference="id"/>
                <UserElement2_ID reference="id"/>
            </PA_ReportSource>
            <PA_ReportSource type="table">
                <AD_Client_ID reference="id">11</AD_Client_ID>
                <AD_Org_ID reference="id">11</AD_Org_ID>
                <PA_ReportLine_ID reference="uuid" reference-key="PA_ReportLine">08cb40b7-d074-4029-89d1-7717cdbe20a0</PA_ReportLine_ID>
                <C_Project_ID reference="id"/>
                <C_SalesRegion_ID reference="id"/>
                <M_Product_ID reference="id"/>
                <ElementType>AC</ElementType>
                <C_Campaign_ID reference="id"/>
                <PA_ReportSource_UU>4ae81ee9-f111-40ec-a76e-2a0306a4f28d</PA_ReportSource_UU>
                <C_Activity_ID reference="id"/>
                <C_BPartner_ID reference="id"/>
                <IsIncludeNullsProduct>false</IsIncludeNullsProduct>
                <IsIncludeNullsOrg>false</IsIncludeNullsOrg>
                <IsIncludeNullsElementValue>false</IsIncludeNullsElementValue>
                <IsIncludeNullsBPartner>false</IsIncludeNullsBPartner>
                <IsIncludeNullsLocation>false</IsIncludeNullsLocation>
                <IsIncludeNullsProject>false</IsIncludeNullsProject>
                <IsIncludeNullsSalesRegion>false</IsIncludeNullsSalesRegion>
                <IsIncludeNullsActivity>false</IsIncludeNullsActivity>
                <IsIncludeNullsCampaign>false</IsIncludeNullsCampaign>
                <IsIncludeNullsUserElement1>false</IsIncludeNullsUserElement1>
                <IsIncludeNullsUserElement2>false</IsIncludeNullsUserElement2>
                <IsIncludeNullsOrgTrx>false</IsIncludeNullsOrgTrx>
                <Description/>
                <IsActive>true</IsActive>
                <UserElement1_ID reference="id"/>
                <Org_ID reference="id"/>
                <AD_OrgTrx_ID reference="id"/>
                <C_ElementValue_ID reference="id">560</C_ElementValue_ID>
                <C_Location_ID reference="id"/>
                <UserElement2_ID reference="id"/>
            </PA_ReportSource>
            <PA_ReportSource type="table">
                <AD_Client_ID reference="id">11</AD_Client_ID>
                <AD_Org_ID reference="id">11</AD_Org_ID>
                <PA_ReportLine_ID reference="uuid" reference-key="PA_ReportLine">08cb40b7-d074-4029-89d1-7717cdbe20a0</PA_ReportLine_ID>
                <C_Project_ID reference="id"/>
                <C_SalesRegion_ID reference="id"/>
                <M_Product_ID reference="id"/>
                <ElementType>AC</ElementType>
                <C_Campaign_ID reference="id"/>
                <PA_ReportSource_UU>522759d4-1429-474e-ae3a-345d7bca3c4f</PA_ReportSource_UU>
                <C_Activity_ID reference="id"/>
                <C_BPartner_ID reference="id"/>
                <IsIncludeNullsProduct>false</IsIncludeNullsProduct>
                <IsIncludeNullsOrg>false</IsIncludeNullsOrg>
                <IsIncludeNullsElementValue>false</IsIncludeNullsElementValue>
                <IsIncludeNullsBPartner>false</IsIncludeNullsBPartner>
                <IsIncludeNullsLocation>false</IsIncludeNullsLocation>
                <IsIncludeNullsProject>false</IsIncludeNullsProject>
                <IsIncludeNullsSalesRegion>false</IsIncludeNullsSalesRegion>
                <IsIncludeNullsActivity>false</IsIncludeNullsActivity>
                <IsIncludeNullsCampaign>false</IsIncludeNullsCampaign>
                <IsIncludeNullsUserElement1>false</IsIncludeNullsUserElement1>
                <IsIncludeNullsUserElement2>false</IsIncludeNullsUserElement2>
                <IsIncludeNullsOrgTrx>false</IsIncludeNullsOrgTrx>
                <Description/>
                <IsActive>true</IsActive>
                <UserElement1_ID reference="id"/>
                <Org_ID reference="id"/>
                <AD_OrgTrx_ID reference="id"/>
                <C_ElementValue_ID reference="id">744</C_ElementValue_ID>
                <C_Location_ID reference="id"/>
                <UserElement2_ID reference="id"/>
            </PA_ReportSource>
        </PA_ReportLine>
        <PA_ReportLine type="table">
            <AD_Client_ID reference="id">11</AD_Client_ID>
            <AD_Org_ID reference="id">11</AD_Org_ID>
            <IsPrinted>false</IsPrinted>
            <Oper_2_ID reference="id"/>
            <SeqNo>5</SeqNo>
            <PA_ReportLineSet_ID reference="uuid" reference-key="PA_ReportLineSet">ee0b55aa-6871-41a4-b53b-a44be4afdcf5</PA_ReportLineSet_ID>
            <Oper_1_ID reference="id"/>
            <PostingType/>
            <LineType>S</LineType>
            <CalculationType>A</CalculationType>
            <PAAmountType/>
            <PAPeriodType/>
            <Description>http://images.vertex42.com/ExcelTemplates/balance-sheet-screenshot.gif</Description>
            <Name>Great Example</Name>
            <PA_ReportLine_UU>0077ca3d-f088-4355-b712-5cd5868c9f3c</PA_ReportLine_UU>
            <IsActive>true</IsActive>
            <IsInverseDebitCreditOnly>false</IsInverseDebitCreditOnly>
            <GL_Budget_ID reference="id"/>
        </PA_ReportLine>
        <PA_ReportLine type="table">
            <AD_Client_ID reference="id">11</AD_Client_ID>
            <AD_Org_ID reference="id">11</AD_Org_ID>
            <IsPrinted>true</IsPrinted>
            <Oper_2_ID reference="id"/>
            <SeqNo>170</SeqNo>
            <PA_ReportLineSet_ID reference="uuid" reference-key="PA_ReportLineSet">ee0b55aa-6871-41a4-b53b-a44be4afdcf5</PA_ReportLineSet_ID>
            <Oper_1_ID reference="id"/>
            <PostingType/>
            <LineType>S</LineType>
            <CalculationType>A</CalculationType>
            <PAAmountType/>
            <PAPeriodType/>
            <Description/>
            <Name>Owner Equity</Name>
            <PA_ReportLine_UU>527535ee-5e7c-4e14-aecd-293f205d48c4</PA_ReportLine_UU>
            <IsActive>true</IsActive>
            <IsInverseDebitCreditOnly>false</IsInverseDebitCreditOnly>
            <GL_Budget_ID reference="id"/>
        </PA_ReportLine>
        <PA_ReportLine type="table">
            <AD_Client_ID reference="id">11</AD_Client_ID>
            <AD_Org_ID reference="id">11</AD_Org_ID>
            <IsPrinted>true</IsPrinted>
            <Oper_2_ID reference="id"/>
            <SeqNo>180</SeqNo>
            <PA_ReportLineSet_ID reference="uuid" reference-key="PA_ReportLineSet">ee0b55aa-6871-41a4-b53b-a44be4afdcf5</PA_ReportLineSet_ID>
            <Oper_1_ID reference="id"/>
            <PostingType/>
            <LineType>S</LineType>
            <CalculationType>A</CalculationType>
            <PAAmountType/>
            <PAPeriodType/>
            <Description>2</Description>
            <Name>__Capital</Name>
            <PA_ReportLine_UU>018b4c46-988b-4bc4-abd4-3c84b092f441</PA_ReportLine_UU>
            <IsActive>true</IsActive>
            <IsInverseDebitCreditOnly>false</IsInverseDebitCreditOnly>
            <GL_Budget_ID reference="id"/>
            <PA_ReportSource type="table">
                <AD_Client_ID reference="id">11</AD_Client_ID>
                <AD_Org_ID reference="id">11</AD_Org_ID>
                <PA_ReportLine_ID reference="uuid" reference-key="PA_ReportLine">018b4c46-988b-4bc4-abd4-3c84b092f441</PA_ReportLine_ID>
                <C_Project_ID reference="id"/>
                <C_SalesRegion_ID reference="id"/>
                <M_Product_ID reference="id"/>
                <ElementType>AC</ElementType>
                <C_Campaign_ID reference="id"/>
                <PA_ReportSource_UU>9423fe5e-485d-4e25-9c53-e3b00fbdff1b</PA_ReportSource_UU>
                <C_Activity_ID reference="id"/>
                <C_BPartner_ID reference="id"/>
                <IsIncludeNullsProduct>false</IsIncludeNullsProduct>
                <IsIncludeNullsOrg>false</IsIncludeNullsOrg>
                <IsIncludeNullsElementValue>false</IsIncludeNullsElementValue>
                <IsIncludeNullsBPartner>false</IsIncludeNullsBPartner>
                <IsIncludeNullsLocation>false</IsIncludeNullsLocation>
                <IsIncludeNullsProject>false</IsIncludeNullsProject>
                <IsIncludeNullsSalesRegion>false</IsIncludeNullsSalesRegion>
                <IsIncludeNullsActivity>false</IsIncludeNullsActivity>
                <IsIncludeNullsCampaign>false</IsIncludeNullsCampaign>
                <IsIncludeNullsUserElement1>false</IsIncludeNullsUserElement1>
                <IsIncludeNullsUserElement2>false</IsIncludeNullsUserElement2>
                <IsIncludeNullsOrgTrx>false</IsIncludeNullsOrgTrx>
                <Description/>
                <IsActive>true</IsActive>
                <UserElement1_ID reference="id"/>
                <Org_ID reference="id"/>
                <AD_OrgTrx_ID reference="id"/>
                <C_ElementValue_ID reference="id">625</C_ElementValue_ID>
                <C_Location_ID reference="id"/>
                <UserElement2_ID reference="id"/>
            </PA_ReportSource>
        </PA_ReportLine>
        <PA_ReportLine type="table">
            <AD_Client_ID reference="id">11</AD_Client_ID>
            <AD_Org_ID reference="id">11</AD_Org_ID>
            <IsPrinted>true</IsPrinted>
            <Oper_2_ID reference="id"/>
            <SeqNo>190</SeqNo>
            <PA_ReportLineSet_ID reference="uuid" reference-key="PA_ReportLineSet">ee0b55aa-6871-41a4-b53b-a44be4afdcf5</PA_ReportLineSet_ID>
            <Oper_1_ID reference="id"/>
            <PostingType/>
            <LineType>S</LineType>
            <CalculationType>A</CalculationType>
            <PAAmountType/>
            <PAPeriodType/>
            <Description>2</Description>
            <Name>__Earnings</Name>
            <PA_ReportLine_UU>ab6b42c8-9201-4bde-8430-e3292e85260d</PA_ReportLine_UU>
            <IsActive>true</IsActive>
            <IsInverseDebitCreditOnly>false</IsInverseDebitCreditOnly>
            <GL_Budget_ID reference="id"/>
            <PA_ReportSource type="table">
                <AD_Client_ID reference="id">11</AD_Client_ID>
                <AD_Org_ID reference="id">11</AD_Org_ID>
                <PA_ReportLine_ID reference="uuid" reference-key="PA_ReportLine">ab6b42c8-9201-4bde-8430-e3292e85260d</PA_ReportLine_ID>
                <C_Project_ID reference="id"/>
                <C_SalesRegion_ID reference="id"/>
                <M_Product_ID reference="id"/>
                <ElementType>AC</ElementType>
                <C_Campaign_ID reference="id"/>
                <PA_ReportSource_UU>01662268-06d0-4955-88e0-46b10a259ad3</PA_ReportSource_UU>
                <C_Activity_ID reference="id"/>
                <C_BPartner_ID reference="id"/>
                <IsIncludeNullsProduct>false</IsIncludeNullsProduct>
                <IsIncludeNullsOrg>false</IsIncludeNullsOrg>
                <IsIncludeNullsElementValue>false</IsIncludeNullsElementValue>
                <IsIncludeNullsBPartner>false</IsIncludeNullsBPartner>
                <IsIncludeNullsLocation>false</IsIncludeNullsLocation>
                <IsIncludeNullsProject>false</IsIncludeNullsProject>
                <IsIncludeNullsSalesRegion>false</IsIncludeNullsSalesRegion>
                <IsIncludeNullsActivity>false</IsIncludeNullsActivity>
                <IsIncludeNullsCampaign>false</IsIncludeNullsCampaign>
                <IsIncludeNullsUserElement1>false</IsIncludeNullsUserElement1>
                <IsIncludeNullsUserElement2>false</IsIncludeNullsUserElement2>
                <IsIncludeNullsOrgTrx>false</IsIncludeNullsOrgTrx>
                <Description/>
                <IsActive>true</IsActive>
                <UserElement1_ID reference="id"/>
                <Org_ID reference="id"/>
                <AD_OrgTrx_ID reference="id"/>
                <C_ElementValue_ID reference="id">629</C_ElementValue_ID>
                <C_Location_ID reference="id"/>
                <UserElement2_ID reference="id"/>
            </PA_ReportSource>
        </PA_ReportLine>
        <PA_ReportLine type="table">
            <AD_Client_ID reference="id">11</AD_Client_ID>
            <AD_Org_ID reference="id">11</AD_Org_ID>
            <IsPrinted>true</IsPrinted>
            <Oper_2_ID reference="id"/>
            <SeqNo>140</SeqNo>
            <PA_ReportLineSet_ID reference="uuid" reference-key="PA_ReportLineSet">ee0b55aa-6871-41a4-b53b-a44be4afdcf5</PA_ReportLineSet_ID>
            <Oper_1_ID reference="id"/>
            <PostingType/>
            <LineType>S</LineType>
            <CalculationType>A</CalculationType>
            <PAAmountType/>
            <PAPeriodType/>
            <Description>2</Description>
            <Name>__Current Liabilities</Name>
            <PA_ReportLine_UU>4c65ade2-6d9c-4c2d-ace3-53975fa7e14c</PA_ReportLine_UU>
            <IsActive>true</IsActive>
            <IsInverseDebitCreditOnly>false</IsInverseDebitCreditOnly>
            <GL_Budget_ID reference="id"/>
            <PA_ReportSource type="table">
                <AD_Client_ID reference="id">11</AD_Client_ID>
                <AD_Org_ID reference="id">11</AD_Org_ID>
                <PA_ReportLine_ID reference="uuid" reference-key="PA_ReportLine">4c65ade2-6d9c-4c2d-ace3-53975fa7e14c</PA_ReportLine_ID>
                <C_Project_ID reference="id"/>
                <C_SalesRegion_ID reference="id"/>
                <M_Product_ID reference="id"/>
                <ElementType>AC</ElementType>
                <C_Campaign_ID reference="id"/>
                <PA_ReportSource_UU>818519bb-8da1-4902-a9a0-3c0c146d5a74</PA_ReportSource_UU>
                <C_Activity_ID reference="id"/>
                <C_BPartner_ID reference="id"/>
                <IsIncludeNullsProduct>false</IsIncludeNullsProduct>
                <IsIncludeNullsOrg>false</IsIncludeNullsOrg>
                <IsIncludeNullsElementValue>false</IsIncludeNullsElementValue>
                <IsIncludeNullsBPartner>false</IsIncludeNullsBPartner>
                <IsIncludeNullsLocation>false</IsIncludeNullsLocation>
                <IsIncludeNullsProject>false</IsIncludeNullsProject>
                <IsIncludeNullsSalesRegion>false</IsIncludeNullsSalesRegion>
                <IsIncludeNullsActivity>false</IsIncludeNullsActivity>
                <IsIncludeNullsCampaign>false</IsIncludeNullsCampaign>
                <IsIncludeNullsUserElement1>false</IsIncludeNullsUserElement1>
                <IsIncludeNullsUserElement2>false</IsIncludeNullsUserElement2>
                <IsIncludeNullsOrgTrx>false</IsIncludeNullsOrgTrx>
                <Description/>
                <IsActive>true</IsActive>
                <UserElement1_ID reference="id"/>
                <Org_ID reference="id"/>
                <AD_OrgTrx_ID reference="id"/>
                <C_ElementValue_ID reference="id">585</C_ElementValue_ID>
                <C_Location_ID reference="id"/>
                <UserElement2_ID reference="id"/>
            </PA_ReportSource>
            <PA_ReportSource type="table">
                <AD_Client_ID reference="id">11</AD_Client_ID>
                <AD_Org_ID reference="id">11</AD_Org_ID>
                <PA_ReportLine_ID reference="uuid" reference-key="PA_ReportLine">4c65ade2-6d9c-4c2d-ace3-53975fa7e14c</PA_ReportLine_ID>
                <C_Project_ID reference="id"/>
                <C_SalesRegion_ID reference="id"/>
                <M_Product_ID reference="id"/>
                <ElementType>AC</ElementType>
                <C_Campaign_ID reference="id"/>
                <PA_ReportSource_UU>91795f06-1fc1-4afb-86c3-1c70d5ee1b7c</PA_ReportSource_UU>
                <C_Activity_ID reference="id"/>
                <C_BPartner_ID reference="id"/>
                <IsIncludeNullsProduct>false</IsIncludeNullsProduct>
                <IsIncludeNullsOrg>false</IsIncludeNullsOrg>
                <IsIncludeNullsElementValue>false</IsIncludeNullsElementValue>
                <IsIncludeNullsBPartner>false</IsIncludeNullsBPartner>
                <IsIncludeNullsLocation>false</IsIncludeNullsLocation>
                <IsIncludeNullsProject>false</IsIncludeNullsProject>
                <IsIncludeNullsSalesRegion>false</IsIncludeNullsSalesRegion>
                <IsIncludeNullsActivity>false</IsIncludeNullsActivity>
                <IsIncludeNullsCampaign>false</IsIncludeNullsCampaign>
                <IsIncludeNullsUserElement1>false</IsIncludeNullsUserElement1>
                <IsIncludeNullsUserElement2>false</IsIncludeNullsUserElement2>
                <IsIncludeNullsOrgTrx>false</IsIncludeNullsOrgTrx>
                <Description/>
                <IsActive>true</IsActive>
                <UserElement1_ID reference="id"/>
                <Org_ID reference="id"/>
                <AD_OrgTrx_ID reference="id"/>
                <C_ElementValue_ID reference="id">601</C_ElementValue_ID>
                <C_Location_ID reference="id"/>
                <UserElement2_ID reference="id"/>
            </PA_ReportSource>
            <PA_ReportSource type="table">
                <AD_Client_ID reference="id">11</AD_Client_ID>
                <AD_Org_ID reference="id">11</AD_Org_ID>
                <PA_ReportLine_ID reference="uuid" reference-key="PA_ReportLine">4c65ade2-6d9c-4c2d-ace3-53975fa7e14c</PA_ReportLine_ID>
                <C_Project_ID reference="id"/>
                <C_SalesRegion_ID reference="id"/>
                <M_Product_ID reference="id"/>
                <ElementType>AC</ElementType>
                <C_Campaign_ID reference="id"/>
                <PA_ReportSource_UU>baa92363-9d98-4bed-b25b-3c496061d666</PA_ReportSource_UU>
                <C_Activity_ID reference="id"/>
                <C_BPartner_ID reference="id"/>
                <IsIncludeNullsProduct>false</IsIncludeNullsProduct>
                <IsIncludeNullsOrg>false</IsIncludeNullsOrg>
                <IsIncludeNullsElementValue>false</IsIncludeNullsElementValue>
                <IsIncludeNullsBPartner>false</IsIncludeNullsBPartner>
                <IsIncludeNullsLocation>false</IsIncludeNullsLocation>
                <IsIncludeNullsProject>false</IsIncludeNullsProject>
                <IsIncludeNullsSalesRegion>false</IsIncludeNullsSalesRegion>
                <IsIncludeNullsActivity>false</IsIncludeNullsActivity>
                <IsIncludeNullsCampaign>false</IsIncludeNullsCampaign>
                <IsIncludeNullsUserElement1>false</IsIncludeNullsUserElement1>
                <IsIncludeNullsUserElement2>false</IsIncludeNullsUserElement2>
                <IsIncludeNullsOrgTrx>false</IsIncludeNullsOrgTrx>
                <Description/>
                <IsActive>true</IsActive>
                <UserElement1_ID reference="id"/>
                <Org_ID reference="id"/>
                <AD_OrgTrx_ID reference="id"/>
                <C_ElementValue_ID reference="id">753</C_ElementValue_ID>
                <C_Location_ID reference="id"/>
                <UserElement2_ID reference="id"/>
            </PA_ReportSource>
        </PA_ReportLine>
        <PA_ReportLine type="table">
            <AD_Client_ID reference="id">11</AD_Client_ID>
            <AD_Org_ID reference="id">11</AD_Org_ID>
            <IsPrinted>true</IsPrinted>
            <Oper_2_ID reference="id"/>
            <SeqNo>150</SeqNo>
            <PA_ReportLineSet_ID reference="uuid" reference-key="PA_ReportLineSet">ee0b55aa-6871-41a4-b53b-a44be4afdcf5</PA_ReportLineSet_ID>
            <Oper_1_ID reference="id"/>
            <PostingType/>
            <LineType>S</LineType>
            <CalculationType>A</CalculationType>
            <PAAmountType/>
            <PAPeriodType/>
            <Description>2</Description>
            <Name>__Long-Term Liabilities</Name>
            <PA_ReportLine_UU>626f4159-dd5d-4c50-b291-bf74ff509c64</PA_ReportLine_UU>
            <IsActive>true</IsActive>
            <IsInverseDebitCreditOnly>false</IsInverseDebitCreditOnly>
            <GL_Budget_ID reference="id"/>
            <PA_ReportSource type="table">
                <AD_Client_ID reference="id">11</AD_Client_ID>
                <AD_Org_ID reference="id">11</AD_Org_ID>
                <PA_ReportLine_ID reference="uuid" reference-key="PA_ReportLine">626f4159-dd5d-4c50-b291-bf74ff509c64</PA_ReportLine_ID>
                <C_Project_ID reference="id"/>
                <C_SalesRegion_ID reference="id"/>
                <M_Product_ID reference="id"/>
                <ElementType>AC</ElementType>
                <C_Campaign_ID reference="id"/>
                <PA_ReportSource_UU>4b1a3882-1155-43c2-b1db-cfc1082d39ef</PA_ReportSource_UU>
                <C_Activity_ID reference="id"/>
                <C_BPartner_ID reference="id"/>
                <IsIncludeNullsProduct>false</IsIncludeNullsProduct>
                <IsIncludeNullsOrg>false</IsIncludeNullsOrg>
                <IsIncludeNullsElementValue>false</IsIncludeNullsElementValue>
                <IsIncludeNullsBPartner>false</IsIncludeNullsBPartner>
                <IsIncludeNullsLocation>false</IsIncludeNullsLocation>
                <IsIncludeNullsProject>false</IsIncludeNullsProject>
                <IsIncludeNullsSalesRegion>false</IsIncludeNullsSalesRegion>
                <IsIncludeNullsActivity>false</IsIncludeNullsActivity>
                <IsIncludeNullsCampaign>false</IsIncludeNullsCampaign>
                <IsIncludeNullsUserElement1>false</IsIncludeNullsUserElement1>
                <IsIncludeNullsUserElement2>false</IsIncludeNullsUserElement2>
                <IsIncludeNullsOrgTrx>false</IsIncludeNullsOrgTrx>
                <Description/>
                <IsActive>true</IsActive>
                <UserElement1_ID reference="id"/>
                <Org_ID reference="id"/>
                <AD_OrgTrx_ID reference="id"/>
                <C_ElementValue_ID reference="id">620</C_ElementValue_ID>
                <C_Location_ID reference="id"/>
                <UserElement2_ID reference="id"/>
            </PA_ReportSource>
        </PA_ReportLine>
        <PA_ReportLine type="table">
            <AD_Client_ID reference="id">11</AD_Client_ID>
            <AD_Org_ID reference="id">11</AD_Org_ID>
            <IsPrinted>true</IsPrinted>
            <Oper_2_ID reference="id"/>
            <SeqNo>120</SeqNo>
            <PA_ReportLineSet_ID reference="uuid" reference-key="PA_ReportLineSet">ee0b55aa-6871-41a4-b53b-a44be4afdcf5</PA_ReportLineSet_ID>
            <Oper_1_ID reference="id"/>
            <PostingType/>
            <LineType>S</LineType>
            <CalculationType>A</CalculationType>
            <PAAmountType/>
            <PAPeriodType/>
            <Description>UB</Description>
            <Name>Total Assets</Name>
            <PA_ReportLine_UU>46b99657-f472-4a59-9fd4-c2450ec5127f</PA_ReportLine_UU>
            <IsActive>true</IsActive>
            <IsInverseDebitCreditOnly>false</IsInverseDebitCreditOnly>
            <GL_Budget_ID reference="id"/>
            <PA_ReportSource type="table">
                <AD_Client_ID reference="id">11</AD_Client_ID>
                <AD_Org_ID reference="id">11</AD_Org_ID>
                <PA_ReportLine_ID reference="uuid" reference-key="PA_ReportLine">46b99657-f472-4a59-9fd4-c2450ec5127f</PA_ReportLine_ID>
                <C_Project_ID reference="id"/>
                <C_SalesRegion_ID reference="id"/>
                <M_Product_ID reference="id"/>
                <ElementType>AC</ElementType>
                <C_Campaign_ID reference="id"/>
                <PA_ReportSource_UU>b70a0c9b-aaa7-4fc7-988f-873813eeed28</PA_ReportSource_UU>
                <C_Activity_ID reference="id"/>
                <C_BPartner_ID reference="id"/>
                <IsIncludeNullsProduct>false</IsIncludeNullsProduct>
                <IsIncludeNullsOrg>false</IsIncludeNullsOrg>
                <IsIncludeNullsElementValue>false</IsIncludeNullsElementValue>
                <IsIncludeNullsBPartner>false</IsIncludeNullsBPartner>
                <IsIncludeNullsLocation>false</IsIncludeNullsLocation>
                <IsIncludeNullsProject>false</IsIncludeNullsProject>
                <IsIncludeNullsSalesRegion>false</IsIncludeNullsSalesRegion>
                <IsIncludeNullsActivity>false</IsIncludeNullsActivity>
                <IsIncludeNullsCampaign>false</IsIncludeNullsCampaign>
                <IsIncludeNullsUserElement1>false</IsIncludeNullsUserElement1>
                <IsIncludeNullsUserElement2>false</IsIncludeNullsUserElement2>
                <IsIncludeNullsOrgTrx>false</IsIncludeNullsOrgTrx>
                <Description/>
                <IsActive>true</IsActive>
                <UserElement1_ID reference="id"/>
                <Org_ID reference="id"/>
                <AD_OrgTrx_ID reference="id"/>
                <C_ElementValue_ID reference="id">506</C_ElementValue_ID>
                <C_Location_ID reference="id"/>
                <UserElement2_ID reference="id"/>
            </PA_ReportSource>
        </PA_ReportLine>
        <PA_ReportLine type="table">
            <AD_Client_ID reference="id">11</AD_Client_ID>
            <AD_Org_ID reference="id">11</AD_Org_ID>
            <IsPrinted>false</IsPrinted>
            <Oper_2_ID reference="id"/>
            <SeqNo>210</SeqNo>
            <PA_ReportLineSet_ID reference="uuid" reference-key="PA_ReportLineSet">ee0b55aa-6871-41a4-b53b-a44be4afdcf5</PA_ReportLineSet_ID>
            <Oper_1_ID reference="id"/>
            <PostingType/>
            <LineType>S</LineType>
            <CalculationType>A</CalculationType>
            <PAAmountType/>
            <PAPeriodType>Y</PAPeriodType>
            <Description>This year's current Expenses - NOTE: this line needs a Profit Transfer Report Source record. See: http://www.adempiere.com/Perpetual_Accounting</Description>
            <Name>Current Expenses</Name>
            <PA_ReportLine_UU>07474fd8-7898-4bb9-b5c4-e8007e4a5689</PA_ReportLine_UU>
            <IsActive>true</IsActive>
            <IsInverseDebitCreditOnly>false</IsInverseDebitCreditOnly>
            <GL_Budget_ID reference="id"/>
            <PA_ReportSource type="table">
                <AD_Client_ID reference="id">11</AD_Client_ID>
                <AD_Org_ID reference="id">11</AD_Org_ID>
                <PA_ReportLine_ID reference="uuid" reference-key="PA_ReportLine">07474fd8-7898-4bb9-b5c4-e8007e4a5689</PA_ReportLine_ID>
                <C_Project_ID reference="id"/>
                <C_SalesRegion_ID reference="id"/>
                <M_Product_ID reference="id"/>
                <ElementType>AC</ElementType>
                <C_Campaign_ID reference="id"/>
                <PA_ReportSource_UU>e8ccf95c-4cde-4ce9-931a-3afa3c997411</PA_ReportSource_UU>
                <C_Activity_ID reference="id"/>
                <C_BPartner_ID reference="id"/>
                <IsIncludeNullsProduct>false</IsIncludeNullsProduct>
                <IsIncludeNullsOrg>false</IsIncludeNullsOrg>
                <IsIncludeNullsElementValue>false</IsIncludeNullsElementValue>
                <IsIncludeNullsBPartner>false</IsIncludeNullsBPartner>
                <IsIncludeNullsLocation>false</IsIncludeNullsLocation>
                <IsIncludeNullsProject>false</IsIncludeNullsProject>
                <IsIncludeNullsSalesRegion>false</IsIncludeNullsSalesRegion>
                <IsIncludeNullsActivity>false</IsIncludeNullsActivity>
                <IsIncludeNullsCampaign>false</IsIncludeNullsCampaign>
                <IsIncludeNullsUserElement1>false</IsIncludeNullsUserElement1>
                <IsIncludeNullsUserElement2>false</IsIncludeNullsUserElement2>
                <IsIncludeNullsOrgTrx>false</IsIncludeNullsOrgTrx>
                <Description/>
                <IsActive>true</IsActive>
                <UserElement1_ID reference="id"/>
                <Org_ID reference="id"/>
                <AD_OrgTrx_ID reference="id"/>
                <C_ElementValue_ID reference="id">429</C_ElementValue_ID>
                <C_Location_ID reference="id"/>
                <UserElement2_ID reference="id"/>
            </PA_ReportSource>
            <PA_ReportSource type="table">
                <AD_Client_ID reference="id">11</AD_Client_ID>
                <AD_Org_ID reference="id">11</AD_Org_ID>
                <PA_ReportLine_ID reference="uuid" reference-key="PA_ReportLine">07474fd8-7898-4bb9-b5c4-e8007e4a5689</PA_ReportLine_ID>
                <C_Project_ID reference="id"/>
                <C_SalesRegion_ID reference="id"/>
                <M_Product_ID reference="id"/>
                <ElementType>AC</ElementType>
                <C_Campaign_ID reference="id"/>
                <PA_ReportSource_UU>79e9c3af-9995-45c7-863e-8621f0a1096b</PA_ReportSource_UU>
                <C_Activity_ID reference="id"/>
                <C_BPartner_ID reference="id"/>
                <IsIncludeNullsProduct>false</IsIncludeNullsProduct>
                <IsIncludeNullsOrg>false</IsIncludeNullsOrg>
                <IsIncludeNullsElementValue>false</IsIncludeNullsElementValue>
                <IsIncludeNullsBPartner>false</IsIncludeNullsBPartner>
                <IsIncludeNullsLocation>false</IsIncludeNullsLocation>
                <IsIncludeNullsProject>false</IsIncludeNullsProject>
                <IsIncludeNullsSalesRegion>false</IsIncludeNullsSalesRegion>
                <IsIncludeNullsActivity>false</IsIncludeNullsActivity>
                <IsIncludeNullsCampaign>false</IsIncludeNullsCampaign>
                <IsIncludeNullsUserElement1>false</IsIncludeNullsUserElement1>
                <IsIncludeNullsUserElement2>false</IsIncludeNullsUserElement2>
                <IsIncludeNullsOrgTrx>false</IsIncludeNullsOrgTrx>
                <Description/>
                <IsActive>true</IsActive>
                <UserElement1_ID reference="id"/>
                <Org_ID reference="id"/>
                <AD_OrgTrx_ID reference="id"/>
                <C_ElementValue_ID reference="id">449</C_ElementValue_ID>
                <C_Location_ID reference="id"/>
                <UserElement2_ID reference="id"/>
            </PA_ReportSource>
            <PA_ReportSource type="table">
                <AD_Client_ID reference="id">11</AD_Client_ID>
                <AD_Org_ID reference="id">11</AD_Org_ID>
                <PA_ReportLine_ID reference="uuid" reference-key="PA_ReportLine">07474fd8-7898-4bb9-b5c4-e8007e4a5689</PA_ReportLine_ID>
                <C_Project_ID reference="id"/>
                <C_SalesRegion_ID reference="id"/>
                <M_Product_ID reference="id"/>
                <ElementType>AC</ElementType>
                <C_Campaign_ID reference="id"/>
                <PA_ReportSource_UU>a0faec93-5bbd-4b97-9a5a-9d327b30e6af</PA_ReportSource_UU>
                <C_Activity_ID reference="id"/>
                <C_BPartner_ID reference="id"/>
                <IsIncludeNullsProduct>false</IsIncludeNullsProduct>
                <IsIncludeNullsOrg>false</IsIncludeNullsOrg>
                <IsIncludeNullsElementValue>false</IsIncludeNullsElementValue>
                <IsIncludeNullsBPartner>false</IsIncludeNullsBPartner>
                <IsIncludeNullsLocation>false</IsIncludeNullsLocation>
                <IsIncludeNullsProject>false</IsIncludeNullsProject>
                <IsIncludeNullsSalesRegion>false</IsIncludeNullsSalesRegion>
                <IsIncludeNullsActivity>false</IsIncludeNullsActivity>
                <IsIncludeNullsCampaign>false</IsIncludeNullsCampaign>
                <IsIncludeNullsUserElement1>false</IsIncludeNullsUserElement1>
                <IsIncludeNullsUserElement2>false</IsIncludeNullsUserElement2>
                <IsIncludeNullsOrgTrx>false</IsIncludeNullsOrgTrx>
                <Description/>
                <IsActive>true</IsActive>
                <UserElement1_ID reference="id"/>
                <Org_ID reference="id"/>
                <AD_OrgTrx_ID reference="id"/>
                <C_ElementValue_ID reference="id">783</C_ElementValue_ID>
                <C_Location_ID reference="id"/>
                <UserElement2_ID reference="id"/>
            </PA_ReportSource>
            <PA_ReportSource type="table">
                <AD_Client_ID reference="id">11</AD_Client_ID>
                <AD_Org_ID reference="id">11</AD_Org_ID>
                <PA_ReportLine_ID reference="uuid" reference-key="PA_ReportLine">07474fd8-7898-4bb9-b5c4-e8007e4a5689</PA_ReportLine_ID>
                <C_Project_ID reference="id"/>
                <C_SalesRegion_ID reference="id"/>
                <M_Product_ID reference="id"/>
                <ElementType>AC</ElementType>
                <C_Campaign_ID reference="id"/>
                <PA_ReportSource_UU>e8082ab7-5fbe-4cd7-a406-fd40a53f9bd5</PA_ReportSource_UU>
                <C_Activity_ID reference="id"/>
                <C_BPartner_ID reference="id"/>
                <IsIncludeNullsProduct>false</IsIncludeNullsProduct>
                <IsIncludeNullsOrg>false</IsIncludeNullsOrg>
                <IsIncludeNullsElementValue>false</IsIncludeNullsElementValue>
                <IsIncludeNullsBPartner>false</IsIncludeNullsBPartner>
                <IsIncludeNullsLocation>false</IsIncludeNullsLocation>
                <IsIncludeNullsProject>false</IsIncludeNullsProject>
                <IsIncludeNullsSalesRegion>false</IsIncludeNullsSalesRegion>
                <IsIncludeNullsActivity>false</IsIncludeNullsActivity>
                <IsIncludeNullsCampaign>false</IsIncludeNullsCampaign>
                <IsIncludeNullsUserElement1>false</IsIncludeNullsUserElement1>
                <IsIncludeNullsUserElement2>false</IsIncludeNullsUserElement2>
                <IsIncludeNullsOrgTrx>false</IsIncludeNullsOrgTrx>
                <Description/>
                <IsActive>true</IsActive>
                <UserElement1_ID reference="id"/>
                <Org_ID reference="id"/>
                <AD_OrgTrx_ID reference="id"/>
                <C_ElementValue_ID reference="id">704</C_ElementValue_ID>
                <C_Location_ID reference="id"/>
                <UserElement2_ID reference="id"/>
            </PA_ReportSource>
            <PA_ReportSource type="table">
                <AD_Client_ID reference="id">11</AD_Client_ID>
                <AD_Org_ID reference="id">11</AD_Org_ID>
                <PA_ReportLine_ID reference="uuid" reference-key="PA_ReportLine">07474fd8-7898-4bb9-b5c4-e8007e4a5689</PA_ReportLine_ID>
                <C_Project_ID reference="id"/>
                <C_SalesRegion_ID reference="id"/>
                <M_Product_ID reference="id"/>
                <ElementType>AC</ElementType>
                <C_Campaign_ID reference="id"/>
                <PA_ReportSource_UU>7d9ef73c-4eaf-47bf-8826-b39a0f5eef8b</PA_ReportSource_UU>
                <C_Activity_ID reference="id"/>
                <C_BPartner_ID reference="id"/>
                <IsIncludeNullsProduct>false</IsIncludeNullsProduct>
                <IsIncludeNullsOrg>false</IsIncludeNullsOrg>
                <IsIncludeNullsElementValue>false</IsIncludeNullsElementValue>
                <IsIncludeNullsBPartner>false</IsIncludeNullsBPartner>
                <IsIncludeNullsLocation>false</IsIncludeNullsLocation>
                <IsIncludeNullsProject>false</IsIncludeNullsProject>
                <IsIncludeNullsSalesRegion>false</IsIncludeNullsSalesRegion>
                <IsIncludeNullsActivity>false</IsIncludeNullsActivity>
                <IsIncludeNullsCampaign>false</IsIncludeNullsCampaign>
                <IsIncludeNullsUserElement1>false</IsIncludeNullsUserElement1>
                <IsIncludeNullsUserElement2>false</IsIncludeNullsUserElement2>
                <IsIncludeNullsOrgTrx>false</IsIncludeNullsOrgTrx>
                <Description/>
                <IsActive>true</IsActive>
                <UserElement1_ID reference="id"/>
                <Org_ID reference="id"/>
                <AD_OrgTrx_ID reference="id"/>
                <C_ElementValue_ID reference="id">716</C_ElementValue_ID>
                <C_Location_ID reference="id"/>
                <UserElement2_ID reference="id"/>
            </PA_ReportSource>
            <PA_ReportSource type="table">
                <AD_Client_ID reference="id">11</AD_Client_ID>
                <AD_Org_ID reference="id">11</AD_Org_ID>
                <PA_ReportLine_ID reference="uuid" reference-key="PA_ReportLine">07474fd8-7898-4bb9-b5c4-e8007e4a5689</PA_ReportLine_ID>
                <C_Project_ID reference="id"/>
                <C_SalesRegion_ID reference="id"/>
                <M_Product_ID reference="id"/>
                <ElementType>AC</ElementType>
                <C_Campaign_ID reference="id"/>
                <PA_ReportSource_UU>4af56b3a-c7c8-447c-b439-ab2bc02c198a</PA_ReportSource_UU>
                <C_Activity_ID reference="id"/>
                <C_BPartner_ID reference="id"/>
                <IsIncludeNullsProduct>false</IsIncludeNullsProduct>
                <IsIncludeNullsOrg>false</IsIncludeNullsOrg>
                <IsIncludeNullsElementValue>false</IsIncludeNullsElementValue>
                <IsIncludeNullsBPartner>false</IsIncludeNullsBPartner>
                <IsIncludeNullsLocation>false</IsIncludeNullsLocation>
                <IsIncludeNullsProject>false</IsIncludeNullsProject>
                <IsIncludeNullsSalesRegion>false</IsIncludeNullsSalesRegion>
                <IsIncludeNullsActivity>false</IsIncludeNullsActivity>
                <IsIncludeNullsCampaign>false</IsIncludeNullsCampaign>
                <IsIncludeNullsUserElement1>false</IsIncludeNullsUserElement1>
                <IsIncludeNullsUserElement2>false</IsIncludeNullsUserElement2>
                <IsIncludeNullsOrgTrx>false</IsIncludeNullsOrgTrx>
                <Description/>
                <IsActive>true</IsActive>
                <UserElement1_ID reference="id"/>
                <Org_ID reference="id"/>
                <AD_OrgTrx_ID reference="id"/>
                <C_ElementValue_ID reference="id">728</C_ElementValue_ID>
                <C_Location_ID reference="id"/>
                <UserElement2_ID reference="id"/>
            </PA_ReportSource>
        </PA_ReportLine>
        <PA_ReportLine type="table">
            <AD_Client_ID reference="id">11</AD_Client_ID>
            <AD_Org_ID reference="id">11</AD_Org_ID>
            <IsPrinted>false</IsPrinted>
            <Oper_2_ID reference="id"/>
            <SeqNo>200</SeqNo>
            <PA_ReportLineSet_ID reference="uuid" reference-key="PA_ReportLineSet">ee0b55aa-6871-41a4-b53b-a44be4afdcf5</PA_ReportLineSet_ID>
            <Oper_1_ID reference="id"/>
            <PostingType/>
            <LineType>S</LineType>
            <CalculationType>A</CalculationType>
            <PAAmountType/>
            <PAPeriodType>Y</PAPeriodType>
            <Description>This year's current Revenue</Description>
            <Name>Current Revenue</Name>
            <PA_ReportLine_UU>4673fc2b-d84f-4ec4-b323-b24336ff84de</PA_ReportLine_UU>
            <IsActive>true</IsActive>
            <IsInverseDebitCreditOnly>false</IsInverseDebitCreditOnly>
            <GL_Budget_ID reference="id"/>
            <PA_ReportSource type="table">
                <AD_Client_ID reference="id">11</AD_Client_ID>
                <AD_Org_ID reference="id">11</AD_Org_ID>
                <PA_ReportLine_ID reference="uuid" reference-key="PA_ReportLine">4673fc2b-d84f-4ec4-b323-b24336ff84de</PA_ReportLine_ID>
                <C_Project_ID reference="id"/>
                <C_SalesRegion_ID reference="id"/>
                <M_Product_ID reference="id"/>
                <ElementType>AC</ElementType>
                <C_Campaign_ID reference="id"/>
                <PA_ReportSource_UU>105eddb1-aa47-4e91-937d-a8e3d4223c47</PA_ReportSource_UU>
                <C_Activity_ID reference="id"/>
                <C_BPartner_ID reference="id"/>
                <IsIncludeNullsProduct>false</IsIncludeNullsProduct>
                <IsIncludeNullsOrg>false</IsIncludeNullsOrg>
                <IsIncludeNullsElementValue>false</IsIncludeNullsElementValue>
                <IsIncludeNullsBPartner>false</IsIncludeNullsBPartner>
                <IsIncludeNullsLocation>false</IsIncludeNullsLocation>
                <IsIncludeNullsProject>false</IsIncludeNullsProject>
                <IsIncludeNullsSalesRegion>false</IsIncludeNullsSalesRegion>
                <IsIncludeNullsActivity>false</IsIncludeNullsActivity>
                <IsIncludeNullsCampaign>false</IsIncludeNullsCampaign>
                <IsIncludeNullsUserElement1>false</IsIncludeNullsUserElement1>
                <IsIncludeNullsUserElement2>false</IsIncludeNullsUserElement2>
                <IsIncludeNullsOrgTrx>false</IsIncludeNullsOrgTrx>
                <Description/>
                <IsActive>true</IsActive>
                <UserElement1_ID reference="id"/>
                <Org_ID reference="id"/>
                <AD_OrgTrx_ID reference="id"/>
                <C_ElementValue_ID reference="id">632</C_ElementValue_ID>
                <C_Location_ID reference="id"/>
                <UserElement2_ID reference="id"/>
            </PA_ReportSource>
        </PA_ReportLine>
        <PA_ReportLine type="table">
            <AD_Client_ID reference="id">11</AD_Client_ID>
            <AD_Org_ID reference="id">11</AD_Org_ID>
            <IsPrinted>true</IsPrinted>
            <Oper_2_ID reference="uuid" reference-key="PA_ReportLine">8050a728-a26b-48e6-b8a8-a1fd0d137d09</Oper_2_ID>
            <SeqNo>240</SeqNo>
            <PA_ReportLineSet_ID reference="uuid" reference-key="PA_ReportLineSet">ee0b55aa-6871-41a4-b53b-a44be4afdcf5</PA_ReportLineSet_ID>
            <Oper_1_ID reference="uuid" reference-key="PA_ReportLine">b133287f-e515-4b16-97da-dda268ebb17c</Oper_1_ID>
            <PostingType/>
            <LineType>C</LineType>
            <CalculationType>A</CalculationType>
            <PAAmountType/>
            <PAPeriodType/>
            <Description>uB</Description>
            <Name>Total Owner Equity</Name>
            <PA_ReportLine_UU>3c46e531-ae52-471f-9c5c-6da92ae6d60b</PA_ReportLine_UU>
            <IsActive>true</IsActive>
            <IsInverseDebitCreditOnly>false</IsInverseDebitCreditOnly>
            <GL_Budget_ID reference="id"/>
        </PA_ReportLine>
        <PA_ReportLine type="table">
            <AD_Client_ID reference="id">11</AD_Client_ID>
            <AD_Org_ID reference="id">11</AD_Org_ID>
            <IsPrinted>true</IsPrinted>
            <Oper_2_ID reference="uuid" reference-key="PA_ReportLine">07474fd8-7898-4bb9-b5c4-e8007e4a5689</Oper_2_ID>
            <SeqNo>220</SeqNo>
            <PA_ReportLineSet_ID reference="uuid" reference-key="PA_ReportLineSet">ee0b55aa-6871-41a4-b53b-a44be4afdcf5</PA_ReportLineSet_ID>
            <Oper_1_ID reference="uuid" reference-key="PA_ReportLine">4673fc2b-d84f-4ec4-b323-b24336ff84de</Oper_1_ID>
            <PostingType/>
            <LineType>C</LineType>
            <CalculationType>S</CalculationType>
            <PAAmountType/>
            <PAPeriodType/>
            <Description>2</Description>
            <Name>__Current Earnings</Name>
            <PA_ReportLine_UU>b133287f-e515-4b16-97da-dda268ebb17c</PA_ReportLine_UU>
            <IsActive>true</IsActive>
            <IsInverseDebitCreditOnly>false</IsInverseDebitCreditOnly>
            <GL_Budget_ID reference="id"/>
        </PA_ReportLine>
        <PA_ReportLine type="table">
            <AD_Client_ID reference="id">11</AD_Client_ID>
            <AD_Org_ID reference="id">11</AD_Org_ID>
            <IsPrinted>false</IsPrinted>
            <Oper_2_ID reference="id"/>
            <SeqNo>230</SeqNo>
            <PA_ReportLineSet_ID reference="uuid" reference-key="PA_ReportLineSet">ee0b55aa-6871-41a4-b53b-a44be4afdcf5</PA_ReportLineSet_ID>
            <Oper_1_ID reference="id"/>
            <PostingType/>
            <LineType>S</LineType>
            <CalculationType>A</CalculationType>
            <PAAmountType/>
            <PAPeriodType/>
            <Description/>
            <Name>Total Owner Equity Before Current Earnings</Name>
            <PA_ReportLine_UU>8050a728-a26b-48e6-b8a8-a1fd0d137d09</PA_ReportLine_UU>
            <IsActive>true</IsActive>
            <IsInverseDebitCreditOnly>false</IsInverseDebitCreditOnly>
            <GL_Budget_ID reference="id"/>
            <PA_ReportSource type="table">
                <AD_Client_ID reference="id">11</AD_Client_ID>
                <AD_Org_ID reference="id">11</AD_Org_ID>
                <PA_ReportLine_ID reference="uuid" reference-key="PA_ReportLine">8050a728-a26b-48e6-b8a8-a1fd0d137d09</PA_ReportLine_ID>
                <C_Project_ID reference="id"/>
                <C_SalesRegion_ID reference="id"/>
                <M_Product_ID reference="id"/>
                <ElementType>AC</ElementType>
                <C_Campaign_ID reference="id"/>
                <PA_ReportSource_UU>ec8306f0-d0fc-4aee-a3ed-4f0bd44007ca</PA_ReportSource_UU>
                <C_Activity_ID reference="id"/>
                <C_BPartner_ID reference="id"/>
                <IsIncludeNullsProduct>false</IsIncludeNullsProduct>
                <IsIncludeNullsOrg>false</IsIncludeNullsOrg>
                <IsIncludeNullsElementValue>false</IsIncludeNullsElementValue>
                <IsIncludeNullsBPartner>false</IsIncludeNullsBPartner>
                <IsIncludeNullsLocation>false</IsIncludeNullsLocation>
                <IsIncludeNullsProject>false</IsIncludeNullsProject>
                <IsIncludeNullsSalesRegion>false</IsIncludeNullsSalesRegion>
                <IsIncludeNullsActivity>false</IsIncludeNullsActivity>
                <IsIncludeNullsCampaign>false</IsIncludeNullsCampaign>
                <IsIncludeNullsUserElement1>false</IsIncludeNullsUserElement1>
                <IsIncludeNullsUserElement2>false</IsIncludeNullsUserElement2>
                <IsIncludeNullsOrgTrx>false</IsIncludeNullsOrgTrx>
                <Description/>
                <IsActive>true</IsActive>
                <UserElement1_ID reference="id"/>
                <Org_ID reference="id"/>
                <AD_OrgTrx_ID reference="id"/>
                <C_ElementValue_ID reference="id">624</C_ElementValue_ID>
                <C_Location_ID reference="id"/>
                <UserElement2_ID reference="id"/>
            </PA_ReportSource>
        </PA_ReportLine>
        <PA_ReportLine type="table">
            <AD_Client_ID reference="id">11</AD_Client_ID>
            <AD_Org_ID reference="id">11</AD_Org_ID>
            <IsPrinted>true</IsPrinted>
            <Oper_2_ID reference="uuid" reference-key="PA_ReportLine">3c46e531-ae52-471f-9c5c-6da92ae6d60b</Oper_2_ID>
            <SeqNo>250</SeqNo>
            <PA_ReportLineSet_ID reference="uuid" reference-key="PA_ReportLineSet">ee0b55aa-6871-41a4-b53b-a44be4afdcf5</PA_ReportLineSet_ID>
            <Oper_1_ID reference="uuid" reference-key="PA_ReportLine">bdf0c6a9-2411-4c2c-b06d-5d5d444d8729</Oper_1_ID>
            <PostingType/>
            <LineType>C</LineType>
            <CalculationType>A</CalculationType>
            <PAAmountType/>
            <PAPeriodType/>
            <Description>UB</Description>
            <Name>Total Liabilities and Owner Equity</Name>
            <PA_ReportLine_UU>c03996b9-b43c-4537-a35e-305e1dff5403</PA_ReportLine_UU>
            <IsActive>true</IsActive>
            <IsInverseDebitCreditOnly>false</IsInverseDebitCreditOnly>
            <GL_Budget_ID reference="id"/>
        </PA_ReportLine>
    </PA_ReportLineSet>
</idempiere>
