<?xml version="1.0" encoding="UTF-8"?>
<idempiere Name="ChuBoe_Consign_System" Version="1" idempiereVersion="" DataBaseVersion="" Description="" Author="" AuthorEmail="" CreatedDate="2014-12-29 23:40:41.827" UpdatedDate="2014-12-29 23:40:41.827" PackOutVersion="100" UpdateDictionary="false" Client="0-SYSTEM-System" AD_Client_UU="11237b53-9592-4af1-b3c5-afd216514b5d">
    <AD_Package_Exp type="table">
        <AD_Client_ID>0</AD_Client_ID>
        <AD_Org_ID>0</AD_Org_ID>
        <Processing>false</Processing>
        <Version/>
        <PK_Version>1</PK_Version>
        <Processed>false</Processed>
        <AD_Package_Type>X</AD_Package_Type>
        <Description/>
        <Name>ChuBoe_Consign_System</Name>
        <UserName/>
        <File_Directory/>
        <AD_Package_Exp_UU>868691f5-9be9-4aed-b3cc-f6a0a53acd33</AD_Package_Exp_UU>
        <ReleaseNo/>
        <IsActive>true</IsActive>
        <EMail/>
        <Instructions/>
        <DateFrom/>
        <IsExportDictionaryEntity>false</IsExportDictionaryEntity>
        <AD_Package_Exp_Detail type="table">
            <AD_Client_ID>0</AD_Client_ID>
            <AD_Org_ID>0</AD_Org_ID>
            <SQLStatement>SELECT * FROM AD_Package_Exp WHERE AD_Package_Exp_UU='868691f5-9be9-4aed-b3cc-f6a0a53acd33';AD_Package_Exp_Detail</SQLStatement>
            <ReleaseNo/>
            <Destination_Directory/>
            <Target_Directory/>
            <DBType>ALL</DBType>
            <Processed>false</Processed>
            <AD_Package_Code_Old/>
            <AD_Menu_ID reference="id"/>
            <AD_Package_Code_New/>
            <Name2/>
            <Destination_FileName/>
            <FileName/>
            <Description/>
            <AD_Package_Exp_Detail_UU>30e85a2c-1547-438a-8467-3c51ca8cee82</AD_Package_Exp_Detail_UU>
            <Type>D</Type>
            <Processing>false</Processing>
            <IsActive>true</IsActive>
            <Line>10</Line>
            <File_Directory/>
            <AD_EntityType_ID reference="id"/>
            <AD_Form_ID reference="id"/>
            <AD_ImpFormat_ID reference="id"/>
            <AD_Message_ID reference="id"/>
            <AD_ModelValidator_ID reference="id"/>
            <AD_Package_Exp_ID reference="uuid" reference-key="AD_Package_Exp">868691f5-9be9-4aed-b3cc-f6a0a53acd33</AD_Package_Exp_ID>
            <AD_PrintFormat_ID reference="id"/>
            <AD_Process_ID reference="id"/>
            <AD_Reference_ID reference="id"/>
            <AD_ReportView_ID reference="id"/>
            <AD_Role_ID reference="id">0</AD_Role_ID>
            <AD_Table_ID reference="id">50005</AD_Table_ID>
            <AD_Val_Rule_ID reference="id"/>
            <AD_Window_ID reference="id"/>
            <AD_Workbench_ID reference="id"/>
            <AD_Workflow_ID reference="id"/>
        </AD_Package_Exp_Detail>
        <AD_Package_Exp_Detail type="table">
            <AD_Client_ID>0</AD_Client_ID>
            <AD_Org_ID>0</AD_Org_ID>
            <SQLStatement/>
            <ReleaseNo/>
            <Destination_Directory/>
            <Target_Directory/>
            <DBType>ALL</DBType>
            <Processed>false</Processed>
            <AD_Package_Code_Old/>
            <AD_Menu_ID reference="uuid" reference-key="AD_Menu">92cc9a4a-c6fd-46e5-a1d5-73d9cbb25b36</AD_Menu_ID>
            <AD_Package_Code_New/>
            <Name2/>
            <Destination_FileName/>
            <FileName/>
            <Description/>
            <AD_Package_Exp_Detail_UU>f2259649-5fa5-41bd-9c06-fa9115fdd85f</AD_Package_Exp_Detail_UU>
            <Type>M</Type>
            <Processing>false</Processing>
            <IsActive>true</IsActive>
            <Line>20</Line>
            <File_Directory/>
            <AD_EntityType_ID reference="id"/>
            <AD_Form_ID reference="id"/>
            <AD_ImpFormat_ID reference="id"/>
            <AD_Message_ID reference="id"/>
            <AD_ModelValidator_ID reference="id"/>
            <AD_Package_Exp_ID reference="uuid" reference-key="AD_Package_Exp">868691f5-9be9-4aed-b3cc-f6a0a53acd33</AD_Package_Exp_ID>
            <AD_PrintFormat_ID reference="id"/>
            <AD_Process_ID reference="id"/>
            <AD_Reference_ID reference="id"/>
            <AD_ReportView_ID reference="id"/>
            <AD_Role_ID reference="id">0</AD_Role_ID>
            <AD_Table_ID reference="id"/>
            <AD_Val_Rule_ID reference="id"/>
            <AD_Window_ID reference="id"/>
            <AD_Workbench_ID reference="id"/>
            <AD_Workflow_ID reference="id"/>
        </AD_Package_Exp_Detail>
    </AD_Package_Exp>
    <AD_Menu type="table">
        <Parent_ID reference="uuid" reference-key="AD_Menu">51c013da-7a5f-43d4-9027-df801e0997a2</Parent_ID>
        <SeqNo>0</SeqNo>
        <AD_Client_ID>0</AD_Client_ID>
        <AD_Org_ID>0</AD_Org_ID>
        <AD_Task_ID reference="id"/>
        <IsSummary>false</IsSummary>
        <IsSOTrx>false</IsSOTrx>
        <IsReadOnly>false</IsReadOnly>
        <IsCentrallyMaintained>true</IsCentrallyMaintained>
        <Name>ChuBoe Consign Customer Shipments</Name>
        <Description>ChuBoe Consign Customer Shipments</Description>
        <AD_Menu_UU>92cc9a4a-c6fd-46e5-a1d5-73d9cbb25b36</AD_Menu_UU>
        <Action>R</Action>
        <IsActive>true</IsActive>
        <AD_InfoWindow_ID reference="id"/>
        <AD_Form_ID reference="id"/>
        <AD_Process_ID reference="uuid" reference-key="AD_Process">936187db-1d55-4cec-bd55-99495fe43670</AD_Process_ID>
        <AD_Window_ID reference="id"/>
        <AD_Workflow_ID reference="id"/>
        <EntityType>U</EntityType>
        <AD_Menu_Trl type="translation">
            <Name>ChuBoe Consign Customer Shipments</Name>
            <Description>ChuBoe Consign Customer Shipments</Description>
            <AD_Language>es_CO</AD_Language>
            <IsActive>true</IsActive>
            <IsTranslated>false</IsTranslated>
        </AD_Menu_Trl>
        <AD_Table type="table">
            <AD_Client_ID>0</AD_Client_ID>
            <AD_Org_ID>0</AD_Org_ID>
            <ImportTable>N</ImportTable>
            <CopyColumnsFromTable>N</CopyColumnsFromTable>
            <IsSecurityEnabled>false</IsSecurityEnabled>
            <AccessLevel>3</AccessLevel>
            <Help/>
            <LoadSeq>0</LoadSeq>
            <AD_Window_ID reference="id"/>
            <IsHighVolume>false</IsHighVolume>
            <IsView>true</IsView>
            <IsChangeLog>false</IsChangeLog>
            <ReplicationType>L</ReplicationType>
            <AD_Table_UU>61280300-be81-41f8-99cd-e60206401fd1</AD_Table_UU>
            <IsCentrallyMaintained>true</IsCentrallyMaintained>
            <IsDeleteable>false</IsDeleteable>
            <TableName>ChuBoe_Consign_Cust_Shipment</TableName>
            <Description/>
            <Name>ChuBoe_Consign_Cust_Shipment</Name>
            <IsActive>true</IsActive>
            <Processing>false</Processing>
            <DatabaseViewDrop>N</DatabaseViewDrop>
            <AD_Val_Rule_ID reference="id"/>
            <PO_Window_ID reference="id"/>
            <EntityType>U</EntityType>
            <AD_Column type="table">
                <IsSyncDatabase>Y</IsSyncDatabase>
                <AD_Table_ID reference="uuid" reference-key="AD_Table">61280300-be81-41f8-99cd-e60206401fd1</AD_Table_ID>
                <AD_Reference_Value_ID reference="id"/>
                <AD_Client_ID>0</AD_Client_ID>
                <AD_Org_ID>0</AD_Org_ID>
                <SeqNoSelection/>
                <Version>0.0</Version>
                <ValueMax/>
                <IsMandatory>false</IsMandatory>
                <IsTranslated>false</IsTranslated>
                <IsIdentifier>false</IsIdentifier>
                <SeqNo/>
                <ValueMin/>
                <IsParent>false</IsParent>
                <FieldLength>10</FieldLength>
                <IsSelectionColumn>false</IsSelectionColumn>
                <IsKey>false</IsKey>
                <ReadOnlyLogic/>
                <IsAutocomplete>false</IsAutocomplete>
                <IsAllowLogging>true</IsAllowLogging>
                <MandatoryLogic/>
                <FormatPattern/>
                <AD_Column_UU>4d3d3bd2-56c2-49cc-a6db-fac2d1268b32</AD_Column_UU>
                <IsUpdateable>false</IsUpdateable>
                <Callout/>
                <ColumnName>AD_Client_ID</ColumnName>
                <Description>Client/Tenant for this installation.</Description>
                <ColumnSQL/>
                <DefaultValue>@#AD_Client_ID@</DefaultValue>
                <Help>A Client is a company or a legal entity. You cannot share data between Clients. Tenant is a synonym for Client.</Help>
                <Name>Client</Name>
                <IsAllowCopy>true</IsAllowCopy>
                <IsActive>true</IsActive>
                <IsToolbarButton>true</IsToolbarButton>
                <IsAlwaysUpdateable>false</IsAlwaysUpdateable>
                <VFormat/>
                <IsEncrypted>N</IsEncrypted>
                <IsSecure>false</IsSecure>
                <AD_Chart_ID reference="id"/>
                <FKConstraintName/>
                <FKConstraintType>N</FKConstraintType>
                <AD_Element_ID reference="id">102</AD_Element_ID>
                <AD_Reference_ID reference="id">19</AD_Reference_ID>
                <AD_Val_Rule_ID reference="id">129</AD_Val_Rule_ID>
                <AD_Process_ID reference="id"/>
                <EntityType>U</EntityType>
            </AD_Column>
            <AD_Column type="table">
                <IsSyncDatabase>Y</IsSyncDatabase>
                <AD_Table_ID reference="uuid" reference-key="AD_Table">61280300-be81-41f8-99cd-e60206401fd1</AD_Table_ID>
                <AD_Reference_Value_ID reference="id"/>
                <AD_Client_ID>0</AD_Client_ID>
                <AD_Org_ID>0</AD_Org_ID>
                <SeqNoSelection/>
                <Version>0.0</Version>
                <ValueMax/>
                <IsMandatory>false</IsMandatory>
                <IsTranslated>false</IsTranslated>
                <IsIdentifier>false</IsIdentifier>
                <SeqNo/>
                <ValueMin/>
                <IsParent>false</IsParent>
                <FieldLength>10</FieldLength>
                <IsSelectionColumn>false</IsSelectionColumn>
                <IsKey>false</IsKey>
                <ReadOnlyLogic/>
                <IsAutocomplete>false</IsAutocomplete>
                <IsAllowLogging>true</IsAllowLogging>
                <MandatoryLogic/>
                <FormatPattern/>
                <AD_Column_UU>bae332a1-795c-4972-85f5-41d8665b1118</AD_Column_UU>
                <IsUpdateable>false</IsUpdateable>
                <Callout/>
                <ColumnName>AD_Org_ID</ColumnName>
                <Description>Organizational entity within client</Description>
                <ColumnSQL/>
                <DefaultValue>@#AD_Org_ID@</DefaultValue>
                <Help>An organization is a unit of your client or legal entity - examples are store, department. You can share data between organizations.</Help>
                <Name>Organization</Name>
                <IsAllowCopy>true</IsAllowCopy>
                <IsActive>true</IsActive>
                <IsToolbarButton>true</IsToolbarButton>
                <IsAlwaysUpdateable>false</IsAlwaysUpdateable>
                <VFormat/>
                <IsEncrypted>N</IsEncrypted>
                <IsSecure>false</IsSecure>
                <AD_Chart_ID reference="id"/>
                <FKConstraintName/>
                <FKConstraintType>N</FKConstraintType>
                <AD_Element_ID reference="id">113</AD_Element_ID>
                <AD_Reference_ID reference="id">19</AD_Reference_ID>
                <AD_Val_Rule_ID reference="id">104</AD_Val_Rule_ID>
                <AD_Process_ID reference="id"/>
                <EntityType>U</EntityType>
            </AD_Column>
            <AD_Column type="table">
                <IsSyncDatabase>Y</IsSyncDatabase>
                <AD_Table_ID reference="uuid" reference-key="AD_Table">61280300-be81-41f8-99cd-e60206401fd1</AD_Table_ID>
                <AD_Reference_Value_ID reference="id"/>
                <AD_Client_ID>0</AD_Client_ID>
                <AD_Org_ID>0</AD_Org_ID>
                <SeqNoSelection/>
                <Version>0.0</Version>
                <ValueMax/>
                <IsMandatory>false</IsMandatory>
                <IsTranslated>false</IsTranslated>
                <IsIdentifier>false</IsIdentifier>
                <SeqNo/>
                <ValueMin/>
                <IsParent>false</IsParent>
                <FieldLength>29</FieldLength>
                <IsSelectionColumn>false</IsSelectionColumn>
                <IsKey>false</IsKey>
                <ReadOnlyLogic/>
                <IsAutocomplete>false</IsAutocomplete>
                <IsAllowLogging>true</IsAllowLogging>
                <MandatoryLogic/>
                <FormatPattern/>
                <AD_Column_UU>89cd802a-9e62-4c14-af92-01e9877f410c</AD_Column_UU>
                <IsUpdateable>false</IsUpdateable>
                <Callout/>
                <ColumnName>Created</ColumnName>
                <Description>Date this record was created</Description>
                <ColumnSQL/>
                <DefaultValue>SYSDATE</DefaultValue>
                <Help>The Created field indicates the date that this record was created.</Help>
                <Name>Created</Name>
                <IsAllowCopy>true</IsAllowCopy>
                <IsActive>true</IsActive>
                <IsToolbarButton>true</IsToolbarButton>
                <IsAlwaysUpdateable>false</IsAlwaysUpdateable>
                <VFormat/>
                <IsEncrypted>N</IsEncrypted>
                <IsSecure>false</IsSecure>
                <AD_Chart_ID reference="id"/>
                <FKConstraintName/>
                <FKConstraintType>N</FKConstraintType>
                <AD_Element_ID reference="id">245</AD_Element_ID>
                <AD_Reference_ID reference="id">16</AD_Reference_ID>
                <AD_Val_Rule_ID reference="id"/>
                <AD_Process_ID reference="id"/>
                <EntityType>U</EntityType>
            </AD_Column>
            <AD_Column type="table">
                <IsSyncDatabase>Y</IsSyncDatabase>
                <AD_Table_ID reference="uuid" reference-key="AD_Table">61280300-be81-41f8-99cd-e60206401fd1</AD_Table_ID>
                <AD_Reference_Value_ID reference="id">110</AD_Reference_Value_ID>
                <AD_Client_ID>0</AD_Client_ID>
                <AD_Org_ID>0</AD_Org_ID>
                <SeqNoSelection/>
                <Version>0.0</Version>
                <ValueMax/>
                <IsMandatory>false</IsMandatory>
                <IsTranslated>false</IsTranslated>
                <IsIdentifier>false</IsIdentifier>
                <SeqNo/>
                <ValueMin/>
                <IsParent>false</IsParent>
                <FieldLength>10</FieldLength>
                <IsSelectionColumn>false</IsSelectionColumn>
                <IsKey>false</IsKey>
                <ReadOnlyLogic/>
                <IsAutocomplete>false</IsAutocomplete>
                <IsAllowLogging>true</IsAllowLogging>
                <MandatoryLogic/>
                <FormatPattern/>
                <AD_Column_UU>038d7097-fa11-4702-9ebb-f35b07f3a608</AD_Column_UU>
                <IsUpdateable>false</IsUpdateable>
                <Callout/>
                <ColumnName>CreatedBy</ColumnName>
                <Description>User who created this records</Description>
                <ColumnSQL/>
                <DefaultValue/>
                <Help>The Created By field indicates the user who created this record.</Help>
                <Name>Created By</Name>
                <IsAllowCopy>false</IsAllowCopy>
                <IsActive>true</IsActive>
                <IsToolbarButton>false</IsToolbarButton>
                <IsAlwaysUpdateable>false</IsAlwaysUpdateable>
                <VFormat/>
                <IsEncrypted>N</IsEncrypted>
                <IsSecure>false</IsSecure>
                <AD_Chart_ID reference="id"/>
                <FKConstraintName/>
                <FKConstraintType/>
                <AD_Element_ID reference="id">246</AD_Element_ID>
                <AD_Reference_ID reference="id">30</AD_Reference_ID>
                <AD_Val_Rule_ID reference="id"/>
                <AD_Process_ID reference="id"/>
                <EntityType>U</EntityType>
            </AD_Column>
            <AD_Column type="table">
                <IsSyncDatabase>Y</IsSyncDatabase>
                <AD_Table_ID reference="uuid" reference-key="AD_Table">61280300-be81-41f8-99cd-e60206401fd1</AD_Table_ID>
                <AD_Reference_Value_ID reference="id"/>
                <AD_Client_ID>0</AD_Client_ID>
                <AD_Org_ID>0</AD_Org_ID>
                <SeqNoSelection/>
                <Version>0.0</Version>
                <ValueMax/>
                <IsMandatory>false</IsMandatory>
                <IsTranslated>false</IsTranslated>
                <IsIdentifier>false</IsIdentifier>
                <SeqNo/>
                <ValueMin/>
                <IsParent>false</IsParent>
                <FieldLength>29</FieldLength>
                <IsSelectionColumn>false</IsSelectionColumn>
                <IsKey>false</IsKey>
                <ReadOnlyLogic/>
                <IsAutocomplete>false</IsAutocomplete>
                <IsAllowLogging>true</IsAllowLogging>
                <MandatoryLogic/>
                <FormatPattern/>
                <AD_Column_UU>6dcfdc04-aeb1-4bf7-8110-7ca406961ab7</AD_Column_UU>
                <IsUpdateable>false</IsUpdateable>
                <Callout/>
                <ColumnName>Updated</ColumnName>
                <Description>Date this record was updated</Description>
                <ColumnSQL/>
                <DefaultValue>SYSDATE</DefaultValue>
                <Help>The Updated field indicates the date that this record was updated.</Help>
                <Name>Updated</Name>
                <IsAllowCopy>true</IsAllowCopy>
                <IsActive>true</IsActive>
                <IsToolbarButton>true</IsToolbarButton>
                <IsAlwaysUpdateable>false</IsAlwaysUpdateable>
                <VFormat/>
                <IsEncrypted>N</IsEncrypted>
                <IsSecure>false</IsSecure>
                <AD_Chart_ID reference="id"/>
                <FKConstraintName/>
                <FKConstraintType>N</FKConstraintType>
                <AD_Element_ID reference="id">607</AD_Element_ID>
                <AD_Reference_ID reference="id">16</AD_Reference_ID>
                <AD_Val_Rule_ID reference="id"/>
                <AD_Process_ID reference="id"/>
                <EntityType>U</EntityType>
            </AD_Column>
            <AD_Column type="table">
                <IsSyncDatabase>Y</IsSyncDatabase>
                <AD_Table_ID reference="uuid" reference-key="AD_Table">61280300-be81-41f8-99cd-e60206401fd1</AD_Table_ID>
                <AD_Reference_Value_ID reference="id">110</AD_Reference_Value_ID>
                <AD_Client_ID>0</AD_Client_ID>
                <AD_Org_ID>0</AD_Org_ID>
                <SeqNoSelection/>
                <Version>0.0</Version>
                <ValueMax/>
                <IsMandatory>false</IsMandatory>
                <IsTranslated>false</IsTranslated>
                <IsIdentifier>false</IsIdentifier>
                <SeqNo/>
                <ValueMin/>
                <IsParent>false</IsParent>
                <FieldLength>10</FieldLength>
                <IsSelectionColumn>false</IsSelectionColumn>
                <IsKey>false</IsKey>
                <ReadOnlyLogic/>
                <IsAutocomplete>false</IsAutocomplete>
                <IsAllowLogging>true</IsAllowLogging>
                <MandatoryLogic/>
                <FormatPattern/>
                <AD_Column_UU>18149a08-3446-462e-ae83-cab93a44d432</AD_Column_UU>
                <IsUpdateable>false</IsUpdateable>
                <Callout/>
                <ColumnName>UpdatedBy</ColumnName>
                <Description>User who updated this records</Description>
                <ColumnSQL/>
                <DefaultValue/>
                <Help>The Updated By field indicates the user who updated this record.</Help>
                <Name>Updated By</Name>
                <IsAllowCopy>false</IsAllowCopy>
                <IsActive>true</IsActive>
                <IsToolbarButton>false</IsToolbarButton>
                <IsAlwaysUpdateable>false</IsAlwaysUpdateable>
                <VFormat/>
                <IsEncrypted>N</IsEncrypted>
                <IsSecure>false</IsSecure>
                <AD_Chart_ID reference="id"/>
                <FKConstraintName/>
                <FKConstraintType/>
                <AD_Element_ID reference="id">608</AD_Element_ID>
                <AD_Reference_ID reference="id">30</AD_Reference_ID>
                <AD_Val_Rule_ID reference="id"/>
                <AD_Process_ID reference="id"/>
                <EntityType>U</EntityType>
            </AD_Column>
            <AD_Column type="table">
                <IsSyncDatabase>Y</IsSyncDatabase>
                <AD_Table_ID reference="uuid" reference-key="AD_Table">61280300-be81-41f8-99cd-e60206401fd1</AD_Table_ID>
                <AD_Reference_Value_ID reference="id"/>
                <AD_Client_ID>0</AD_Client_ID>
                <AD_Org_ID>0</AD_Org_ID>
                <SeqNoSelection/>
                <Version>0.0</Version>
                <ValueMax/>
                <IsMandatory>false</IsMandatory>
                <IsTranslated>false</IsTranslated>
                <IsIdentifier>false</IsIdentifier>
                <SeqNo/>
                <ValueMin/>
                <IsParent>false</IsParent>
                <FieldLength>10</FieldLength>
                <IsSelectionColumn>false</IsSelectionColumn>
                <IsKey>false</IsKey>
                <ReadOnlyLogic/>
                <IsAutocomplete>false</IsAutocomplete>
                <IsAllowLogging>true</IsAllowLogging>
                <MandatoryLogic/>
                <FormatPattern/>
                <AD_Column_UU>be52d2c5-c2ed-4f0b-a562-2b6a6a117275</AD_Column_UU>
                <IsUpdateable>false</IsUpdateable>
                <Callout/>
                <ColumnName>C_BPartner_ID</ColumnName>
                <Description>Identifies a Business Partner</Description>
                <ColumnSQL/>
                <DefaultValue/>
                <Help>A Business Partner is anyone with whom you transact.  This can include Vendor, Customer, Employee or Salesperson</Help>
                <Name>Business Partner </Name>
                <IsAllowCopy>true</IsAllowCopy>
                <IsActive>true</IsActive>
                <IsToolbarButton>true</IsToolbarButton>
                <IsAlwaysUpdateable>false</IsAlwaysUpdateable>
                <VFormat/>
                <IsEncrypted>N</IsEncrypted>
                <IsSecure>false</IsSecure>
                <AD_Chart_ID reference="id"/>
                <FKConstraintName/>
                <FKConstraintType>N</FKConstraintType>
                <AD_Element_ID reference="id">187</AD_Element_ID>
                <AD_Reference_ID reference="id">30</AD_Reference_ID>
                <AD_Val_Rule_ID reference="id"/>
                <AD_Process_ID reference="id"/>
                <EntityType>U</EntityType>
            </AD_Column>
            <AD_Column type="table">
                <IsSyncDatabase>Y</IsSyncDatabase>
                <AD_Table_ID reference="uuid" reference-key="AD_Table">61280300-be81-41f8-99cd-e60206401fd1</AD_Table_ID>
                <AD_Reference_Value_ID reference="id"/>
                <AD_Client_ID>0</AD_Client_ID>
                <AD_Org_ID>0</AD_Org_ID>
                <SeqNoSelection/>
                <Version>0.0</Version>
                <ValueMax/>
                <IsMandatory>false</IsMandatory>
                <IsTranslated>false</IsTranslated>
                <IsIdentifier>false</IsIdentifier>
                <SeqNo/>
                <ValueMin/>
                <IsParent>false</IsParent>
                <FieldLength>29</FieldLength>
                <IsSelectionColumn>false</IsSelectionColumn>
                <IsKey>false</IsKey>
                <ReadOnlyLogic/>
                <IsAutocomplete>false</IsAutocomplete>
                <IsAllowLogging>true</IsAllowLogging>
                <MandatoryLogic/>
                <FormatPattern/>
                <AD_Column_UU>ce2675b7-68d8-414c-a99d-8dc7b9d25c65</AD_Column_UU>
                <IsUpdateable>false</IsUpdateable>
                <Callout/>
                <ColumnName>MovementDate</ColumnName>
                <Description>Date a product was moved in or out of inventory</Description>
                <ColumnSQL/>
                <DefaultValue/>
                <Help>The Movement Date indicates the date that a product moved in or out of inventory.  This is the result of a shipment, receipt or inventory movement.</Help>
                <Name>Movement Date</Name>
                <IsAllowCopy>true</IsAllowCopy>
                <IsActive>true</IsActive>
                <IsToolbarButton>true</IsToolbarButton>
                <IsAlwaysUpdateable>false</IsAlwaysUpdateable>
                <VFormat/>
                <IsEncrypted>N</IsEncrypted>
                <IsSecure>false</IsSecure>
                <AD_Chart_ID reference="id"/>
                <FKConstraintName/>
                <FKConstraintType>N</FKConstraintType>
                <AD_Element_ID reference="id">1037</AD_Element_ID>
                <AD_Reference_ID reference="id">15</AD_Reference_ID>
                <AD_Val_Rule_ID reference="id"/>
                <AD_Process_ID reference="id"/>
                <EntityType>U</EntityType>
            </AD_Column>
            <AD_Column type="table">
                <IsSyncDatabase>Y</IsSyncDatabase>
                <AD_Table_ID reference="uuid" reference-key="AD_Table">61280300-be81-41f8-99cd-e60206401fd1</AD_Table_ID>
                <AD_Reference_Value_ID reference="id"/>
                <AD_Client_ID>0</AD_Client_ID>
                <AD_Org_ID>0</AD_Org_ID>
                <SeqNoSelection/>
                <Version>0.0</Version>
                <ValueMax/>
                <IsMandatory>false</IsMandatory>
                <IsTranslated>false</IsTranslated>
                <IsIdentifier>false</IsIdentifier>
                <SeqNo/>
                <ValueMin/>
                <IsParent>false</IsParent>
                <FieldLength>10</FieldLength>
                <IsSelectionColumn>false</IsSelectionColumn>
                <IsKey>false</IsKey>
                <ReadOnlyLogic/>
                <IsAutocomplete>false</IsAutocomplete>
                <IsAllowLogging>true</IsAllowLogging>
                <MandatoryLogic/>
                <FormatPattern/>
                <AD_Column_UU>c512ae12-0773-42d9-9838-1ac0a34c46d4</AD_Column_UU>
                <IsUpdateable>false</IsUpdateable>
                <Callout/>
                <ColumnName>M_Product_ID</ColumnName>
                <Description>Product, Service, Item</Description>
                <ColumnSQL/>
                <DefaultValue/>
                <Help>Identifies an item which is either purchased or sold in this organization.</Help>
                <Name>Product</Name>
                <IsAllowCopy>true</IsAllowCopy>
                <IsActive>true</IsActive>
                <IsToolbarButton>true</IsToolbarButton>
                <IsAlwaysUpdateable>false</IsAlwaysUpdateable>
                <VFormat/>
                <IsEncrypted>N</IsEncrypted>
                <IsSecure>false</IsSecure>
                <AD_Chart_ID reference="id"/>
                <FKConstraintName/>
                <FKConstraintType>N</FKConstraintType>
                <AD_Element_ID reference="id">454</AD_Element_ID>
                <AD_Reference_ID reference="id">30</AD_Reference_ID>
                <AD_Val_Rule_ID reference="id">231</AD_Val_Rule_ID>
                <AD_Process_ID reference="id"/>
                <EntityType>U</EntityType>
            </AD_Column>
            <AD_Column type="table">
                <IsSyncDatabase>Y</IsSyncDatabase>
                <AD_Table_ID reference="uuid" reference-key="AD_Table">61280300-be81-41f8-99cd-e60206401fd1</AD_Table_ID>
                <AD_Reference_Value_ID reference="id"/>
                <AD_Client_ID>0</AD_Client_ID>
                <AD_Org_ID>0</AD_Org_ID>
                <SeqNoSelection/>
                <Version>0.0</Version>
                <ValueMax/>
                <IsMandatory>false</IsMandatory>
                <IsTranslated>false</IsTranslated>
                <IsIdentifier>false</IsIdentifier>
                <SeqNo/>
                <ValueMin/>
                <IsParent>false</IsParent>
                <FieldLength>22</FieldLength>
                <IsSelectionColumn>false</IsSelectionColumn>
                <IsKey>false</IsKey>
                <ReadOnlyLogic/>
                <IsAutocomplete>false</IsAutocomplete>
                <IsAllowLogging>true</IsAllowLogging>
                <MandatoryLogic/>
                <FormatPattern/>
                <AD_Column_UU>e63db5a3-148e-4b05-9586-df072ff94814</AD_Column_UU>
                <IsUpdateable>false</IsUpdateable>
                <Callout/>
                <ColumnName>MovementQty</ColumnName>
                <Description>Quantity of a product moved.</Description>
                <ColumnSQL/>
                <DefaultValue/>
                <Help>The Movement Quantity indicates the quantity of a product that has been moved.</Help>
                <Name>Movement Quantity</Name>
                <IsAllowCopy>true</IsAllowCopy>
                <IsActive>true</IsActive>
                <IsToolbarButton>false</IsToolbarButton>
                <IsAlwaysUpdateable>false</IsAlwaysUpdateable>
                <VFormat/>
                <IsEncrypted>N</IsEncrypted>
                <IsSecure>false</IsSecure>
                <AD_Chart_ID reference="id"/>
                <FKConstraintName/>
                <FKConstraintType>N</FKConstraintType>
                <AD_Element_ID reference="id">1038</AD_Element_ID>
                <AD_Reference_ID reference="id">29</AD_Reference_ID>
                <AD_Val_Rule_ID reference="id"/>
                <AD_Process_ID reference="id"/>
                <EntityType>U</EntityType>
            </AD_Column>
            <AD_Element type="table">
                <AD_Client_ID>0</AD_Client_ID>
                <AD_Org_ID>0</AD_Org_ID>
                <ColumnName>PO_BPartner_ID</ColumnName>
                <Help/>
                <PO_Description/>
                <PO_Help/>
                <Name>Purchase BP</Name>
                <Description/>
                <PrintName>Purchase BP</PrintName>
                <PO_Name/>
                <PO_PrintName/>
                <AD_Element_UU>5f91be8b-5921-4725-92af-ef64c86114cd</AD_Element_UU>
                <IsActive>true</IsActive>
                <EntityType>U</EntityType>
                <AD_Element_Trl type="translation">
                    <Help/>
                    <PO_Description/>
                    <PO_Help/>
                    <Name>po_bpartner_id</Name>
                    <Description/>
                    <PrintName>po_bpartner_id</PrintName>
                    <PO_Name/>
                    <PO_PrintName/>
                    <AD_Language>es_CO</AD_Language>
                    <IsActive>true</IsActive>
                    <IsTranslated>false</IsTranslated>
                </AD_Element_Trl>
            </AD_Element>
            <AD_Column type="table">
                <IsSyncDatabase>Y</IsSyncDatabase>
                <AD_Table_ID reference="uuid" reference-key="AD_Table">61280300-be81-41f8-99cd-e60206401fd1</AD_Table_ID>
                <AD_Reference_Value_ID reference="id">138</AD_Reference_Value_ID>
                <AD_Client_ID>0</AD_Client_ID>
                <AD_Org_ID>0</AD_Org_ID>
                <SeqNoSelection/>
                <Version>0.0</Version>
                <ValueMax/>
                <IsMandatory>false</IsMandatory>
                <IsTranslated>false</IsTranslated>
                <IsIdentifier>false</IsIdentifier>
                <SeqNo/>
                <ValueMin/>
                <IsParent>false</IsParent>
                <FieldLength>10</FieldLength>
                <IsSelectionColumn>false</IsSelectionColumn>
                <IsKey>false</IsKey>
                <ReadOnlyLogic/>
                <IsAutocomplete>false</IsAutocomplete>
                <IsAllowLogging>true</IsAllowLogging>
                <MandatoryLogic/>
                <FormatPattern/>
                <AD_Column_UU>a4dce602-5afe-41e5-b1b3-aa979bd861f2</AD_Column_UU>
                <IsUpdateable>false</IsUpdateable>
                <Callout/>
                <ColumnName>PO_BPartner_ID</ColumnName>
                <Description/>
                <ColumnSQL/>
                <DefaultValue/>
                <Help/>
                <Name>Purchase BP</Name>
                <IsAllowCopy>true</IsAllowCopy>
                <IsActive>true</IsActive>
                <IsToolbarButton>false</IsToolbarButton>
                <IsAlwaysUpdateable>false</IsAlwaysUpdateable>
                <VFormat/>
                <IsEncrypted>N</IsEncrypted>
                <IsSecure>false</IsSecure>
                <AD_Chart_ID reference="id"/>
                <FKConstraintName/>
                <FKConstraintType/>
                <AD_Element_ID reference="uuid" reference-key="AD_Element">5f91be8b-5921-4725-92af-ef64c86114cd</AD_Element_ID>
                <AD_Reference_ID reference="id">30</AD_Reference_ID>
                <AD_Val_Rule_ID reference="id"/>
                <AD_Process_ID reference="id"/>
                <EntityType>U</EntityType>
            </AD_Column>
            <AD_Element type="table">
                <AD_Client_ID>0</AD_Client_ID>
                <AD_Org_ID>0</AD_Org_ID>
                <ColumnName>PriceConsign</ColumnName>
                <Help/>
                <PO_Description/>
                <PO_Help/>
                <Name>Price Consign</Name>
                <Description/>
                <PrintName>Price Consign</PrintName>
                <PO_Name/>
                <PO_PrintName/>
                <AD_Element_UU>0a2b82c1-06ee-44db-8a68-77f7b4bdabf8</AD_Element_UU>
                <IsActive>true</IsActive>
                <EntityType>U</EntityType>
                <AD_Element_Trl type="translation">
                    <Help/>
                    <PO_Description/>
                    <PO_Help/>
                    <Name>priceconsign</Name>
                    <Description/>
                    <PrintName>priceconsign</PrintName>
                    <PO_Name/>
                    <PO_PrintName/>
                    <AD_Language>es_CO</AD_Language>
                    <IsActive>true</IsActive>
                    <IsTranslated>false</IsTranslated>
                </AD_Element_Trl>
            </AD_Element>
            <AD_Column type="table">
                <IsSyncDatabase>Y</IsSyncDatabase>
                <AD_Table_ID reference="uuid" reference-key="AD_Table">61280300-be81-41f8-99cd-e60206401fd1</AD_Table_ID>
                <AD_Reference_Value_ID reference="id"/>
                <AD_Client_ID>0</AD_Client_ID>
                <AD_Org_ID>0</AD_Org_ID>
                <SeqNoSelection/>
                <Version>0.0</Version>
                <ValueMax/>
                <IsMandatory>false</IsMandatory>
                <IsTranslated>false</IsTranslated>
                <IsIdentifier>false</IsIdentifier>
                <SeqNo/>
                <ValueMin/>
                <IsParent>false</IsParent>
                <FieldLength>22</FieldLength>
                <IsSelectionColumn>false</IsSelectionColumn>
                <IsKey>false</IsKey>
                <ReadOnlyLogic/>
                <IsAutocomplete>false</IsAutocomplete>
                <IsAllowLogging>true</IsAllowLogging>
                <MandatoryLogic/>
                <FormatPattern/>
                <AD_Column_UU>0c936d51-2405-40d8-b25f-8d1f538fa29c</AD_Column_UU>
                <IsUpdateable>false</IsUpdateable>
                <Callout/>
                <ColumnName>PriceConsign</ColumnName>
                <Description/>
                <ColumnSQL/>
                <DefaultValue/>
                <Help/>
                <Name>Price Consign</Name>
                <IsAllowCopy>true</IsAllowCopy>
                <IsActive>true</IsActive>
                <IsToolbarButton>false</IsToolbarButton>
                <IsAlwaysUpdateable>false</IsAlwaysUpdateable>
                <VFormat/>
                <IsEncrypted>N</IsEncrypted>
                <IsSecure>false</IsSecure>
                <AD_Chart_ID reference="id"/>
                <FKConstraintName/>
                <FKConstraintType/>
                <AD_Element_ID reference="uuid" reference-key="AD_Element">0a2b82c1-06ee-44db-8a68-77f7b4bdabf8</AD_Element_ID>
                <AD_Reference_ID reference="id">37</AD_Reference_ID>
                <AD_Val_Rule_ID reference="id"/>
                <AD_Process_ID reference="id"/>
                <EntityType>U</EntityType>
            </AD_Column>
            <AD_Column type="table">
                <IsSyncDatabase>Y</IsSyncDatabase>
                <AD_Table_ID reference="uuid" reference-key="AD_Table">61280300-be81-41f8-99cd-e60206401fd1</AD_Table_ID>
                <AD_Reference_Value_ID reference="id"/>
                <AD_Client_ID>0</AD_Client_ID>
                <AD_Org_ID>0</AD_Org_ID>
                <SeqNoSelection/>
                <Version>0.0</Version>
                <ValueMax/>
                <IsMandatory>false</IsMandatory>
                <IsTranslated>false</IsTranslated>
                <IsIdentifier>false</IsIdentifier>
                <SeqNo/>
                <ValueMin/>
                <IsParent>false</IsParent>
                <FieldLength>131089</FieldLength>
                <IsSelectionColumn>false</IsSelectionColumn>
                <IsKey>false</IsKey>
                <ReadOnlyLogic/>
                <IsAutocomplete>false</IsAutocomplete>
                <IsAllowLogging>true</IsAllowLogging>
                <MandatoryLogic/>
                <FormatPattern/>
                <AD_Column_UU>40bcce1a-5e0b-4fa4-9ef1-9bf8859dd467</AD_Column_UU>
                <IsUpdateable>false</IsUpdateable>
                <Callout/>
                <ColumnName>C_Charge_ID</ColumnName>
                <Description>Additional document charges</Description>
                <ColumnSQL/>
                <DefaultValue/>
                <Help>The Charge indicates a type of Charge (Handling, Shipping, Restocking)</Help>
                <Name>Charge</Name>
                <IsAllowCopy>true</IsAllowCopy>
                <IsActive>true</IsActive>
                <IsToolbarButton>false</IsToolbarButton>
                <IsAlwaysUpdateable>false</IsAlwaysUpdateable>
                <VFormat/>
                <IsEncrypted>N</IsEncrypted>
                <IsSecure>false</IsSecure>
                <AD_Chart_ID reference="id"/>
                <FKConstraintName/>
                <FKConstraintType/>
                <AD_Element_ID reference="id">968</AD_Element_ID>
                <AD_Reference_ID reference="id">30</AD_Reference_ID>
                <AD_Val_Rule_ID reference="id"/>
                <AD_Process_ID reference="id"/>
                <EntityType>U</EntityType>
            </AD_Column>
            <AD_Column type="table">
                <IsSyncDatabase>Y</IsSyncDatabase>
                <AD_Table_ID reference="uuid" reference-key="AD_Table">61280300-be81-41f8-99cd-e60206401fd1</AD_Table_ID>
                <AD_Reference_Value_ID reference="id"/>
                <AD_Client_ID>0</AD_Client_ID>
                <AD_Org_ID>0</AD_Org_ID>
                <SeqNoSelection/>
                <Version>0.0</Version>
                <ValueMax/>
                <IsMandatory>false</IsMandatory>
                <IsTranslated>false</IsTranslated>
                <IsIdentifier>false</IsIdentifier>
                <SeqNo/>
                <ValueMin/>
                <IsParent>false</IsParent>
                <FieldLength>1000</FieldLength>
                <IsSelectionColumn>true</IsSelectionColumn>
                <IsKey>false</IsKey>
                <ReadOnlyLogic/>
                <IsAutocomplete>false</IsAutocomplete>
                <IsAllowLogging>true</IsAllowLogging>
                <MandatoryLogic/>
                <FormatPattern/>
                <AD_Column_UU>cb2dfce5-f649-4a59-a6cf-420f3305eb5b</AD_Column_UU>
                <IsUpdateable>false</IsUpdateable>
                <Callout/>
                <ColumnName>Description</ColumnName>
                <Description>Optional short description of the record</Description>
                <ColumnSQL/>
                <DefaultValue/>
                <Help>A description is limited to 255 characters.</Help>
                <Name>Description</Name>
                <IsAllowCopy>true</IsAllowCopy>
                <IsActive>true</IsActive>
                <IsToolbarButton>false</IsToolbarButton>
                <IsAlwaysUpdateable>false</IsAlwaysUpdateable>
                <VFormat/>
                <IsEncrypted>N</IsEncrypted>
                <IsSecure>false</IsSecure>
                <AD_Chart_ID reference="id"/>
                <FKConstraintName/>
                <FKConstraintType>N</FKConstraintType>
                <AD_Element_ID reference="id">275</AD_Element_ID>
                <AD_Reference_ID reference="id">10</AD_Reference_ID>
                <AD_Val_Rule_ID reference="id"/>
                <AD_Process_ID reference="id"/>
                <EntityType>U</EntityType>
            </AD_Column>
            <AD_Column type="table">
                <IsSyncDatabase>Y</IsSyncDatabase>
                <AD_Table_ID reference="uuid" reference-key="AD_Table">61280300-be81-41f8-99cd-e60206401fd1</AD_Table_ID>
                <AD_Reference_Value_ID reference="id"/>
                <AD_Client_ID>0</AD_Client_ID>
                <AD_Org_ID>0</AD_Org_ID>
                <SeqNoSelection/>
                <Version>0.0</Version>
                <ValueMax/>
                <IsMandatory>false</IsMandatory>
                <IsTranslated>false</IsTranslated>
                <IsIdentifier>false</IsIdentifier>
                <SeqNo/>
                <ValueMin/>
                <IsParent>false</IsParent>
                <FieldLength>10</FieldLength>
                <IsSelectionColumn>false</IsSelectionColumn>
                <IsKey>false</IsKey>
                <ReadOnlyLogic/>
                <IsAutocomplete>false</IsAutocomplete>
                <IsAllowLogging>true</IsAllowLogging>
                <MandatoryLogic/>
                <FormatPattern/>
                <AD_Column_UU>746919d7-986f-4160-a3ff-41855a0753fe</AD_Column_UU>
                <IsUpdateable>false</IsUpdateable>
                <Callout/>
                <ColumnName>M_Warehouse_ID</ColumnName>
                <Description>Storage Warehouse and Service Point</Description>
                <ColumnSQL/>
                <DefaultValue/>
                <Help>The Warehouse identifies a unique Warehouse where products are stored or Services are provided.</Help>
                <Name>Warehouse</Name>
                <IsAllowCopy>true</IsAllowCopy>
                <IsActive>true</IsActive>
                <IsToolbarButton>true</IsToolbarButton>
                <IsAlwaysUpdateable>false</IsAlwaysUpdateable>
                <VFormat/>
                <IsEncrypted>N</IsEncrypted>
                <IsSecure>false</IsSecure>
                <AD_Chart_ID reference="id"/>
                <FKConstraintName/>
                <FKConstraintType>N</FKConstraintType>
                <AD_Element_ID reference="id">459</AD_Element_ID>
                <AD_Reference_ID reference="id">19</AD_Reference_ID>
                <AD_Val_Rule_ID reference="id"/>
                <AD_Process_ID reference="id"/>
                <EntityType>U</EntityType>
            </AD_Column>
            <AD_Element type="table">
                <AD_Client_ID>0</AD_Client_ID>
                <AD_Org_ID>0</AD_Org_ID>
                <ColumnName>client_id</ColumnName>
                <Help/>
                <PO_Description/>
                <PO_Help/>
                <Name>client_id</Name>
                <Description/>
                <PrintName>client_id</PrintName>
                <PO_Name/>
                <PO_PrintName/>
                <AD_Element_UU>7aa12c6a-5edd-4aac-aa0d-e1f27dabe38c</AD_Element_UU>
                <IsActive>true</IsActive>
                <EntityType>U</EntityType>
                <AD_Element_Trl type="translation">
                    <Help/>
                    <PO_Description/>
                    <PO_Help/>
                    <Name>client_id</Name>
                    <Description/>
                    <PrintName>client_id</PrintName>
                    <PO_Name/>
                    <PO_PrintName/>
                    <AD_Language>es_CO</AD_Language>
                    <IsActive>true</IsActive>
                    <IsTranslated>false</IsTranslated>
                </AD_Element_Trl>
            </AD_Element>
            <AD_Column type="table">
                <IsSyncDatabase>Y</IsSyncDatabase>
                <AD_Table_ID reference="uuid" reference-key="AD_Table">61280300-be81-41f8-99cd-e60206401fd1</AD_Table_ID>
                <AD_Reference_Value_ID reference="id"/>
                <AD_Client_ID>0</AD_Client_ID>
                <AD_Org_ID>0</AD_Org_ID>
                <SeqNoSelection/>
                <Version>0.0</Version>
                <ValueMax/>
                <IsMandatory>false</IsMandatory>
                <IsTranslated>false</IsTranslated>
                <IsIdentifier>false</IsIdentifier>
                <SeqNo/>
                <ValueMin/>
                <IsParent>false</IsParent>
                <FieldLength>10</FieldLength>
                <IsSelectionColumn>false</IsSelectionColumn>
                <IsKey>false</IsKey>
                <ReadOnlyLogic/>
                <IsAutocomplete>false</IsAutocomplete>
                <IsAllowLogging>true</IsAllowLogging>
                <MandatoryLogic/>
                <FormatPattern/>
                <AD_Column_UU>68afcdfd-af87-41dd-8864-ae7cc67b2298</AD_Column_UU>
                <IsUpdateable>false</IsUpdateable>
                <Callout/>
                <ColumnName>client_id</ColumnName>
                <Description/>
                <ColumnSQL/>
                <DefaultValue/>
                <Help/>
                <Name>client_id</Name>
                <IsAllowCopy>true</IsAllowCopy>
                <IsActive>true</IsActive>
                <IsToolbarButton>false</IsToolbarButton>
                <IsAlwaysUpdateable>false</IsAlwaysUpdateable>
                <VFormat/>
                <IsEncrypted>N</IsEncrypted>
                <IsSecure>false</IsSecure>
                <AD_Chart_ID reference="id"/>
                <FKConstraintName/>
                <FKConstraintType/>
                <AD_Element_ID reference="uuid" reference-key="AD_Element">7aa12c6a-5edd-4aac-aa0d-e1f27dabe38c</AD_Element_ID>
                <AD_Reference_ID reference="id">10</AD_Reference_ID>
                <AD_Val_Rule_ID reference="id"/>
                <AD_Process_ID reference="id"/>
                <EntityType>U</EntityType>
            </AD_Column>
            <AD_Column type="table">
                <IsSyncDatabase>Y</IsSyncDatabase>
                <AD_Table_ID reference="uuid" reference-key="AD_Table">61280300-be81-41f8-99cd-e60206401fd1</AD_Table_ID>
                <AD_Reference_Value_ID reference="id"/>
                <AD_Client_ID>0</AD_Client_ID>
                <AD_Org_ID>0</AD_Org_ID>
                <SeqNoSelection/>
                <Version>0.0</Version>
                <ValueMax/>
                <IsMandatory>false</IsMandatory>
                <IsTranslated>false</IsTranslated>
                <IsIdentifier>false</IsIdentifier>
                <SeqNo/>
                <ValueMin/>
                <IsParent>false</IsParent>
                <FieldLength>10</FieldLength>
                <IsSelectionColumn>false</IsSelectionColumn>
                <IsKey>false</IsKey>
                <ReadOnlyLogic/>
                <IsAutocomplete>false</IsAutocomplete>
                <IsAllowLogging>true</IsAllowLogging>
                <MandatoryLogic/>
                <FormatPattern/>
                <AD_Column_UU>fd4700a0-a4eb-483d-8b66-ce69dccc6904</AD_Column_UU>
                <IsUpdateable>false</IsUpdateable>
                <Callout/>
                <ColumnName>Org_ID</ColumnName>
                <Description>Organizational entity within client</Description>
                <ColumnSQL/>
                <DefaultValue/>
                <Help>An organization is a unit of your client or legal entity - examples are store, department.</Help>
                <Name>Organization</Name>
                <IsAllowCopy>true</IsAllowCopy>
                <IsActive>true</IsActive>
                <IsToolbarButton>false</IsToolbarButton>
                <IsAlwaysUpdateable>false</IsAlwaysUpdateable>
                <VFormat/>
                <IsEncrypted>N</IsEncrypted>
                <IsSecure>false</IsSecure>
                <AD_Chart_ID reference="id"/>
                <FKConstraintName/>
                <FKConstraintType/>
                <AD_Element_ID reference="id">479</AD_Element_ID>
                <AD_Reference_ID reference="id">10</AD_Reference_ID>
                <AD_Val_Rule_ID reference="id"/>
                <AD_Process_ID reference="id"/>
                <EntityType>U</EntityType>
            </AD_Column>
            <AD_Element type="table">
                <AD_Client_ID>0</AD_Client_ID>
                <AD_Org_ID>0</AD_Org_ID>
                <ColumnName>charge_id</ColumnName>
                <Help/>
                <PO_Description/>
                <PO_Help/>
                <Name>charge_id</Name>
                <Description/>
                <PrintName>charge_id</PrintName>
                <PO_Name/>
                <PO_PrintName/>
                <AD_Element_UU>a6cb67a7-dbee-41b8-9787-c6e3e232e070</AD_Element_UU>
                <IsActive>true</IsActive>
                <EntityType>U</EntityType>
                <AD_Element_Trl type="translation">
                    <Help/>
                    <PO_Description/>
                    <PO_Help/>
                    <Name>charge_id</Name>
                    <Description/>
                    <PrintName>charge_id</PrintName>
                    <PO_Name/>
                    <PO_PrintName/>
                    <AD_Language>es_CO</AD_Language>
                    <IsActive>true</IsActive>
                    <IsTranslated>false</IsTranslated>
                </AD_Element_Trl>
            </AD_Element>
            <AD_Column type="table">
                <IsSyncDatabase>Y</IsSyncDatabase>
                <AD_Table_ID reference="uuid" reference-key="AD_Table">61280300-be81-41f8-99cd-e60206401fd1</AD_Table_ID>
                <AD_Reference_Value_ID reference="id"/>
                <AD_Client_ID>0</AD_Client_ID>
                <AD_Org_ID>0</AD_Org_ID>
                <SeqNoSelection/>
                <Version>0.0</Version>
                <ValueMax/>
                <IsMandatory>false</IsMandatory>
                <IsTranslated>false</IsTranslated>
                <IsIdentifier>false</IsIdentifier>
                <SeqNo/>
                <ValueMin/>
                <IsParent>false</IsParent>
                <FieldLength>131089</FieldLength>
                <IsSelectionColumn>false</IsSelectionColumn>
                <IsKey>false</IsKey>
                <ReadOnlyLogic/>
                <IsAutocomplete>false</IsAutocomplete>
                <IsAllowLogging>true</IsAllowLogging>
                <MandatoryLogic/>
                <FormatPattern/>
                <AD_Column_UU>ae542609-6918-4fbc-9239-7162e26e673a</AD_Column_UU>
                <IsUpdateable>false</IsUpdateable>
                <Callout/>
                <ColumnName>charge_id</ColumnName>
                <Description/>
                <ColumnSQL/>
                <DefaultValue/>
                <Help/>
                <Name>charge_id</Name>
                <IsAllowCopy>true</IsAllowCopy>
                <IsActive>true</IsActive>
                <IsToolbarButton>false</IsToolbarButton>
                <IsAlwaysUpdateable>false</IsAlwaysUpdateable>
                <VFormat/>
                <IsEncrypted>N</IsEncrypted>
                <IsSecure>false</IsSecure>
                <AD_Chart_ID reference="id"/>
                <FKConstraintName/>
                <FKConstraintType/>
                <AD_Element_ID reference="uuid" reference-key="AD_Element">a6cb67a7-dbee-41b8-9787-c6e3e232e070</AD_Element_ID>
                <AD_Reference_ID reference="id">10</AD_Reference_ID>
                <AD_Val_Rule_ID reference="id"/>
                <AD_Process_ID reference="id"/>
                <EntityType>U</EntityType>
            </AD_Column>
            <AD_Element type="table">
                <AD_Client_ID>0</AD_Client_ID>
                <AD_Org_ID>0</AD_Org_ID>
                <ColumnName>bp_id</ColumnName>
                <Help/>
                <PO_Description/>
                <PO_Help/>
                <Name>bp_id</Name>
                <Description/>
                <PrintName>bp_id</PrintName>
                <PO_Name/>
                <PO_PrintName/>
                <AD_Element_UU>f7db5a14-032f-4afb-8322-4d48792bcaab</AD_Element_UU>
                <IsActive>true</IsActive>
                <EntityType>U</EntityType>
                <AD_Element_Trl type="translation">
                    <Help/>
                    <PO_Description/>
                    <PO_Help/>
                    <Name>bp_id</Name>
                    <Description/>
                    <PrintName>bp_id</PrintName>
                    <PO_Name/>
                    <PO_PrintName/>
                    <AD_Language>es_CO</AD_Language>
                    <IsActive>true</IsActive>
                    <IsTranslated>false</IsTranslated>
                </AD_Element_Trl>
            </AD_Element>
            <AD_Column type="table">
                <IsSyncDatabase>Y</IsSyncDatabase>
                <AD_Table_ID reference="uuid" reference-key="AD_Table">61280300-be81-41f8-99cd-e60206401fd1</AD_Table_ID>
                <AD_Reference_Value_ID reference="id"/>
                <AD_Client_ID>0</AD_Client_ID>
                <AD_Org_ID>0</AD_Org_ID>
                <SeqNoSelection/>
                <Version>0.0</Version>
                <ValueMax/>
                <IsMandatory>false</IsMandatory>
                <IsTranslated>false</IsTranslated>
                <IsIdentifier>false</IsIdentifier>
                <SeqNo/>
                <ValueMin/>
                <IsParent>false</IsParent>
                <FieldLength>100</FieldLength>
                <IsSelectionColumn>false</IsSelectionColumn>
                <IsKey>false</IsKey>
                <ReadOnlyLogic/>
                <IsAutocomplete>false</IsAutocomplete>
                <IsAllowLogging>true</IsAllowLogging>
                <MandatoryLogic/>
                <FormatPattern/>
                <AD_Column_UU>b847bb1b-d2db-4454-a875-01c80e3cec35</AD_Column_UU>
                <IsUpdateable>false</IsUpdateable>
                <Callout/>
                <ColumnName>bp_id</ColumnName>
                <Description/>
                <ColumnSQL/>
                <DefaultValue/>
                <Help/>
                <Name>bp_id</Name>
                <IsAllowCopy>true</IsAllowCopy>
                <IsActive>true</IsActive>
                <IsToolbarButton>false</IsToolbarButton>
                <IsAlwaysUpdateable>false</IsAlwaysUpdateable>
                <VFormat/>
                <IsEncrypted>N</IsEncrypted>
                <IsSecure>false</IsSecure>
                <AD_Chart_ID reference="id"/>
                <FKConstraintName/>
                <FKConstraintType/>
                <AD_Element_ID reference="uuid" reference-key="AD_Element">f7db5a14-032f-4afb-8322-4d48792bcaab</AD_Element_ID>
                <AD_Reference_ID reference="id">10</AD_Reference_ID>
                <AD_Val_Rule_ID reference="id"/>
                <AD_Process_ID reference="id"/>
                <EntityType>U</EntityType>
            </AD_Column>
        </AD_Table>
        <AD_ReportView type="table">
            <AD_Client_ID>0</AD_Client_ID>
            <AD_Org_ID>0</AD_Org_ID>
            <EntityType>U</EntityType>
            <Description>ChuBoe_Consign_Cust_Shipment</Description>
            <OrderByClause/>
            <WhereClause/>
            <AD_ReportView_UU>de21de22-7663-47b2-ac62-2fdc31d3a086</AD_ReportView_UU>
            <Name>ChuBoe_Consign_Cust_Shipment</Name>
            <IsActive>true</IsActive>
            <AD_Table_ID reference="uuid" reference-key="AD_Table">61280300-be81-41f8-99cd-e60206401fd1</AD_Table_ID>
        </AD_ReportView>
        <AD_Process type="table">
            <AD_Client_ID>0</AD_Client_ID>
            <AD_Org_ID>0</AD_Org_ID>
            <CopyFromProcess>N</CopyFromProcess>
            <Help/>
            <JasperReport/>
            <IsDirectPrint>false</IsDirectPrint>
            <IsReport>true</IsReport>
            <AD_Process_UU>936187db-1d55-4cec-bd55-99495fe43670</AD_Process_UU>
            <AccessLevel>3</AccessLevel>
            <IsBetaFunctionality>false</IsBetaFunctionality>
            <WorkflowValue/>
            <IsServerProcess>false</IsServerProcess>
            <Statistic_Seconds>0</Statistic_Seconds>
            <Statistic_Count>0</Statistic_Count>
            <ShowHelp>Y</ShowHelp>
            <Description/>
            <Name>ChuBoe_Consign_Cust_Shipment</Name>
            <IsActive>true</IsActive>
            <AD_CtxHelp_ID reference="id"/>
            <ProcedureName/>
            <Classname/>
            <Value>ChuBoe_Consign_Cust_Shipment</Value>
            <AD_Form_ID reference="id"/>
            <AD_PrintFormat_ID reference="id"/>
            <AD_ReportView_ID reference="uuid" reference-key="AD_ReportView">de21de22-7663-47b2-ac62-2fdc31d3a086</AD_ReportView_ID>
            <AD_Workflow_ID reference="id"/>
            <EntityType>U</EntityType>
            <AD_Process_Trl type="translation">
                <Help/>
                <Description/>
                <Name>ChuBoe_Consign_Cust_Shipment</Name>
                <AD_Language>es_CO</AD_Language>
                <IsActive>true</IsActive>
                <IsTranslated>false</IsTranslated>
            </AD_Process_Trl>
            <AD_Process_Para type="table">
                <AD_Client_ID>0</AD_Client_ID>
                <AD_Org_ID>0</AD_Org_ID>
                <IsRange>true</IsRange>
                <AD_Process_Para_UU>10fa176a-2649-4a83-ad1c-631bb462076f</AD_Process_Para_UU>
                <Help/>
                <AD_Process_ID reference="uuid" reference-key="AD_Process">936187db-1d55-4cec-bd55-99495fe43670</AD_Process_ID>
                <ValueMin/>
                <IsMandatory>false</IsMandatory>
                <ReadOnlyLogic/>
                <DisplayLogic/>
                <Name>Movement Date</Name>
                <ColumnName>MovementDate</ColumnName>
                <Description/>
                <FieldLength>0</FieldLength>
                <ValueMax/>
                <IsCentrallyMaintained>false</IsCentrallyMaintained>
                <DefaultValue2/>
                <VFormat/>
                <SeqNo>20</SeqNo>
                <DefaultValue/>
                <IsActive>true</IsActive>
                <IsEncrypted>false</IsEncrypted>
                <AD_Element_ID reference="id"/>
                <AD_Reference_ID reference="id">15</AD_Reference_ID>
                <AD_Reference_Value_ID reference="id"/>
                <AD_Val_Rule_ID reference="id"/>
                <EntityType>U</EntityType>
                <AD_Process_Para_Trl type="translation">
                    <Help/>
                    <Name>Movement Date</Name>
                    <Description/>
                    <AD_Language>es_CO</AD_Language>
                    <IsActive>true</IsActive>
                    <IsTranslated>false</IsTranslated>
                </AD_Process_Para_Trl>
            </AD_Process_Para>
            <AD_Process_Para type="table">
                <AD_Client_ID>0</AD_Client_ID>
                <AD_Org_ID>0</AD_Org_ID>
                <IsRange>false</IsRange>
                <AD_Process_Para_UU>eba5d953-fc1e-4b68-b74f-908132805705</AD_Process_Para_UU>
                <Help>An organization is a unit of your client or legal entity - examples are store, department. You can share data between organizations.</Help>
                <AD_Process_ID reference="uuid" reference-key="AD_Process">936187db-1d55-4cec-bd55-99495fe43670</AD_Process_ID>
                <ValueMin/>
                <IsMandatory>false</IsMandatory>
                <ReadOnlyLogic/>
                <DisplayLogic/>
                <Name>Organization</Name>
                <ColumnName>AD_Org_ID</ColumnName>
                <Description>Organizational entity within client</Description>
                <FieldLength>0</FieldLength>
                <ValueMax/>
                <IsCentrallyMaintained>true</IsCentrallyMaintained>
                <DefaultValue2/>
                <VFormat/>
                <SeqNo>10</SeqNo>
                <DefaultValue/>
                <IsActive>true</IsActive>
                <IsEncrypted>false</IsEncrypted>
                <AD_Element_ID reference="id">113</AD_Element_ID>
                <AD_Reference_ID reference="id">19</AD_Reference_ID>
                <AD_Reference_Value_ID reference="id"/>
                <AD_Val_Rule_ID reference="id"/>
                <EntityType>U</EntityType>
                <AD_Process_Para_Trl type="translation">
                    <Help>An organization is a unit of your client or legal entity - examples are store, department. You can share data between organizations.</Help>
                    <Name>Organization</Name>
                    <Description>Organizational entity within client</Description>
                    <AD_Language>es_CO</AD_Language>
                    <IsActive>true</IsActive>
                    <IsTranslated>false</IsTranslated>
                </AD_Process_Para_Trl>
            </AD_Process_Para>
        </AD_Process>
    </AD_Menu>
</idempiere>
