<?xml version="1.0" encoding="UTF-8"?><?xml-stylesheet type="text/css" href="idempiereDocument.css"?><idempiereDocument>
    <header>AdvancedSearch Package Description</header>
    <H1>Package Name:</H1>
    <packagename>AdvancedSearch</packagename>
    <H1>Author:</H1>
    <Name:/>
    <H1>Email Address:</H1>
    <Email/>
    <H1>Created:</H1>
    <Date>2016-08-16 09:18:23.838</Date>
    <H1>Updated:</H1>
    <Date>2016-08-16 09:18:23.838</Date>
    <H1>Description:</H1>
    <description>Advance Search Windows.
Enhanced Business Partner Info window sub-tabs. Enables Zoom.</description>
    <H1>Instructions:</H1>
    <instructions>Install views from repository first. Then install pack in.</instructions>
    <H1>Files in Package:</H1>
    <file>File: PackOut.xml</file>
    <filedirectory>Directory: \dict\</filedirectory>
    <filenotes>Notes: Contains all application/object settings for package</filenotes>
    <H1>Client:</H1>
    <Client>0-SYSTEM-System</Client>
</idempiereDocument>
