<?xml version="1.0" encoding="UTF-8"?>
<?xml-stylesheet type="text/css" href="idempiereDocument.css"?>

<idempiereDocument>
    <header>Chuboe Trial Balance Package Description</header>
    <H1>Package Name:</H1>
    <packagename>Chuboe Trial Balance</packagename>
    <H1>Author:</H1>
    <Name:/>
    <H1>Email Address:</H1>
    <Email/>
    <H1>Created:</H1>
    <Date>2014-01-30 22:26:40.796</Date>
    <H1>Updated:</H1>
    <Date>2014-01-31 14:27:52.363</Date>
    <H1>Description:</H1>
    <description>Chuboe Trial Balance
</description>
    <H1>Instructions:</H1>
    <instructions>(1) Run SQL Script
(2) Pack In this 2Pack.</instructions>
    <H1>Files in Package:</H1>
    <file>File: PackOut.xml</file>
    <filedirectory>Directory: \dict\</filedirectory>
    <filenotes>Notes: Contains all application/object settings for package</filenotes>
    <H1>Client:</H1>
    <Client>0-SYSTEM-System</Client>
</idempiereDocument>
