<?xml version="1.0" encoding="UTF-8"?>
<idempiere Name="PA_ReportLineSet" Version="1.0.0" idempiereVersion="2.0.0.v20140728-0509" DataBaseVersion="2013-10-31" Description="" Author="SuperUser" AuthorEmail="superuser @ idempiere.com" CreatedDate="Thu Sep 25 21:07:10 UTC 2014" UpdatedDate="Thu Sep 25 21:07:10 UTC 2014" PackOutVersion="100" UpdateDictionary="true" Client="11-GardenWorld-GardenWorld" AD_Client_UU="3268b9a8-10d8-466d-96e5-aa01166408fa">
    <PA_ReportLineSet type="table">
        <AD_Org_ID>0</AD_Org_ID>
        <Processing>false</Processing>
        <Name>ChuBoe Income Statement</Name>
        <Description/>
        <PA_ReportLineSet_UU>0dc960a2-d6e8-4b12-804b-d1affa60a504</PA_ReportLineSet_UU>
        <IsActive>true</IsActive>
        <PA_ReportLine type="table">
            <AD_Org_ID>0</AD_Org_ID>
            <IsPrinted>true</IsPrinted>
            <Oper_2_ID reference="id"/>
            <SeqNo>140</SeqNo>
            <PA_ReportLineSet_ID reference="uuid" reference-key="PA_ReportLineSet">0dc960a2-d6e8-4b12-804b-d1affa60a504</PA_ReportLineSet_ID>
            <Oper_1_ID reference="id"/>
            <PostingType/>
            <LineType>S</LineType>
            <CalculationType>A</CalculationType>
            <PAAmountType/>
            <PAPeriodType/>
            <Description/>
            <Name>Other - Non Operating</Name>
            <PA_ReportLine_UU>99fc6ffe-3b3a-4ded-a8b2-b386c62698a3</PA_ReportLine_UU>
            <IsActive>true</IsActive>
            <IsInverseDebitCreditOnly>false</IsInverseDebitCreditOnly>
            <GL_Budget_ID reference="id"/>
        </PA_ReportLine>
        <PA_ReportLine type="table">
            <AD_Org_ID>0</AD_Org_ID>
            <IsPrinted>true</IsPrinted>
            <Oper_2_ID reference="id"/>
            <SeqNo>60</SeqNo>
            <PA_ReportLineSet_ID reference="uuid" reference-key="PA_ReportLineSet">0dc960a2-d6e8-4b12-804b-d1affa60a504</PA_ReportLineSet_ID>
            <Oper_1_ID reference="id"/>
            <PostingType/>
            <LineType>S</LineType>
            <CalculationType>A</CalculationType>
            <PAAmountType/>
            <PAPeriodType/>
            <Description/>
            <Name>Cost of Sales (COGS)</Name>
            <PA_ReportLine_UU>b152a662-b431-4fe2-9bdc-b5ef021d3a4c</PA_ReportLine_UU>
            <IsActive>true</IsActive>
            <IsInverseDebitCreditOnly>false</IsInverseDebitCreditOnly>
            <GL_Budget_ID reference="id"/>
        </PA_ReportLine>
        <PA_ReportLine type="table">
            <AD_Org_ID>0</AD_Org_ID>
            <IsPrinted>true</IsPrinted>
            <Oper_2_ID reference="id"/>
            <SeqNo>50</SeqNo>
            <PA_ReportLineSet_ID reference="uuid" reference-key="PA_ReportLineSet">0dc960a2-d6e8-4b12-804b-d1affa60a504</PA_ReportLineSet_ID>
            <Oper_1_ID reference="id"/>
            <PostingType/>
            <LineType>S</LineType>
            <CalculationType>A</CalculationType>
            <PAAmountType/>
            <PAPeriodType/>
            <Description>uB</Description>
            <Name>Total Revenue</Name>
            <PA_ReportLine_UU>718e6d46-493a-450c-8fc8-49d5edc837e7</PA_ReportLine_UU>
            <IsActive>true</IsActive>
            <IsInverseDebitCreditOnly>false</IsInverseDebitCreditOnly>
            <GL_Budget_ID reference="id"/>
            <PA_ReportSource type="table">
                <AD_Org_ID>0</AD_Org_ID>
                <PA_ReportLine_ID reference="uuid" reference-key="PA_ReportLine">718e6d46-493a-450c-8fc8-49d5edc837e7</PA_ReportLine_ID>
                <C_Project_ID reference="id"/>
                <C_SalesRegion_ID reference="id"/>
                <M_Product_ID reference="id"/>
                <ElementType>AC</ElementType>
                <C_Campaign_ID reference="id"/>
                <PA_ReportSource_UU>67e2355b-e57a-4812-a3fa-9f0e8feece16</PA_ReportSource_UU>
                <C_Activity_ID reference="id"/>
                <C_BPartner_ID reference="id"/>
                <IsIncludeNullsProduct>false</IsIncludeNullsProduct>
                <IsIncludeNullsOrg>false</IsIncludeNullsOrg>
                <IsIncludeNullsElementValue>false</IsIncludeNullsElementValue>
                <IsIncludeNullsBPartner>false</IsIncludeNullsBPartner>
                <IsIncludeNullsLocation>false</IsIncludeNullsLocation>
                <IsIncludeNullsProject>false</IsIncludeNullsProject>
                <IsIncludeNullsSalesRegion>false</IsIncludeNullsSalesRegion>
                <IsIncludeNullsActivity>false</IsIncludeNullsActivity>
                <IsIncludeNullsCampaign>false</IsIncludeNullsCampaign>
                <IsIncludeNullsUserElement1>false</IsIncludeNullsUserElement1>
                <IsIncludeNullsUserElement2>false</IsIncludeNullsUserElement2>
                <IsIncludeNullsOrgTrx>false</IsIncludeNullsOrgTrx>
                <Description/>
                <IsActive>true</IsActive>
                <UserElement1_ID reference="id"/>
                <Org_ID reference="id"/>
                <AD_OrgTrx_ID reference="id"/>
                <C_ElementValue_ID reference="id">632</C_ElementValue_ID>
                <C_Location_ID reference="id"/>
                <UserElement2_ID reference="id"/>
            </PA_ReportSource>
        </PA_ReportLine>
        <PA_ReportLine type="table">
            <AD_Org_ID>0</AD_Org_ID>
            <IsPrinted>true</IsPrinted>
            <Oper_2_ID reference="id"/>
            <SeqNo>100</SeqNo>
            <PA_ReportLineSet_ID reference="uuid" reference-key="PA_ReportLineSet">0dc960a2-d6e8-4b12-804b-d1affa60a504</PA_ReportLineSet_ID>
            <Oper_1_ID reference="id"/>
            <PostingType/>
            <LineType>S</LineType>
            <CalculationType>A</CalculationType>
            <PAAmountType/>
            <PAPeriodType/>
            <Description/>
            <Name>Expenses</Name>
            <PA_ReportLine_UU>1f5e8afd-29c6-483e-b7fc-c327362a5c6c</PA_ReportLine_UU>
            <IsActive>true</IsActive>
            <IsInverseDebitCreditOnly>false</IsInverseDebitCreditOnly>
            <GL_Budget_ID reference="id"/>
        </PA_ReportLine>
        <PA_ReportLine type="table">
            <AD_Org_ID>0</AD_Org_ID>
            <IsPrinted>true</IsPrinted>
            <Oper_2_ID reference="id"/>
            <SeqNo>120</SeqNo>
            <PA_ReportLineSet_ID reference="uuid" reference-key="PA_ReportLineSet">0dc960a2-d6e8-4b12-804b-d1affa60a504</PA_ReportLineSet_ID>
            <Oper_1_ID reference="id"/>
            <PostingType/>
            <LineType>S</LineType>
            <CalculationType>A</CalculationType>
            <PAAmountType/>
            <PAPeriodType/>
            <Description>2</Description>
            <Name>__Expenses - 7 series</Name>
            <PA_ReportLine_UU>1d0c78db-1dc3-42bb-95d4-03422f4df4be</PA_ReportLine_UU>
            <IsActive>true</IsActive>
            <IsInverseDebitCreditOnly>false</IsInverseDebitCreditOnly>
            <GL_Budget_ID reference="id"/>
            <PA_ReportSource type="table">
                <AD_Org_ID>0</AD_Org_ID>
                <PA_ReportLine_ID reference="uuid" reference-key="PA_ReportLine">1d0c78db-1dc3-42bb-95d4-03422f4df4be</PA_ReportLine_ID>
                <C_Project_ID reference="id"/>
                <C_SalesRegion_ID reference="id"/>
                <M_Product_ID reference="id"/>
                <ElementType>AC</ElementType>
                <C_Campaign_ID reference="id"/>
                <PA_ReportSource_UU>e886cbf4-84a8-4f2c-b2bb-7483363fd994</PA_ReportSource_UU>
                <C_Activity_ID reference="id"/>
                <C_BPartner_ID reference="id"/>
                <IsIncludeNullsProduct>false</IsIncludeNullsProduct>
                <IsIncludeNullsOrg>false</IsIncludeNullsOrg>
                <IsIncludeNullsElementValue>false</IsIncludeNullsElementValue>
                <IsIncludeNullsBPartner>false</IsIncludeNullsBPartner>
                <IsIncludeNullsLocation>false</IsIncludeNullsLocation>
                <IsIncludeNullsProject>false</IsIncludeNullsProject>
                <IsIncludeNullsSalesRegion>false</IsIncludeNullsSalesRegion>
                <IsIncludeNullsActivity>false</IsIncludeNullsActivity>
                <IsIncludeNullsCampaign>false</IsIncludeNullsCampaign>
                <IsIncludeNullsUserElement1>false</IsIncludeNullsUserElement1>
                <IsIncludeNullsUserElement2>false</IsIncludeNullsUserElement2>
                <IsIncludeNullsOrgTrx>false</IsIncludeNullsOrgTrx>
                <Description/>
                <IsActive>true</IsActive>
                <UserElement1_ID reference="id"/>
                <Org_ID reference="id"/>
                <AD_OrgTrx_ID reference="id"/>
                <C_ElementValue_ID reference="id">783</C_ElementValue_ID>
                <C_Location_ID reference="id"/>
                <UserElement2_ID reference="id"/>
            </PA_ReportSource>
        </PA_ReportLine>
        <PA_ReportLine type="table">
            <AD_Org_ID>0</AD_Org_ID>
            <IsPrinted>false</IsPrinted>
            <Oper_2_ID reference="id"/>
            <SeqNo>160</SeqNo>
            <PA_ReportLineSet_ID reference="uuid" reference-key="PA_ReportLineSet">0dc960a2-d6e8-4b12-804b-d1affa60a504</PA_ReportLineSet_ID>
            <Oper_1_ID reference="id"/>
            <PostingType/>
            <LineType>S</LineType>
            <CalculationType>A</CalculationType>
            <PAAmountType/>
            <PAPeriodType/>
            <Description>Replace this line with detail as needed to support your totals</Description>
            <Name>Note:</Name>
            <PA_ReportLine_UU>8130ae09-9096-4c8b-b9ce-bb44b1cda685</PA_ReportLine_UU>
            <IsActive>true</IsActive>
            <IsInverseDebitCreditOnly>false</IsInverseDebitCreditOnly>
            <GL_Budget_ID reference="id"/>
        </PA_ReportLine>
        <PA_ReportLine type="table">
            <AD_Org_ID>0</AD_Org_ID>
            <IsPrinted>false</IsPrinted>
            <Oper_2_ID reference="id"/>
            <SeqNo>125</SeqNo>
            <PA_ReportLineSet_ID reference="uuid" reference-key="PA_ReportLineSet">0dc960a2-d6e8-4b12-804b-d1affa60a504</PA_ReportLineSet_ID>
            <Oper_1_ID reference="id"/>
            <PostingType/>
            <LineType>S</LineType>
            <CalculationType>A</CalculationType>
            <PAAmountType/>
            <PAPeriodType/>
            <Description>Replace this line with detail as needed to support your totals</Description>
            <Name>Note:</Name>
            <PA_ReportLine_UU>a74c16a0-d705-40a4-b1d5-1aaccee9570e</PA_ReportLine_UU>
            <IsActive>true</IsActive>
            <IsInverseDebitCreditOnly>false</IsInverseDebitCreditOnly>
            <GL_Budget_ID reference="id"/>
        </PA_ReportLine>
        <PA_ReportLine type="table">
            <AD_Org_ID>0</AD_Org_ID>
            <IsPrinted>true</IsPrinted>
            <Oper_2_ID reference="id"/>
            <SeqNo>190</SeqNo>
            <PA_ReportLineSet_ID reference="uuid" reference-key="PA_ReportLineSet">0dc960a2-d6e8-4b12-804b-d1affa60a504</PA_ReportLineSet_ID>
            <Oper_1_ID reference="id"/>
            <PostingType/>
            <LineType>S</LineType>
            <CalculationType>A</CalculationType>
            <PAAmountType/>
            <PAPeriodType/>
            <Description>2</Description>
            <Name>__Taxes</Name>
            <PA_ReportLine_UU>18bbbae7-b6e6-4107-9962-1cfe7c8271de</PA_ReportLine_UU>
            <IsActive>true</IsActive>
            <IsInverseDebitCreditOnly>false</IsInverseDebitCreditOnly>
            <GL_Budget_ID reference="id"/>
            <PA_ReportSource type="table">
                <AD_Org_ID>0</AD_Org_ID>
                <PA_ReportLine_ID reference="uuid" reference-key="PA_ReportLine">18bbbae7-b6e6-4107-9962-1cfe7c8271de</PA_ReportLine_ID>
                <C_Project_ID reference="id"/>
                <C_SalesRegion_ID reference="id"/>
                <M_Product_ID reference="id"/>
                <ElementType>AC</ElementType>
                <C_Campaign_ID reference="id"/>
                <PA_ReportSource_UU>e753c0f2-3ee6-4ff4-bc4c-b50f3b03d20c</PA_ReportSource_UU>
                <C_Activity_ID reference="id"/>
                <C_BPartner_ID reference="id"/>
                <IsIncludeNullsProduct>false</IsIncludeNullsProduct>
                <IsIncludeNullsOrg>false</IsIncludeNullsOrg>
                <IsIncludeNullsElementValue>false</IsIncludeNullsElementValue>
                <IsIncludeNullsBPartner>false</IsIncludeNullsBPartner>
                <IsIncludeNullsLocation>false</IsIncludeNullsLocation>
                <IsIncludeNullsProject>false</IsIncludeNullsProject>
                <IsIncludeNullsSalesRegion>false</IsIncludeNullsSalesRegion>
                <IsIncludeNullsActivity>false</IsIncludeNullsActivity>
                <IsIncludeNullsCampaign>false</IsIncludeNullsCampaign>
                <IsIncludeNullsUserElement1>false</IsIncludeNullsUserElement1>
                <IsIncludeNullsUserElement2>false</IsIncludeNullsUserElement2>
                <IsIncludeNullsOrgTrx>false</IsIncludeNullsOrgTrx>
                <Description/>
                <IsActive>true</IsActive>
                <UserElement1_ID reference="id"/>
                <Org_ID reference="id"/>
                <AD_OrgTrx_ID reference="id"/>
                <C_ElementValue_ID reference="id">728</C_ElementValue_ID>
                <C_Location_ID reference="id"/>
                <UserElement2_ID reference="id"/>
            </PA_ReportSource>
        </PA_ReportLine>
        <PA_ReportLine type="table">
            <AD_Org_ID>0</AD_Org_ID>
            <IsPrinted>true</IsPrinted>
            <Oper_2_ID reference="id"/>
            <SeqNo>20</SeqNo>
            <PA_ReportLineSet_ID reference="uuid" reference-key="PA_ReportLineSet">0dc960a2-d6e8-4b12-804b-d1affa60a504</PA_ReportLineSet_ID>
            <Oper_1_ID reference="id"/>
            <PostingType/>
            <LineType>S</LineType>
            <CalculationType>A</CalculationType>
            <PAAmountType/>
            <PAPeriodType/>
            <Description>2</Description>
            <Name>__Product Revenue</Name>
            <PA_ReportLine_UU>5ddbb9cc-886a-459a-8c06-cc61eb902eb5</PA_ReportLine_UU>
            <IsActive>true</IsActive>
            <IsInverseDebitCreditOnly>false</IsInverseDebitCreditOnly>
            <GL_Budget_ID reference="id"/>
            <PA_ReportSource type="table">
                <AD_Org_ID>0</AD_Org_ID>
                <PA_ReportLine_ID reference="uuid" reference-key="PA_ReportLine">5ddbb9cc-886a-459a-8c06-cc61eb902eb5</PA_ReportLine_ID>
                <C_Project_ID reference="id"/>
                <C_SalesRegion_ID reference="id"/>
                <M_Product_ID reference="id"/>
                <ElementType>AC</ElementType>
                <C_Campaign_ID reference="id"/>
                <PA_ReportSource_UU>e4f76e63-537f-4c83-8d0b-ed54baca0c34</PA_ReportSource_UU>
                <C_Activity_ID reference="id"/>
                <C_BPartner_ID reference="id"/>
                <IsIncludeNullsProduct>false</IsIncludeNullsProduct>
                <IsIncludeNullsOrg>false</IsIncludeNullsOrg>
                <IsIncludeNullsElementValue>false</IsIncludeNullsElementValue>
                <IsIncludeNullsBPartner>false</IsIncludeNullsBPartner>
                <IsIncludeNullsLocation>false</IsIncludeNullsLocation>
                <IsIncludeNullsProject>false</IsIncludeNullsProject>
                <IsIncludeNullsSalesRegion>false</IsIncludeNullsSalesRegion>
                <IsIncludeNullsActivity>false</IsIncludeNullsActivity>
                <IsIncludeNullsCampaign>false</IsIncludeNullsCampaign>
                <IsIncludeNullsUserElement1>false</IsIncludeNullsUserElement1>
                <IsIncludeNullsUserElement2>false</IsIncludeNullsUserElement2>
                <IsIncludeNullsOrgTrx>false</IsIncludeNullsOrgTrx>
                <Description/>
                <IsActive>true</IsActive>
                <UserElement1_ID reference="id"/>
                <Org_ID reference="id"/>
                <AD_OrgTrx_ID reference="id"/>
                <C_ElementValue_ID reference="id">758</C_ElementValue_ID>
                <C_Location_ID reference="id"/>
                <UserElement2_ID reference="id"/>
            </PA_ReportSource>
        </PA_ReportLine>
        <PA_ReportLine type="table">
            <AD_Org_ID>0</AD_Org_ID>
            <IsPrinted>true</IsPrinted>
            <Oper_2_ID reference="id"/>
            <SeqNo>80</SeqNo>
            <PA_ReportLineSet_ID reference="uuid" reference-key="PA_ReportLineSet">0dc960a2-d6e8-4b12-804b-d1affa60a504</PA_ReportLineSet_ID>
            <Oper_1_ID reference="id"/>
            <PostingType/>
            <LineType>S</LineType>
            <CalculationType>A</CalculationType>
            <PAAmountType/>
            <PAPeriodType/>
            <Description>uB</Description>
            <Name>Total Cost of Sales (COGS)</Name>
            <PA_ReportLine_UU>4888f9a8-0bfa-440c-bb2a-fab09877d648</PA_ReportLine_UU>
            <IsActive>true</IsActive>
            <IsInverseDebitCreditOnly>false</IsInverseDebitCreditOnly>
            <GL_Budget_ID reference="id"/>
            <PA_ReportSource type="table">
                <AD_Org_ID>0</AD_Org_ID>
                <PA_ReportLine_ID reference="uuid" reference-key="PA_ReportLine">4888f9a8-0bfa-440c-bb2a-fab09877d648</PA_ReportLine_ID>
                <C_Project_ID reference="id"/>
                <C_SalesRegion_ID reference="id"/>
                <M_Product_ID reference="id"/>
                <ElementType>AC</ElementType>
                <C_Campaign_ID reference="id"/>
                <PA_ReportSource_UU>72394e98-0d16-4d8a-98d5-d1197ab20f29</PA_ReportSource_UU>
                <C_Activity_ID reference="id"/>
                <C_BPartner_ID reference="id"/>
                <IsIncludeNullsProduct>false</IsIncludeNullsProduct>
                <IsIncludeNullsOrg>false</IsIncludeNullsOrg>
                <IsIncludeNullsElementValue>false</IsIncludeNullsElementValue>
                <IsIncludeNullsBPartner>false</IsIncludeNullsBPartner>
                <IsIncludeNullsLocation>false</IsIncludeNullsLocation>
                <IsIncludeNullsProject>false</IsIncludeNullsProject>
                <IsIncludeNullsSalesRegion>false</IsIncludeNullsSalesRegion>
                <IsIncludeNullsActivity>false</IsIncludeNullsActivity>
                <IsIncludeNullsCampaign>false</IsIncludeNullsCampaign>
                <IsIncludeNullsUserElement1>false</IsIncludeNullsUserElement1>
                <IsIncludeNullsUserElement2>false</IsIncludeNullsUserElement2>
                <IsIncludeNullsOrgTrx>false</IsIncludeNullsOrgTrx>
                <Description/>
                <IsActive>true</IsActive>
                <UserElement1_ID reference="id"/>
                <Org_ID reference="id"/>
                <AD_OrgTrx_ID reference="id"/>
                <C_ElementValue_ID reference="id">429</C_ElementValue_ID>
                <C_Location_ID reference="id"/>
                <UserElement2_ID reference="id"/>
            </PA_ReportSource>
        </PA_ReportLine>
        <PA_ReportLine type="table">
            <AD_Org_ID>0</AD_Org_ID>
            <IsPrinted>true</IsPrinted>
            <Oper_2_ID reference="uuid" reference-key="PA_ReportLine">4888f9a8-0bfa-440c-bb2a-fab09877d648</Oper_2_ID>
            <SeqNo>90</SeqNo>
            <PA_ReportLineSet_ID reference="uuid" reference-key="PA_ReportLineSet">0dc960a2-d6e8-4b12-804b-d1affa60a504</PA_ReportLineSet_ID>
            <Oper_1_ID reference="uuid" reference-key="PA_ReportLine">718e6d46-493a-450c-8fc8-49d5edc837e7</Oper_1_ID>
            <PostingType/>
            <LineType>C</LineType>
            <CalculationType>S</CalculationType>
            <PAAmountType/>
            <PAPeriodType/>
            <Description>uB</Description>
            <Name>Gross Profit</Name>
            <PA_ReportLine_UU>baf41199-3f62-4315-bba3-7b4b4d850404</PA_ReportLine_UU>
            <IsActive>true</IsActive>
            <IsInverseDebitCreditOnly>false</IsInverseDebitCreditOnly>
            <GL_Budget_ID reference="id"/>
        </PA_ReportLine>
        <PA_ReportLine type="table">
            <AD_Org_ID>0</AD_Org_ID>
            <IsPrinted>true</IsPrinted>
            <Oper_2_ID reference="id"/>
            <SeqNo>10</SeqNo>
            <PA_ReportLineSet_ID reference="uuid" reference-key="PA_ReportLineSet">0dc960a2-d6e8-4b12-804b-d1affa60a504</PA_ReportLineSet_ID>
            <Oper_1_ID reference="id"/>
            <PostingType/>
            <LineType>S</LineType>
            <CalculationType>A</CalculationType>
            <PAAmountType/>
            <PAPeriodType/>
            <Description/>
            <Name>Revenue</Name>
            <PA_ReportLine_UU>bb39a8e4-3ad9-407d-8f64-0202681806dc</PA_ReportLine_UU>
            <IsActive>true</IsActive>
            <IsInverseDebitCreditOnly>false</IsInverseDebitCreditOnly>
            <GL_Budget_ID reference="id"/>
        </PA_ReportLine>
        <PA_ReportLine type="table">
            <AD_Org_ID>0</AD_Org_ID>
            <IsPrinted>true</IsPrinted>
            <Oper_2_ID reference="id"/>
            <SeqNo>150</SeqNo>
            <PA_ReportLineSet_ID reference="uuid" reference-key="PA_ReportLineSet">0dc960a2-d6e8-4b12-804b-d1affa60a504</PA_ReportLineSet_ID>
            <Oper_1_ID reference="id"/>
            <PostingType/>
            <LineType>S</LineType>
            <CalculationType>A</CalculationType>
            <PAAmountType/>
            <PAPeriodType/>
            <Description>2</Description>
            <Name>__Other Income</Name>
            <PA_ReportLine_UU>de4d37bd-e6f1-4e6b-912a-0893e770860c</PA_ReportLine_UU>
            <IsActive>true</IsActive>
            <IsInverseDebitCreditOnly>false</IsInverseDebitCreditOnly>
            <GL_Budget_ID reference="id"/>
            <PA_ReportSource type="table">
                <AD_Org_ID>0</AD_Org_ID>
                <PA_ReportLine_ID reference="uuid" reference-key="PA_ReportLine">de4d37bd-e6f1-4e6b-912a-0893e770860c</PA_ReportLine_ID>
                <C_Project_ID reference="id"/>
                <C_SalesRegion_ID reference="id"/>
                <M_Product_ID reference="id"/>
                <ElementType>AC</ElementType>
                <C_Campaign_ID reference="id"/>
                <PA_ReportSource_UU>cecf8613-721b-471b-80d1-bbb92ac96b15</PA_ReportSource_UU>
                <C_Activity_ID reference="id"/>
                <C_BPartner_ID reference="id"/>
                <IsIncludeNullsProduct>false</IsIncludeNullsProduct>
                <IsIncludeNullsOrg>false</IsIncludeNullsOrg>
                <IsIncludeNullsElementValue>false</IsIncludeNullsElementValue>
                <IsIncludeNullsBPartner>false</IsIncludeNullsBPartner>
                <IsIncludeNullsLocation>false</IsIncludeNullsLocation>
                <IsIncludeNullsProject>false</IsIncludeNullsProject>
                <IsIncludeNullsSalesRegion>false</IsIncludeNullsSalesRegion>
                <IsIncludeNullsActivity>false</IsIncludeNullsActivity>
                <IsIncludeNullsCampaign>false</IsIncludeNullsCampaign>
                <IsIncludeNullsUserElement1>false</IsIncludeNullsUserElement1>
                <IsIncludeNullsUserElement2>false</IsIncludeNullsUserElement2>
                <IsIncludeNullsOrgTrx>false</IsIncludeNullsOrgTrx>
                <Description/>
                <IsActive>true</IsActive>
                <UserElement1_ID reference="id"/>
                <Org_ID reference="id"/>
                <AD_OrgTrx_ID reference="id"/>
                <C_ElementValue_ID reference="id">704</C_ElementValue_ID>
                <C_Location_ID reference="id"/>
                <UserElement2_ID reference="id"/>
            </PA_ReportSource>
        </PA_ReportLine>
        <PA_ReportLine type="table">
            <AD_Org_ID>0</AD_Org_ID>
            <IsPrinted>true</IsPrinted>
            <Oper_2_ID reference="id"/>
            <SeqNo>30</SeqNo>
            <PA_ReportLineSet_ID reference="uuid" reference-key="PA_ReportLineSet">0dc960a2-d6e8-4b12-804b-d1affa60a504</PA_ReportLineSet_ID>
            <Oper_1_ID reference="id"/>
            <PostingType/>
            <LineType>S</LineType>
            <CalculationType>A</CalculationType>
            <PAAmountType/>
            <PAPeriodType/>
            <Description>2</Description>
            <Name>__Service Revenue</Name>
            <PA_ReportLine_UU>1f9d1b13-f590-4755-9873-b0adaa3c5216</PA_ReportLine_UU>
            <IsActive>true</IsActive>
            <IsInverseDebitCreditOnly>false</IsInverseDebitCreditOnly>
            <GL_Budget_ID reference="id"/>
            <PA_ReportSource type="table">
                <AD_Org_ID>0</AD_Org_ID>
                <PA_ReportLine_ID reference="uuid" reference-key="PA_ReportLine">1f9d1b13-f590-4755-9873-b0adaa3c5216</PA_ReportLine_ID>
                <C_Project_ID reference="id"/>
                <C_SalesRegion_ID reference="id"/>
                <M_Product_ID reference="id"/>
                <ElementType>AC</ElementType>
                <C_Campaign_ID reference="id"/>
                <PA_ReportSource_UU>43962e2a-3258-4682-99f9-edefcee43523</PA_ReportSource_UU>
                <C_Activity_ID reference="id"/>
                <C_BPartner_ID reference="id"/>
                <IsIncludeNullsProduct>false</IsIncludeNullsProduct>
                <IsIncludeNullsOrg>false</IsIncludeNullsOrg>
                <IsIncludeNullsElementValue>false</IsIncludeNullsElementValue>
                <IsIncludeNullsBPartner>false</IsIncludeNullsBPartner>
                <IsIncludeNullsLocation>false</IsIncludeNullsLocation>
                <IsIncludeNullsProject>false</IsIncludeNullsProject>
                <IsIncludeNullsSalesRegion>false</IsIncludeNullsSalesRegion>
                <IsIncludeNullsActivity>false</IsIncludeNullsActivity>
                <IsIncludeNullsCampaign>false</IsIncludeNullsCampaign>
                <IsIncludeNullsUserElement1>false</IsIncludeNullsUserElement1>
                <IsIncludeNullsUserElement2>false</IsIncludeNullsUserElement2>
                <IsIncludeNullsOrgTrx>false</IsIncludeNullsOrgTrx>
                <Description/>
                <IsActive>true</IsActive>
                <UserElement1_ID reference="id"/>
                <Org_ID reference="id"/>
                <AD_OrgTrx_ID reference="id"/>
                <C_ElementValue_ID reference="id">633</C_ElementValue_ID>
                <C_Location_ID reference="id"/>
                <UserElement2_ID reference="id"/>
            </PA_ReportSource>
        </PA_ReportLine>
        <PA_ReportLine type="table">
            <AD_Org_ID>0</AD_Org_ID>
            <IsPrinted>false</IsPrinted>
            <Oper_2_ID reference="id"/>
            <SeqNo>70</SeqNo>
            <PA_ReportLineSet_ID reference="uuid" reference-key="PA_ReportLineSet">0dc960a2-d6e8-4b12-804b-d1affa60a504</PA_ReportLineSet_ID>
            <Oper_1_ID reference="id"/>
            <PostingType/>
            <LineType>S</LineType>
            <CalculationType>A</CalculationType>
            <PAAmountType/>
            <PAPeriodType/>
            <Description>Replace this line with detail as needed to support your totals</Description>
            <Name>NOTE: </Name>
            <PA_ReportLine_UU>543e9a45-e336-4630-b46a-8edcc03b5c81</PA_ReportLine_UU>
            <IsActive>true</IsActive>
            <IsInverseDebitCreditOnly>false</IsInverseDebitCreditOnly>
            <GL_Budget_ID reference="id"/>
        </PA_ReportLine>
        <PA_ReportLine type="table">
            <AD_Org_ID>0</AD_Org_ID>
            <IsPrinted>true</IsPrinted>
            <Oper_2_ID reference="id"/>
            <SeqNo>110</SeqNo>
            <PA_ReportLineSet_ID reference="uuid" reference-key="PA_ReportLineSet">0dc960a2-d6e8-4b12-804b-d1affa60a504</PA_ReportLineSet_ID>
            <Oper_1_ID reference="id"/>
            <PostingType/>
            <LineType>S</LineType>
            <CalculationType>A</CalculationType>
            <PAAmountType/>
            <PAPeriodType/>
            <Description>2</Description>
            <Name>__Expenses - 6 series</Name>
            <PA_ReportLine_UU>11df8e07-f3f1-4697-acc7-181c3ca0ba58</PA_ReportLine_UU>
            <IsActive>true</IsActive>
            <IsInverseDebitCreditOnly>false</IsInverseDebitCreditOnly>
            <GL_Budget_ID reference="id"/>
            <PA_ReportSource type="table">
                <AD_Org_ID>0</AD_Org_ID>
                <PA_ReportLine_ID reference="uuid" reference-key="PA_ReportLine">11df8e07-f3f1-4697-acc7-181c3ca0ba58</PA_ReportLine_ID>
                <C_Project_ID reference="id"/>
                <C_SalesRegion_ID reference="id"/>
                <M_Product_ID reference="id"/>
                <ElementType>AC</ElementType>
                <C_Campaign_ID reference="id"/>
                <PA_ReportSource_UU>77950887-88d5-4237-8080-b7391a5fa83b</PA_ReportSource_UU>
                <C_Activity_ID reference="id"/>
                <C_BPartner_ID reference="id"/>
                <IsIncludeNullsProduct>false</IsIncludeNullsProduct>
                <IsIncludeNullsOrg>false</IsIncludeNullsOrg>
                <IsIncludeNullsElementValue>false</IsIncludeNullsElementValue>
                <IsIncludeNullsBPartner>false</IsIncludeNullsBPartner>
                <IsIncludeNullsLocation>false</IsIncludeNullsLocation>
                <IsIncludeNullsProject>false</IsIncludeNullsProject>
                <IsIncludeNullsSalesRegion>false</IsIncludeNullsSalesRegion>
                <IsIncludeNullsActivity>false</IsIncludeNullsActivity>
                <IsIncludeNullsCampaign>false</IsIncludeNullsCampaign>
                <IsIncludeNullsUserElement1>false</IsIncludeNullsUserElement1>
                <IsIncludeNullsUserElement2>false</IsIncludeNullsUserElement2>
                <IsIncludeNullsOrgTrx>false</IsIncludeNullsOrgTrx>
                <Description/>
                <IsActive>true</IsActive>
                <UserElement1_ID reference="id"/>
                <Org_ID reference="id"/>
                <AD_OrgTrx_ID reference="id"/>
                <C_ElementValue_ID reference="id">449</C_ElementValue_ID>
                <C_Location_ID reference="id"/>
                <UserElement2_ID reference="id"/>
            </PA_ReportSource>
        </PA_ReportLine>
        <PA_ReportLine type="table">
            <AD_Org_ID>0</AD_Org_ID>
            <IsPrinted>true</IsPrinted>
            <Oper_2_ID reference="id"/>
            <SeqNo>170</SeqNo>
            <PA_ReportLineSet_ID reference="uuid" reference-key="PA_ReportLineSet">0dc960a2-d6e8-4b12-804b-d1affa60a504</PA_ReportLineSet_ID>
            <Oper_1_ID reference="id"/>
            <PostingType/>
            <LineType>S</LineType>
            <CalculationType>A</CalculationType>
            <PAAmountType/>
            <PAPeriodType/>
            <Description>2</Description>
            <Name>__Other Expenses</Name>
            <PA_ReportLine_UU>1da3af16-c7ef-4a66-bacf-3867c511ed28</PA_ReportLine_UU>
            <IsActive>true</IsActive>
            <IsInverseDebitCreditOnly>false</IsInverseDebitCreditOnly>
            <GL_Budget_ID reference="id"/>
            <PA_ReportSource type="table">
                <AD_Org_ID>0</AD_Org_ID>
                <PA_ReportLine_ID reference="uuid" reference-key="PA_ReportLine">1da3af16-c7ef-4a66-bacf-3867c511ed28</PA_ReportLine_ID>
                <C_Project_ID reference="id"/>
                <C_SalesRegion_ID reference="id"/>
                <M_Product_ID reference="id"/>
                <ElementType>AC</ElementType>
                <C_Campaign_ID reference="id"/>
                <PA_ReportSource_UU>2c3f1265-ee9b-4af9-bc3c-e2255d5a37c7</PA_ReportSource_UU>
                <C_Activity_ID reference="id"/>
                <C_BPartner_ID reference="id"/>
                <IsIncludeNullsProduct>false</IsIncludeNullsProduct>
                <IsIncludeNullsOrg>false</IsIncludeNullsOrg>
                <IsIncludeNullsElementValue>false</IsIncludeNullsElementValue>
                <IsIncludeNullsBPartner>false</IsIncludeNullsBPartner>
                <IsIncludeNullsLocation>false</IsIncludeNullsLocation>
                <IsIncludeNullsProject>false</IsIncludeNullsProject>
                <IsIncludeNullsSalesRegion>false</IsIncludeNullsSalesRegion>
                <IsIncludeNullsActivity>false</IsIncludeNullsActivity>
                <IsIncludeNullsCampaign>false</IsIncludeNullsCampaign>
                <IsIncludeNullsUserElement1>false</IsIncludeNullsUserElement1>
                <IsIncludeNullsUserElement2>false</IsIncludeNullsUserElement2>
                <IsIncludeNullsOrgTrx>false</IsIncludeNullsOrgTrx>
                <Description/>
                <IsActive>true</IsActive>
                <UserElement1_ID reference="id"/>
                <Org_ID reference="id"/>
                <AD_OrgTrx_ID reference="id"/>
                <C_ElementValue_ID reference="id">716</C_ElementValue_ID>
                <C_Location_ID reference="id"/>
                <UserElement2_ID reference="id"/>
            </PA_ReportSource>
        </PA_ReportLine>
        <PA_ReportLine type="table">
            <AD_Org_ID>0</AD_Org_ID>
            <IsPrinted>false</IsPrinted>
            <Oper_2_ID reference="id"/>
            <SeqNo>180</SeqNo>
            <PA_ReportLineSet_ID reference="uuid" reference-key="PA_ReportLineSet">0dc960a2-d6e8-4b12-804b-d1affa60a504</PA_ReportLineSet_ID>
            <Oper_1_ID reference="id"/>
            <PostingType/>
            <LineType>S</LineType>
            <CalculationType>A</CalculationType>
            <PAAmountType/>
            <PAPeriodType/>
            <Description>Replace this line with detail as needed to support your totals</Description>
            <Name>Note:</Name>
            <PA_ReportLine_UU>1bb3f4a0-14fe-4d0c-a6b0-3506e801b453</PA_ReportLine_UU>
            <IsActive>true</IsActive>
            <IsInverseDebitCreditOnly>false</IsInverseDebitCreditOnly>
            <GL_Budget_ID reference="id"/>
        </PA_ReportLine>
        <PA_ReportLine type="table">
            <AD_Org_ID>0</AD_Org_ID>
            <IsPrinted>false</IsPrinted>
            <Oper_2_ID reference="id"/>
            <SeqNo>200</SeqNo>
            <PA_ReportLineSet_ID reference="uuid" reference-key="PA_ReportLineSet">0dc960a2-d6e8-4b12-804b-d1affa60a504</PA_ReportLineSet_ID>
            <Oper_1_ID reference="id"/>
            <PostingType/>
            <LineType>S</LineType>
            <CalculationType>A</CalculationType>
            <PAAmountType/>
            <PAPeriodType/>
            <Description>Replace this line with detail as needed to support your totals</Description>
            <Name>Note:</Name>
            <PA_ReportLine_UU>338988d2-a323-4696-99bf-646fb04fa948</PA_ReportLine_UU>
            <IsActive>true</IsActive>
            <IsInverseDebitCreditOnly>false</IsInverseDebitCreditOnly>
            <GL_Budget_ID reference="id"/>
        </PA_ReportLine>
        <PA_ReportLine type="table">
            <AD_Org_ID>0</AD_Org_ID>
            <IsPrinted>true</IsPrinted>
            <Oper_2_ID reference="id"/>
            <SeqNo>130</SeqNo>
            <PA_ReportLineSet_ID reference="uuid" reference-key="PA_ReportLineSet">0dc960a2-d6e8-4b12-804b-d1affa60a504</PA_ReportLineSet_ID>
            <Oper_1_ID reference="id"/>
            <PostingType/>
            <LineType>S</LineType>
            <CalculationType/>
            <PAAmountType/>
            <PAPeriodType/>
            <Description>uB</Description>
            <Name>Total Expenses</Name>
            <PA_ReportLine_UU>a9551896-e07f-4651-a750-04faf674a92c</PA_ReportLine_UU>
            <IsActive>true</IsActive>
            <IsInverseDebitCreditOnly>false</IsInverseDebitCreditOnly>
            <GL_Budget_ID reference="id"/>
            <PA_ReportSource type="table">
                <AD_Org_ID>0</AD_Org_ID>
                <PA_ReportLine_ID reference="uuid" reference-key="PA_ReportLine">a9551896-e07f-4651-a750-04faf674a92c</PA_ReportLine_ID>
                <C_Project_ID reference="id"/>
                <C_SalesRegion_ID reference="id"/>
                <M_Product_ID reference="id"/>
                <ElementType>AC</ElementType>
                <C_Campaign_ID reference="id"/>
                <PA_ReportSource_UU>548e8556-b284-49c3-9830-c26a81dcc8f4</PA_ReportSource_UU>
                <C_Activity_ID reference="id"/>
                <C_BPartner_ID reference="id"/>
                <IsIncludeNullsProduct>false</IsIncludeNullsProduct>
                <IsIncludeNullsOrg>false</IsIncludeNullsOrg>
                <IsIncludeNullsElementValue>false</IsIncludeNullsElementValue>
                <IsIncludeNullsBPartner>false</IsIncludeNullsBPartner>
                <IsIncludeNullsLocation>false</IsIncludeNullsLocation>
                <IsIncludeNullsProject>false</IsIncludeNullsProject>
                <IsIncludeNullsSalesRegion>false</IsIncludeNullsSalesRegion>
                <IsIncludeNullsActivity>false</IsIncludeNullsActivity>
                <IsIncludeNullsCampaign>false</IsIncludeNullsCampaign>
                <IsIncludeNullsUserElement1>false</IsIncludeNullsUserElement1>
                <IsIncludeNullsUserElement2>false</IsIncludeNullsUserElement2>
                <IsIncludeNullsOrgTrx>false</IsIncludeNullsOrgTrx>
                <Description/>
                <IsActive>true</IsActive>
                <UserElement1_ID reference="id"/>
                <Org_ID reference="id"/>
                <AD_OrgTrx_ID reference="id"/>
                <C_ElementValue_ID reference="id">449</C_ElementValue_ID>
                <C_Location_ID reference="id"/>
                <UserElement2_ID reference="id"/>
            </PA_ReportSource>
            <PA_ReportSource type="table">
                <AD_Org_ID>0</AD_Org_ID>
                <PA_ReportLine_ID reference="uuid" reference-key="PA_ReportLine">a9551896-e07f-4651-a750-04faf674a92c</PA_ReportLine_ID>
                <C_Project_ID reference="id"/>
                <C_SalesRegion_ID reference="id"/>
                <M_Product_ID reference="id"/>
                <ElementType>AC</ElementType>
                <C_Campaign_ID reference="id"/>
                <PA_ReportSource_UU>2ef24981-74dc-4229-87c4-8ddb34cc7a97</PA_ReportSource_UU>
                <C_Activity_ID reference="id"/>
                <C_BPartner_ID reference="id"/>
                <IsIncludeNullsProduct>false</IsIncludeNullsProduct>
                <IsIncludeNullsOrg>false</IsIncludeNullsOrg>
                <IsIncludeNullsElementValue>false</IsIncludeNullsElementValue>
                <IsIncludeNullsBPartner>false</IsIncludeNullsBPartner>
                <IsIncludeNullsLocation>false</IsIncludeNullsLocation>
                <IsIncludeNullsProject>false</IsIncludeNullsProject>
                <IsIncludeNullsSalesRegion>false</IsIncludeNullsSalesRegion>
                <IsIncludeNullsActivity>false</IsIncludeNullsActivity>
                <IsIncludeNullsCampaign>false</IsIncludeNullsCampaign>
                <IsIncludeNullsUserElement1>false</IsIncludeNullsUserElement1>
                <IsIncludeNullsUserElement2>false</IsIncludeNullsUserElement2>
                <IsIncludeNullsOrgTrx>false</IsIncludeNullsOrgTrx>
                <Description/>
                <IsActive>true</IsActive>
                <UserElement1_ID reference="id"/>
                <Org_ID reference="id"/>
                <AD_OrgTrx_ID reference="id"/>
                <C_ElementValue_ID reference="id">783</C_ElementValue_ID>
                <C_Location_ID reference="id"/>
                <UserElement2_ID reference="id"/>
            </PA_ReportSource>
        </PA_ReportLine>
        <PA_ReportLine type="table">
            <AD_Org_ID>0</AD_Org_ID>
            <IsPrinted>false</IsPrinted>
            <Oper_2_ID reference="id"/>
            <SeqNo>4</SeqNo>
            <PA_ReportLineSet_ID reference="uuid" reference-key="PA_ReportLineSet">0dc960a2-d6e8-4b12-804b-d1affa60a504</PA_ReportLineSet_ID>
            <Oper_1_ID reference="id"/>
            <PostingType/>
            <LineType>S</LineType>
            <CalculationType>A</CalculationType>
            <PAAmountType/>
            <PAPeriodType/>
            <Description>example codes: u=one underline, U=two underlines, B for bold, 3=three spaces. You can have multiple codes for a single line.</Description>
            <Name>NOTE:</Name>
            <PA_ReportLine_UU>6ecf846e-a1cc-45f0-b6e4-8cc6ab953246</PA_ReportLine_UU>
            <IsActive>true</IsActive>
            <IsInverseDebitCreditOnly>false</IsInverseDebitCreditOnly>
            <GL_Budget_ID reference="id"/>
        </PA_ReportLine>
        <PA_ReportLine type="table">
            <AD_Org_ID>0</AD_Org_ID>
            <IsPrinted>false</IsPrinted>
            <Oper_2_ID reference="id"/>
            <SeqNo>3</SeqNo>
            <PA_ReportLineSet_ID reference="uuid" reference-key="PA_ReportLineSet">0dc960a2-d6e8-4b12-804b-d1affa60a504</PA_ReportLineSet_ID>
            <Oper_1_ID reference="id"/>
            <PostingType/>
            <LineType>S</LineType>
            <CalculationType>A</CalculationType>
            <PAAmountType/>
            <PAPeriodType/>
            <Description>Your formatting codes go in the description column.</Description>
            <Name>NOTE:</Name>
            <PA_ReportLine_UU>f4414e64-db51-427d-ba09-e816fe606c60</PA_ReportLine_UU>
            <IsActive>true</IsActive>
            <IsInverseDebitCreditOnly>false</IsInverseDebitCreditOnly>
            <GL_Budget_ID reference="id"/>
        </PA_ReportLine>
        <PA_ReportLine type="table">
            <AD_Org_ID>0</AD_Org_ID>
            <IsPrinted>true</IsPrinted>
            <Oper_2_ID reference="uuid" reference-key="PA_ReportLine">a9551896-e07f-4651-a750-04faf674a92c</Oper_2_ID>
            <SeqNo>135</SeqNo>
            <PA_ReportLineSet_ID reference="uuid" reference-key="PA_ReportLineSet">0dc960a2-d6e8-4b12-804b-d1affa60a504</PA_ReportLineSet_ID>
            <Oper_1_ID reference="uuid" reference-key="PA_ReportLine">baf41199-3f62-4315-bba3-7b4b4d850404</Oper_1_ID>
            <PostingType/>
            <LineType>C</LineType>
            <CalculationType>S</CalculationType>
            <PAAmountType/>
            <PAPeriodType/>
            <Description>uB</Description>
            <Name>Operating Income</Name>
            <PA_ReportLine_UU>5affd20f-ac48-4eee-a431-0e78a674442a</PA_ReportLine_UU>
            <IsActive>true</IsActive>
            <IsInverseDebitCreditOnly>false</IsInverseDebitCreditOnly>
            <GL_Budget_ID reference="id"/>
        </PA_ReportLine>
        <PA_ReportLine type="table">
            <AD_Org_ID>0</AD_Org_ID>
            <IsPrinted>false</IsPrinted>
            <Oper_2_ID reference="id"/>
            <SeqNo>35</SeqNo>
            <PA_ReportLineSet_ID reference="uuid" reference-key="PA_ReportLineSet">0dc960a2-d6e8-4b12-804b-d1affa60a504</PA_ReportLineSet_ID>
            <Oper_1_ID reference="id"/>
            <PostingType/>
            <LineType>S</LineType>
            <CalculationType>A</CalculationType>
            <PAAmountType/>
            <PAPeriodType/>
            <Description>The next line is a good example of picking multiple acc</Description>
            <Name>NOTE</Name>
            <PA_ReportLine_UU>1a650d2c-eb2d-4390-93a5-55e61f96d7d3</PA_ReportLine_UU>
            <IsActive>true</IsActive>
            <IsInverseDebitCreditOnly>false</IsInverseDebitCreditOnly>
            <GL_Budget_ID reference="id"/>
        </PA_ReportLine>
        <PA_ReportLine type="table">
            <AD_Org_ID>0</AD_Org_ID>
            <IsPrinted>false</IsPrinted>
            <Oper_2_ID reference="id"/>
            <SeqNo>5</SeqNo>
            <PA_ReportLineSet_ID reference="uuid" reference-key="PA_ReportLineSet">0dc960a2-d6e8-4b12-804b-d1affa60a504</PA_ReportLineSet_ID>
            <Oper_1_ID reference="id"/>
            <PostingType/>
            <LineType>S</LineType>
            <CalculationType>A</CalculationType>
            <PAAmountType/>
            <PAPeriodType/>
            <Description>The next line is a label. Notice there is no Report Source.</Description>
            <Name>NOTE:</Name>
            <PA_ReportLine_UU>b542e3d6-ace8-49bd-a9a5-3762eb19eef2</PA_ReportLine_UU>
            <IsActive>true</IsActive>
            <IsInverseDebitCreditOnly>false</IsInverseDebitCreditOnly>
            <GL_Budget_ID reference="id"/>
        </PA_ReportLine>
        <PA_ReportLine type="table">
            <AD_Org_ID>0</AD_Org_ID>
            <IsPrinted>false</IsPrinted>
            <Oper_2_ID reference="id"/>
            <SeqNo>115</SeqNo>
            <PA_ReportLineSet_ID reference="uuid" reference-key="PA_ReportLineSet">0dc960a2-d6e8-4b12-804b-d1affa60a504</PA_ReportLineSet_ID>
            <Oper_1_ID reference="id"/>
            <PostingType/>
            <LineType>S</LineType>
            <CalculationType>A</CalculationType>
            <PAAmountType/>
            <PAPeriodType/>
            <Description>Replace this line with detail as needed to support your totals</Description>
            <Name>Note:</Name>
            <PA_ReportLine_UU>536c0d4f-ab21-4bf5-a042-d955f919e396</PA_ReportLine_UU>
            <IsActive>true</IsActive>
            <IsInverseDebitCreditOnly>false</IsInverseDebitCreditOnly>
            <GL_Budget_ID reference="id"/>
        </PA_ReportLine>
        <PA_ReportLine type="table">
            <AD_Org_ID>0</AD_Org_ID>
            <IsPrinted>true</IsPrinted>
            <Oper_2_ID reference="id"/>
            <SeqNo>40</SeqNo>
            <PA_ReportLineSet_ID reference="uuid" reference-key="PA_ReportLineSet">0dc960a2-d6e8-4b12-804b-d1affa60a504</PA_ReportLineSet_ID>
            <Oper_1_ID reference="id"/>
            <PostingType/>
            <LineType>S</LineType>
            <CalculationType>A</CalculationType>
            <PAAmountType/>
            <PAPeriodType/>
            <Description>2</Description>
            <Name>__Other Revenue</Name>
            <PA_ReportLine_UU>42107358-83fe-42bb-a902-5133119811f0</PA_ReportLine_UU>
            <IsActive>true</IsActive>
            <IsInverseDebitCreditOnly>false</IsInverseDebitCreditOnly>
            <GL_Budget_ID reference="id"/>
            <PA_ReportSource type="table">
                <AD_Org_ID>0</AD_Org_ID>
                <PA_ReportLine_ID reference="uuid" reference-key="PA_ReportLine">42107358-83fe-42bb-a902-5133119811f0</PA_ReportLine_ID>
                <C_Project_ID reference="id"/>
                <C_SalesRegion_ID reference="id"/>
                <M_Product_ID reference="id"/>
                <ElementType>AC</ElementType>
                <C_Campaign_ID reference="id"/>
                <PA_ReportSource_UU>3da88505-8b1f-47ba-8c88-6643f0b07900</PA_ReportSource_UU>
                <C_Activity_ID reference="id"/>
                <C_BPartner_ID reference="id"/>
                <IsIncludeNullsProduct>false</IsIncludeNullsProduct>
                <IsIncludeNullsOrg>false</IsIncludeNullsOrg>
                <IsIncludeNullsElementValue>false</IsIncludeNullsElementValue>
                <IsIncludeNullsBPartner>false</IsIncludeNullsBPartner>
                <IsIncludeNullsLocation>false</IsIncludeNullsLocation>
                <IsIncludeNullsProject>false</IsIncludeNullsProject>
                <IsIncludeNullsSalesRegion>false</IsIncludeNullsSalesRegion>
                <IsIncludeNullsActivity>false</IsIncludeNullsActivity>
                <IsIncludeNullsCampaign>false</IsIncludeNullsCampaign>
                <IsIncludeNullsUserElement1>false</IsIncludeNullsUserElement1>
                <IsIncludeNullsUserElement2>false</IsIncludeNullsUserElement2>
                <IsIncludeNullsOrgTrx>false</IsIncludeNullsOrgTrx>
                <Description/>
                <IsActive>true</IsActive>
                <UserElement1_ID reference="id"/>
                <Org_ID reference="id"/>
                <AD_OrgTrx_ID reference="id"/>
                <C_ElementValue_ID reference="id">421</C_ElementValue_ID>
                <C_Location_ID reference="id"/>
                <UserElement2_ID reference="id"/>
            </PA_ReportSource>
            <PA_ReportSource type="table">
                <AD_Org_ID>0</AD_Org_ID>
                <PA_ReportLine_ID reference="uuid" reference-key="PA_ReportLine">42107358-83fe-42bb-a902-5133119811f0</PA_ReportLine_ID>
                <C_Project_ID reference="id"/>
                <C_SalesRegion_ID reference="id"/>
                <M_Product_ID reference="id"/>
                <ElementType>AC</ElementType>
                <C_Campaign_ID reference="id"/>
                <PA_ReportSource_UU>ba26963d-064c-4254-a9b4-b4c31a511d9b</PA_ReportSource_UU>
                <C_Activity_ID reference="id"/>
                <C_BPartner_ID reference="id"/>
                <IsIncludeNullsProduct>false</IsIncludeNullsProduct>
                <IsIncludeNullsOrg>false</IsIncludeNullsOrg>
                <IsIncludeNullsElementValue>false</IsIncludeNullsElementValue>
                <IsIncludeNullsBPartner>false</IsIncludeNullsBPartner>
                <IsIncludeNullsLocation>false</IsIncludeNullsLocation>
                <IsIncludeNullsProject>false</IsIncludeNullsProject>
                <IsIncludeNullsSalesRegion>false</IsIncludeNullsSalesRegion>
                <IsIncludeNullsActivity>false</IsIncludeNullsActivity>
                <IsIncludeNullsCampaign>false</IsIncludeNullsCampaign>
                <IsIncludeNullsUserElement1>false</IsIncludeNullsUserElement1>
                <IsIncludeNullsUserElement2>false</IsIncludeNullsUserElement2>
                <IsIncludeNullsOrgTrx>false</IsIncludeNullsOrgTrx>
                <Description/>
                <IsActive>true</IsActive>
                <UserElement1_ID reference="id"/>
                <Org_ID reference="id"/>
                <AD_OrgTrx_ID reference="id"/>
                <C_ElementValue_ID reference="id">422</C_ElementValue_ID>
                <C_Location_ID reference="id"/>
                <UserElement2_ID reference="id"/>
            </PA_ReportSource>
            <PA_ReportSource type="table">
                <AD_Org_ID>0</AD_Org_ID>
                <PA_ReportLine_ID reference="uuid" reference-key="PA_ReportLine">42107358-83fe-42bb-a902-5133119811f0</PA_ReportLine_ID>
                <C_Project_ID reference="id"/>
                <C_SalesRegion_ID reference="id"/>
                <M_Product_ID reference="id"/>
                <ElementType>AC</ElementType>
                <C_Campaign_ID reference="id"/>
                <PA_ReportSource_UU>92c1a66f-d337-4415-abcd-89cf26be8e39</PA_ReportSource_UU>
                <C_Activity_ID reference="id"/>
                <C_BPartner_ID reference="id"/>
                <IsIncludeNullsProduct>false</IsIncludeNullsProduct>
                <IsIncludeNullsOrg>false</IsIncludeNullsOrg>
                <IsIncludeNullsElementValue>false</IsIncludeNullsElementValue>
                <IsIncludeNullsBPartner>false</IsIncludeNullsBPartner>
                <IsIncludeNullsLocation>false</IsIncludeNullsLocation>
                <IsIncludeNullsProject>false</IsIncludeNullsProject>
                <IsIncludeNullsSalesRegion>false</IsIncludeNullsSalesRegion>
                <IsIncludeNullsActivity>false</IsIncludeNullsActivity>
                <IsIncludeNullsCampaign>false</IsIncludeNullsCampaign>
                <IsIncludeNullsUserElement1>false</IsIncludeNullsUserElement1>
                <IsIncludeNullsUserElement2>false</IsIncludeNullsUserElement2>
                <IsIncludeNullsOrgTrx>false</IsIncludeNullsOrgTrx>
                <Description/>
                <IsActive>true</IsActive>
                <UserElement1_ID reference="id"/>
                <Org_ID reference="id"/>
                <AD_OrgTrx_ID reference="id"/>
                <C_ElementValue_ID reference="id">423</C_ElementValue_ID>
                <C_Location_ID reference="id"/>
                <UserElement2_ID reference="id"/>
            </PA_ReportSource>
            <PA_ReportSource type="table">
                <AD_Org_ID>0</AD_Org_ID>
                <PA_ReportLine_ID reference="uuid" reference-key="PA_ReportLine">42107358-83fe-42bb-a902-5133119811f0</PA_ReportLine_ID>
                <C_Project_ID reference="id"/>
                <C_SalesRegion_ID reference="id"/>
                <M_Product_ID reference="id"/>
                <ElementType>AC</ElementType>
                <C_Campaign_ID reference="id"/>
                <PA_ReportSource_UU>306a64fb-64f4-4d8b-afd3-ef178ee1b106</PA_ReportSource_UU>
                <C_Activity_ID reference="id"/>
                <C_BPartner_ID reference="id"/>
                <IsIncludeNullsProduct>false</IsIncludeNullsProduct>
                <IsIncludeNullsOrg>false</IsIncludeNullsOrg>
                <IsIncludeNullsElementValue>false</IsIncludeNullsElementValue>
                <IsIncludeNullsBPartner>false</IsIncludeNullsBPartner>
                <IsIncludeNullsLocation>false</IsIncludeNullsLocation>
                <IsIncludeNullsProject>false</IsIncludeNullsProject>
                <IsIncludeNullsSalesRegion>false</IsIncludeNullsSalesRegion>
                <IsIncludeNullsActivity>false</IsIncludeNullsActivity>
                <IsIncludeNullsCampaign>false</IsIncludeNullsCampaign>
                <IsIncludeNullsUserElement1>false</IsIncludeNullsUserElement1>
                <IsIncludeNullsUserElement2>false</IsIncludeNullsUserElement2>
                <IsIncludeNullsOrgTrx>false</IsIncludeNullsOrgTrx>
                <Description/>
                <IsActive>true</IsActive>
                <UserElement1_ID reference="id"/>
                <Org_ID reference="id"/>
                <AD_OrgTrx_ID reference="id"/>
                <C_ElementValue_ID reference="id">424</C_ElementValue_ID>
                <C_Location_ID reference="id"/>
                <UserElement2_ID reference="id"/>
            </PA_ReportSource>
            <PA_ReportSource type="table">
                <AD_Org_ID>0</AD_Org_ID>
                <PA_ReportLine_ID reference="uuid" reference-key="PA_ReportLine">42107358-83fe-42bb-a902-5133119811f0</PA_ReportLine_ID>
                <C_Project_ID reference="id"/>
                <C_SalesRegion_ID reference="id"/>
                <M_Product_ID reference="id"/>
                <ElementType>AC</ElementType>
                <C_Campaign_ID reference="id"/>
                <PA_ReportSource_UU>4917d263-a4e6-4168-85ee-2dc0c5f19357</PA_ReportSource_UU>
                <C_Activity_ID reference="id"/>
                <C_BPartner_ID reference="id"/>
                <IsIncludeNullsProduct>false</IsIncludeNullsProduct>
                <IsIncludeNullsOrg>false</IsIncludeNullsOrg>
                <IsIncludeNullsElementValue>false</IsIncludeNullsElementValue>
                <IsIncludeNullsBPartner>false</IsIncludeNullsBPartner>
                <IsIncludeNullsLocation>false</IsIncludeNullsLocation>
                <IsIncludeNullsProject>false</IsIncludeNullsProject>
                <IsIncludeNullsSalesRegion>false</IsIncludeNullsSalesRegion>
                <IsIncludeNullsActivity>false</IsIncludeNullsActivity>
                <IsIncludeNullsCampaign>false</IsIncludeNullsCampaign>
                <IsIncludeNullsUserElement1>false</IsIncludeNullsUserElement1>
                <IsIncludeNullsUserElement2>false</IsIncludeNullsUserElement2>
                <IsIncludeNullsOrgTrx>false</IsIncludeNullsOrgTrx>
                <Description/>
                <IsActive>true</IsActive>
                <UserElement1_ID reference="id"/>
                <Org_ID reference="id"/>
                <AD_OrgTrx_ID reference="id"/>
                <C_ElementValue_ID reference="id">425</C_ElementValue_ID>
                <C_Location_ID reference="id"/>
                <UserElement2_ID reference="id"/>
            </PA_ReportSource>
        </PA_ReportLine>
        <PA_ReportLine type="table">
            <AD_Org_ID>0</AD_Org_ID>
            <IsPrinted>false</IsPrinted>
            <Oper_2_ID reference="id"/>
            <SeqNo>127</SeqNo>
            <PA_ReportLineSet_ID reference="uuid" reference-key="PA_ReportLineSet">0dc960a2-d6e8-4b12-804b-d1affa60a504</PA_ReportLineSet_ID>
            <Oper_1_ID reference="id"/>
            <PostingType/>
            <LineType>S</LineType>
            <CalculationType/>
            <PAAmountType/>
            <PAPeriodType/>
            <Description>Total Expenses could be a calculation of type "Add Range"; However, adding detail to the expense sections will throw this range off.</Description>
            <Name>NOTE: </Name>
            <PA_ReportLine_UU>73f9754d-355f-4ea4-9979-0af155f67709</PA_ReportLine_UU>
            <IsActive>true</IsActive>
            <IsInverseDebitCreditOnly>false</IsInverseDebitCreditOnly>
            <GL_Budget_ID reference="id"/>
        </PA_ReportLine>
        <PA_ReportLine type="table">
            <AD_Org_ID>0</AD_Org_ID>
            <IsPrinted>true</IsPrinted>
            <Oper_2_ID reference="uuid" reference-key="PA_ReportLine">f792390d-10f0-4a98-aa87-3be62c23e696</Oper_2_ID>
            <SeqNo>230</SeqNo>
            <PA_ReportLineSet_ID reference="uuid" reference-key="PA_ReportLineSet">0dc960a2-d6e8-4b12-804b-d1affa60a504</PA_ReportLineSet_ID>
            <Oper_1_ID reference="uuid" reference-key="PA_ReportLine">5affd20f-ac48-4eee-a431-0e78a674442a</Oper_1_ID>
            <PostingType/>
            <LineType>C</LineType>
            <CalculationType>A</CalculationType>
            <PAAmountType/>
            <PAPeriodType/>
            <Description>UB</Description>
            <Name>Net Income</Name>
            <PA_ReportLine_UU>cf4c8b76-902b-4bfc-a50a-e9eb58a7331b</PA_ReportLine_UU>
            <IsActive>true</IsActive>
            <IsInverseDebitCreditOnly>false</IsInverseDebitCreditOnly>
            <GL_Budget_ID reference="id"/>
        </PA_ReportLine>
        <PA_ReportLine type="table">
            <AD_Org_ID>0</AD_Org_ID>
            <IsPrinted>false</IsPrinted>
            <Oper_2_ID reference="uuid" reference-key="PA_ReportLine">18bbbae7-b6e6-4107-9962-1cfe7c8271de</Oper_2_ID>
            <SeqNo>220</SeqNo>
            <PA_ReportLineSet_ID reference="uuid" reference-key="PA_ReportLineSet">0dc960a2-d6e8-4b12-804b-d1affa60a504</PA_ReportLineSet_ID>
            <Oper_1_ID reference="uuid" reference-key="PA_ReportLine">396eb8b5-ebce-4364-bf0f-63b4f15a0dbc</Oper_1_ID>
            <PostingType/>
            <LineType>C</LineType>
            <CalculationType>S</CalculationType>
            <PAAmountType/>
            <PAPeriodType/>
            <Description/>
            <Name>CALC 2 = CALC 1 + Taxes</Name>
            <PA_ReportLine_UU>f792390d-10f0-4a98-aa87-3be62c23e696</PA_ReportLine_UU>
            <IsActive>true</IsActive>
            <IsInverseDebitCreditOnly>false</IsInverseDebitCreditOnly>
            <GL_Budget_ID reference="id"/>
        </PA_ReportLine>
        <PA_ReportLine type="table">
            <AD_Org_ID>0</AD_Org_ID>
            <IsPrinted>false</IsPrinted>
            <Oper_2_ID reference="uuid" reference-key="PA_ReportLine">1da3af16-c7ef-4a66-bacf-3867c511ed28</Oper_2_ID>
            <SeqNo>210</SeqNo>
            <PA_ReportLineSet_ID reference="uuid" reference-key="PA_ReportLineSet">0dc960a2-d6e8-4b12-804b-d1affa60a504</PA_ReportLineSet_ID>
            <Oper_1_ID reference="uuid" reference-key="PA_ReportLine">de4d37bd-e6f1-4e6b-912a-0893e770860c</Oper_1_ID>
            <PostingType/>
            <LineType>C</LineType>
            <CalculationType>S</CalculationType>
            <PAAmountType/>
            <PAPeriodType/>
            <Description/>
            <Name>CALC 1 = Other Income - Other Expenses</Name>
            <PA_ReportLine_UU>396eb8b5-ebce-4364-bf0f-63b4f15a0dbc</PA_ReportLine_UU>
            <IsActive>true</IsActive>
            <IsInverseDebitCreditOnly>false</IsInverseDebitCreditOnly>
            <GL_Budget_ID reference="id"/>
        </PA_ReportLine>
    </PA_ReportLineSet>
</idempiere>
