<?xml version="1.0" encoding="UTF-8"?>
<idempiere Name="DailyBanking" Version="1" idempiereVersion="" DataBaseVersion="" Description="" Author="" AuthorEmail="" CreatedDate="2014-10-31 18:18:46.72" UpdatedDate="2014-10-31 18:18:46.72" PackOutVersion="100" UpdateDictionary="false" Client="0-SYSTEM-System" AD_Client_UU="11237b53-9592-4af1-b3c5-afd216514b5d">
    <AD_Package_Exp type="table">
        <AD_Client_ID>0</AD_Client_ID>
        <AD_Org_ID>0</AD_Org_ID>
        <Processing>false</Processing>
        <Version/>
        <Processed>false</Processed>
        <PK_Version>1</PK_Version>
        <AD_Package_Type>X</AD_Package_Type>
        <Description/>
        <Name>DailyBanking</Name>
        <UserName/>
        <AD_Package_Exp_UU>a50b5561-207a-47d9-aaa4-2ca58cecdee1</AD_Package_Exp_UU>
        <IsActive>true</IsActive>
        <File_Directory/>
        <EMail/>
        <Instructions/>
        <ReleaseNo/>
        <DateFrom/>
        <IsExportDictionaryEntity>false</IsExportDictionaryEntity>
        <AD_Package_Exp_Detail type="table">
            <AD_Client_ID>0</AD_Client_ID>
            <AD_Org_ID>0</AD_Org_ID>
            <SQLStatement>SELECT * FROM AD_Package_Exp WHERE AD_Package_Exp_UU='a50b5561-207a-47d9-aaa4-2ca58cecdee1';AD_Package_Exp_Detail</SQLStatement>
            <AD_Table_ID reference="id">50005</AD_Table_ID>
            <ReleaseNo/>
            <AD_Window_ID reference="id"/>
            <Target_Directory/>
            <DBType>ALL</DBType>
            <Destination_Directory/>
            <Processed>false</Processed>
            <AD_Workbench_ID reference="id"/>
            <AD_Package_Code_Old/>
            <AD_ImpFormat_ID reference="id"/>
            <AD_ReportView_ID reference="id"/>
            <AD_Val_Rule_ID reference="id"/>
            <AD_Package_Code_New/>
            <Name2/>
            <Destination_FileName/>
            <FileName/>
            <Description/>
            <AD_Package_Exp_Detail_UU>9fd0b9d7-7ffe-4056-9961-91cdb37df808</AD_Package_Exp_Detail_UU>
            <Type>D</Type>
            <Processing>false</Processing>
            <IsActive>true</IsActive>
            <Line>10</Line>
            <File_Directory/>
            <AD_EntityType_ID reference="id"/>
            <AD_Form_ID reference="id"/>
            <AD_Menu_ID reference="id"/>
            <AD_Message_ID reference="id"/>
            <AD_ModelValidator_ID reference="id"/>
            <AD_Package_Exp_ID reference="uuid" reference-key="AD_Package_Exp">a50b5561-207a-47d9-aaa4-2ca58cecdee1</AD_Package_Exp_ID>
            <AD_PrintFormat_ID reference="id"/>
            <AD_Process_ID reference="id"/>
            <AD_Reference_ID reference="id"/>
            <AD_Role_ID reference="id">0</AD_Role_ID>
            <AD_Workflow_ID reference="id"/>
        </AD_Package_Exp_Detail>
        <AD_Package_Exp_Detail type="table">
            <AD_Client_ID>0</AD_Client_ID>
            <AD_Org_ID>0</AD_Org_ID>
            <SQLStatement/>
            <AD_Table_ID reference="id"/>
            <ReleaseNo/>
            <AD_Window_ID reference="id"/>
            <Target_Directory/>
            <DBType>ALL</DBType>
            <Destination_Directory/>
            <Processed>false</Processed>
            <AD_Workbench_ID reference="id"/>
            <AD_Package_Code_Old/>
            <AD_ImpFormat_ID reference="id"/>
            <AD_ReportView_ID reference="id"/>
            <AD_Val_Rule_ID reference="id"/>
            <AD_Package_Code_New/>
            <Name2/>
            <Destination_FileName/>
            <FileName/>
            <Description/>
            <AD_Package_Exp_Detail_UU>f2a8c715-c9df-435b-948c-4551ecf66dbb</AD_Package_Exp_Detail_UU>
            <Type>M</Type>
            <Processing>false</Processing>
            <IsActive>true</IsActive>
            <Line>20</Line>
            <File_Directory/>
            <AD_EntityType_ID reference="id"/>
            <AD_Form_ID reference="id"/>
            <AD_Menu_ID reference="uuid" reference-key="AD_Menu">e47e3371-ed0e-4427-9359-c5fba920dab9</AD_Menu_ID>
            <AD_Message_ID reference="id"/>
            <AD_ModelValidator_ID reference="id"/>
            <AD_Package_Exp_ID reference="uuid" reference-key="AD_Package_Exp">a50b5561-207a-47d9-aaa4-2ca58cecdee1</AD_Package_Exp_ID>
            <AD_PrintFormat_ID reference="id"/>
            <AD_Process_ID reference="id"/>
            <AD_Reference_ID reference="id"/>
            <AD_Role_ID reference="id">0</AD_Role_ID>
            <AD_Workflow_ID reference="id"/>
        </AD_Package_Exp_Detail>
    </AD_Package_Exp>
    <AD_Menu type="table">
        <Parent_ID reference="id">175</Parent_ID>
        <SeqNo>5</SeqNo>
        <AD_Client_ID>0</AD_Client_ID>
        <AD_Org_ID>0</AD_Org_ID>
        <AD_Task_ID reference="id"/>
        <AD_Window_ID reference="uuid" reference-key="AD_Window">8ca84d30-ddce-4718-9561-103f26eb0568</AD_Window_ID>
        <IsSummary>false</IsSummary>
        <IsSOTrx>false</IsSOTrx>
        <IsReadOnly>false</IsReadOnly>
        <AD_Process_ID reference="id"/>
        <EntityType>U</EntityType>
        <IsCentrallyMaintained>true</IsCentrallyMaintained>
        <Name>Daily Banking</Name>
        <Description/>
        <AD_Menu_UU>e47e3371-ed0e-4427-9359-c5fba920dab9</AD_Menu_UU>
        <AD_Workflow_ID reference="id"/>
        <Action>W</Action>
        <IsActive>true</IsActive>
        <AD_InfoWindow_ID reference="id"/>
        <AD_Form_ID reference="id"/>
        <AD_Menu_Trl type="translation">
            <Name>Daily Banking</Name>
            <Description/>
            <AD_Language>es_CO</AD_Language>
            <IsActive>true</IsActive>
            <IsTranslated>false</IsTranslated>
        </AD_Menu_Trl>
        <AD_Window type="table">
            <AD_Client_ID>0</AD_Client_ID>
            <AD_Org_ID>0</AD_Org_ID>
            <Processing>false</Processing>
            <WindowType>M</WindowType>
            <AD_Color_ID reference="id"/>
            <Help/>
            <IsSOTrx>true</IsSOTrx>
            <IsDefault>false</IsDefault>
            <IsBetaFunctionality>false</IsBetaFunctionality>
            <WinHeight>0</WinHeight>
            <WinWidth>0</WinWidth>
            <EntityType>U</EntityType>
            <Name>Daily Banking</Name>
            <Description/>
            <AD_Window_UU>8ca84d30-ddce-4718-9561-103f26eb0568</AD_Window_UU>
            <IsActive>true</IsActive>
            <TitleLogic/>
            <AD_Image_ID reference="id"/>
            <AD_Window_Trl type="translation">
                <Help/>
                <Name>Daily Banking</Name>
                <Description/>
                <AD_Language>es_CO</AD_Language>
                <IsActive>true</IsActive>
                <IsTranslated>false</IsTranslated>
            </AD_Window_Trl>
            <AD_Table type="table">
                <AD_Client_ID>0</AD_Client_ID>
                <AD_Org_ID>0</AD_Org_ID>
                <ImportTable>N</ImportTable>
                <CopyColumnsFromTable>N</CopyColumnsFromTable>
                <IsSecurityEnabled>false</IsSecurityEnabled>
                <AccessLevel>3</AccessLevel>
                <Help/>
                <LoadSeq>0</LoadSeq>
                <AD_Window_ID reference="id"/>
                <IsHighVolume>false</IsHighVolume>
                <IsView>true</IsView>
                <IsChangeLog>false</IsChangeLog>
                <EntityType>U</EntityType>
                <ReplicationType>L</ReplicationType>
                <AD_Table_UU>5f4f3601-4f94-4514-b931-5b34bbde1e00</AD_Table_UU>
                <IsCentrallyMaintained>true</IsCentrallyMaintained>
                <IsDeleteable>false</IsDeleteable>
                <TableName>Chuboe_RV_Daily_Bank</TableName>
                <Description/>
                <Name>Chuboe_RV_Daily_Bank</Name>
                <IsActive>true</IsActive>
                <Processing>false</Processing>
                <DatabaseViewDrop>N</DatabaseViewDrop>
                <AD_Val_Rule_ID reference="id"/>
                <PO_Window_ID reference="id"/>
                <AD_Element type="table">
                    <AD_Client_ID>0</AD_Client_ID>
                    <AD_Org_ID>0</AD_Org_ID>
                    <ColumnName>Chuboe_RV_Daily_Bank_ID</ColumnName>
                    <Help/>
                    <PO_Description/>
                    <PO_Help/>
                    <PO_PrintName/>
                    <Name>Chuboe_RV_Daily_Bank</Name>
                    <Description/>
                    <PrintName>Chuboe_RV_Daily_Bank</PrintName>
                    <PO_Name/>
                    <AD_Element_UU>4d5483cb-f68a-455a-8a54-d5fe7782ba8f</AD_Element_UU>
                    <IsActive>true</IsActive>
                    <EntityType>U</EntityType>
                    <AD_Element_Trl type="translation">
                        <Help/>
                        <PO_Description/>
                        <PO_Help/>
                        <PO_PrintName/>
                        <Name>Chuboe_RV_Daily_Bank</Name>
                        <Description/>
                        <PrintName>Chuboe_RV_Daily_Bank</PrintName>
                        <PO_Name/>
                        <AD_Language>es_CO</AD_Language>
                        <IsActive>true</IsActive>
                        <IsTranslated>false</IsTranslated>
                    </AD_Element_Trl>
                </AD_Element>
                <AD_Column type="table">
                    <IsSyncDatabase>Y</IsSyncDatabase>
                    <AD_Table_ID reference="uuid" reference-key="AD_Table">5f4f3601-4f94-4514-b931-5b34bbde1e00</AD_Table_ID>
                    <AD_Reference_Value_ID reference="id"/>
                    <AD_Client_ID>0</AD_Client_ID>
                    <AD_Org_ID>0</AD_Org_ID>
                    <SeqNoSelection/>
                    <Version>0.0</Version>
                    <ValueMax/>
                    <IsMandatory>false</IsMandatory>
                    <IsTranslated>false</IsTranslated>
                    <IsIdentifier>false</IsIdentifier>
                    <SeqNo/>
                    <ValueMin/>
                    <IsParent>false</IsParent>
                    <FieldLength>10</FieldLength>
                    <IsSelectionColumn>false</IsSelectionColumn>
                    <IsKey>true</IsKey>
                    <AD_Process_ID reference="id"/>
                    <ReadOnlyLogic/>
                    <IsAutocomplete>false</IsAutocomplete>
                    <IsAllowLogging>true</IsAllowLogging>
                    <MandatoryLogic/>
                    <FormatPattern/>
                    <AD_Column_UU>58d84bd1-a1a6-4fd2-aeee-41bfed1530bc</AD_Column_UU>
                    <IsUpdateable>false</IsUpdateable>
                    <Callout/>
                    <ColumnName>Chuboe_RV_Daily_Bank_ID</ColumnName>
                    <Description/>
                    <ColumnSQL/>
                    <DefaultValue/>
                    <Help/>
                    <Name>Chuboe_RV_Daily_Bank</Name>
                    <IsAllowCopy>true</IsAllowCopy>
                    <IsActive>true</IsActive>
                    <IsToolbarButton>true</IsToolbarButton>
                    <IsAlwaysUpdateable>false</IsAlwaysUpdateable>
                    <EntityType>U</EntityType>
                    <VFormat/>
                    <IsEncrypted>N</IsEncrypted>
                    <IsSecure>false</IsSecure>
                    <AD_Chart_ID reference="id"/>
                    <FKConstraintType>N</FKConstraintType>
                    <FKConstraintName/>
                    <AD_Element_ID reference="uuid" reference-key="AD_Element">4d5483cb-f68a-455a-8a54-d5fe7782ba8f</AD_Element_ID>
                    <AD_Reference_ID reference="id">19</AD_Reference_ID>
                    <AD_Val_Rule_ID reference="id"/>
                </AD_Column>
                <AD_Column type="table">
                    <IsSyncDatabase>Y</IsSyncDatabase>
                    <AD_Table_ID reference="uuid" reference-key="AD_Table">5f4f3601-4f94-4514-b931-5b34bbde1e00</AD_Table_ID>
                    <AD_Reference_Value_ID reference="id"/>
                    <AD_Client_ID>0</AD_Client_ID>
                    <AD_Org_ID>0</AD_Org_ID>
                    <SeqNoSelection/>
                    <Version>0.0</Version>
                    <ValueMax/>
                    <IsMandatory>false</IsMandatory>
                    <IsTranslated>false</IsTranslated>
                    <IsIdentifier>false</IsIdentifier>
                    <SeqNo/>
                    <ValueMin/>
                    <IsParent>false</IsParent>
                    <FieldLength>10</FieldLength>
                    <IsSelectionColumn>false</IsSelectionColumn>
                    <IsKey>false</IsKey>
                    <AD_Process_ID reference="id"/>
                    <ReadOnlyLogic/>
                    <IsAutocomplete>false</IsAutocomplete>
                    <IsAllowLogging>true</IsAllowLogging>
                    <MandatoryLogic/>
                    <FormatPattern/>
                    <AD_Column_UU>70fbf6b8-3cbb-47e7-b300-92d5d83e3ea1</AD_Column_UU>
                    <IsUpdateable>false</IsUpdateable>
                    <Callout/>
                    <ColumnName>AD_Client_ID</ColumnName>
                    <Description>Client/Tenant for this installation.</Description>
                    <ColumnSQL/>
                    <DefaultValue/>
                    <Help>A Client is a company or a legal entity. You cannot share data between Clients. Tenant is a synonym for Client.</Help>
                    <Name>Client</Name>
                    <IsAllowCopy>true</IsAllowCopy>
                    <IsActive>true</IsActive>
                    <IsToolbarButton>true</IsToolbarButton>
                    <IsAlwaysUpdateable>false</IsAlwaysUpdateable>
                    <EntityType>U</EntityType>
                    <VFormat/>
                    <IsEncrypted>N</IsEncrypted>
                    <IsSecure>false</IsSecure>
                    <AD_Chart_ID reference="id"/>
                    <FKConstraintType>N</FKConstraintType>
                    <FKConstraintName/>
                    <AD_Element_ID reference="id">102</AD_Element_ID>
                    <AD_Reference_ID reference="id">19</AD_Reference_ID>
                    <AD_Val_Rule_ID reference="id"/>
                </AD_Column>
                <AD_Column type="table">
                    <IsSyncDatabase>Y</IsSyncDatabase>
                    <AD_Table_ID reference="uuid" reference-key="AD_Table">5f4f3601-4f94-4514-b931-5b34bbde1e00</AD_Table_ID>
                    <AD_Reference_Value_ID reference="id"/>
                    <AD_Client_ID>0</AD_Client_ID>
                    <AD_Org_ID>0</AD_Org_ID>
                    <SeqNoSelection/>
                    <Version>0.0</Version>
                    <ValueMax/>
                    <IsMandatory>false</IsMandatory>
                    <IsTranslated>false</IsTranslated>
                    <IsIdentifier>false</IsIdentifier>
                    <SeqNo/>
                    <ValueMin/>
                    <IsParent>false</IsParent>
                    <FieldLength>10</FieldLength>
                    <IsSelectionColumn>false</IsSelectionColumn>
                    <IsKey>false</IsKey>
                    <AD_Process_ID reference="id"/>
                    <ReadOnlyLogic/>
                    <IsAutocomplete>false</IsAutocomplete>
                    <IsAllowLogging>true</IsAllowLogging>
                    <MandatoryLogic/>
                    <FormatPattern/>
                    <AD_Column_UU>fb1db366-5ee9-41d9-825e-788c18ee27c3</AD_Column_UU>
                    <IsUpdateable>false</IsUpdateable>
                    <Callout/>
                    <ColumnName>AD_Org_ID</ColumnName>
                    <Description>Organizational entity within client</Description>
                    <ColumnSQL/>
                    <DefaultValue/>
                    <Help>An organization is a unit of your client or legal entity - examples are store, department. You can share data between organizations.</Help>
                    <Name>Organization</Name>
                    <IsAllowCopy>true</IsAllowCopy>
                    <IsActive>true</IsActive>
                    <IsToolbarButton>true</IsToolbarButton>
                    <IsAlwaysUpdateable>false</IsAlwaysUpdateable>
                    <EntityType>U</EntityType>
                    <VFormat/>
                    <IsEncrypted>N</IsEncrypted>
                    <IsSecure>false</IsSecure>
                    <AD_Chart_ID reference="id"/>
                    <FKConstraintType>N</FKConstraintType>
                    <FKConstraintName/>
                    <AD_Element_ID reference="id">113</AD_Element_ID>
                    <AD_Reference_ID reference="id">19</AD_Reference_ID>
                    <AD_Val_Rule_ID reference="id"/>
                </AD_Column>
                <AD_Column type="table">
                    <IsSyncDatabase>Y</IsSyncDatabase>
                    <AD_Table_ID reference="uuid" reference-key="AD_Table">5f4f3601-4f94-4514-b931-5b34bbde1e00</AD_Table_ID>
                    <AD_Reference_Value_ID reference="id"/>
                    <AD_Client_ID>0</AD_Client_ID>
                    <AD_Org_ID>0</AD_Org_ID>
                    <SeqNoSelection/>
                    <Version>0.0</Version>
                    <ValueMax/>
                    <IsMandatory>false</IsMandatory>
                    <IsTranslated>false</IsTranslated>
                    <IsIdentifier>false</IsIdentifier>
                    <SeqNo/>
                    <ValueMin/>
                    <IsParent>false</IsParent>
                    <FieldLength>29</FieldLength>
                    <IsSelectionColumn>false</IsSelectionColumn>
                    <IsKey>false</IsKey>
                    <AD_Process_ID reference="id"/>
                    <ReadOnlyLogic/>
                    <IsAutocomplete>false</IsAutocomplete>
                    <IsAllowLogging>true</IsAllowLogging>
                    <MandatoryLogic/>
                    <FormatPattern/>
                    <AD_Column_UU>dfc727b5-17f6-4cb9-b0d3-f9cca71412bf</AD_Column_UU>
                    <IsUpdateable>false</IsUpdateable>
                    <Callout/>
                    <ColumnName>Created</ColumnName>
                    <Description>Date this record was created</Description>
                    <ColumnSQL/>
                    <DefaultValue/>
                    <Help>The Created field indicates the date that this record was created.</Help>
                    <Name>Created</Name>
                    <IsAllowCopy>true</IsAllowCopy>
                    <IsActive>true</IsActive>
                    <IsToolbarButton>true</IsToolbarButton>
                    <IsAlwaysUpdateable>false</IsAlwaysUpdateable>
                    <EntityType>U</EntityType>
                    <VFormat/>
                    <IsEncrypted>N</IsEncrypted>
                    <IsSecure>false</IsSecure>
                    <AD_Chart_ID reference="id"/>
                    <FKConstraintType>N</FKConstraintType>
                    <FKConstraintName/>
                    <AD_Element_ID reference="id">245</AD_Element_ID>
                    <AD_Reference_ID reference="id">16</AD_Reference_ID>
                    <AD_Val_Rule_ID reference="id"/>
                </AD_Column>
                <AD_Column type="table">
                    <IsSyncDatabase>Y</IsSyncDatabase>
                    <AD_Table_ID reference="uuid" reference-key="AD_Table">5f4f3601-4f94-4514-b931-5b34bbde1e00</AD_Table_ID>
                    <AD_Reference_Value_ID reference="id">110</AD_Reference_Value_ID>
                    <AD_Client_ID>0</AD_Client_ID>
                    <AD_Org_ID>0</AD_Org_ID>
                    <SeqNoSelection/>
                    <Version>0.0</Version>
                    <ValueMax/>
                    <IsMandatory>false</IsMandatory>
                    <IsTranslated>false</IsTranslated>
                    <IsIdentifier>false</IsIdentifier>
                    <SeqNo/>
                    <ValueMin/>
                    <IsParent>false</IsParent>
                    <FieldLength>10</FieldLength>
                    <IsSelectionColumn>false</IsSelectionColumn>
                    <IsKey>false</IsKey>
                    <AD_Process_ID reference="id"/>
                    <ReadOnlyLogic/>
                    <IsAutocomplete>false</IsAutocomplete>
                    <IsAllowLogging>true</IsAllowLogging>
                    <MandatoryLogic/>
                    <FormatPattern/>
                    <AD_Column_UU>9305019c-5b0f-4250-9982-fbb05b5d06d2</AD_Column_UU>
                    <IsUpdateable>false</IsUpdateable>
                    <Callout/>
                    <ColumnName>CreatedBy</ColumnName>
                    <Description>User who created this records</Description>
                    <ColumnSQL/>
                    <DefaultValue/>
                    <Help>The Created By field indicates the user who created this record.</Help>
                    <Name>Created By</Name>
                    <IsAllowCopy>true</IsAllowCopy>
                    <IsActive>true</IsActive>
                    <IsToolbarButton>true</IsToolbarButton>
                    <IsAlwaysUpdateable>false</IsAlwaysUpdateable>
                    <EntityType>U</EntityType>
                    <VFormat/>
                    <IsEncrypted>N</IsEncrypted>
                    <IsSecure>false</IsSecure>
                    <AD_Chart_ID reference="id"/>
                    <FKConstraintType>N</FKConstraintType>
                    <FKConstraintName/>
                    <AD_Element_ID reference="id">246</AD_Element_ID>
                    <AD_Reference_ID reference="id">18</AD_Reference_ID>
                    <AD_Val_Rule_ID reference="id"/>
                </AD_Column>
                <AD_Column type="table">
                    <IsSyncDatabase>Y</IsSyncDatabase>
                    <AD_Table_ID reference="uuid" reference-key="AD_Table">5f4f3601-4f94-4514-b931-5b34bbde1e00</AD_Table_ID>
                    <AD_Reference_Value_ID reference="id"/>
                    <AD_Client_ID>0</AD_Client_ID>
                    <AD_Org_ID>0</AD_Org_ID>
                    <SeqNoSelection/>
                    <Version>0.0</Version>
                    <ValueMax/>
                    <IsMandatory>false</IsMandatory>
                    <IsTranslated>false</IsTranslated>
                    <IsIdentifier>false</IsIdentifier>
                    <SeqNo/>
                    <ValueMin/>
                    <IsParent>false</IsParent>
                    <FieldLength>29</FieldLength>
                    <IsSelectionColumn>false</IsSelectionColumn>
                    <IsKey>false</IsKey>
                    <AD_Process_ID reference="id"/>
                    <ReadOnlyLogic/>
                    <IsAutocomplete>false</IsAutocomplete>
                    <IsAllowLogging>true</IsAllowLogging>
                    <MandatoryLogic/>
                    <FormatPattern/>
                    <AD_Column_UU>cbc2b1f5-4119-4060-b23a-3b225b3723d4</AD_Column_UU>
                    <IsUpdateable>false</IsUpdateable>
                    <Callout/>
                    <ColumnName>Updated</ColumnName>
                    <Description>Date this record was updated</Description>
                    <ColumnSQL/>
                    <DefaultValue/>
                    <Help>The Updated field indicates the date that this record was updated.</Help>
                    <Name>Updated</Name>
                    <IsAllowCopy>true</IsAllowCopy>
                    <IsActive>true</IsActive>
                    <IsToolbarButton>true</IsToolbarButton>
                    <IsAlwaysUpdateable>false</IsAlwaysUpdateable>
                    <EntityType>U</EntityType>
                    <VFormat/>
                    <IsEncrypted>N</IsEncrypted>
                    <IsSecure>false</IsSecure>
                    <AD_Chart_ID reference="id"/>
                    <FKConstraintType>N</FKConstraintType>
                    <FKConstraintName/>
                    <AD_Element_ID reference="id">607</AD_Element_ID>
                    <AD_Reference_ID reference="id">16</AD_Reference_ID>
                    <AD_Val_Rule_ID reference="id"/>
                </AD_Column>
                <AD_Column type="table">
                    <IsSyncDatabase>Y</IsSyncDatabase>
                    <AD_Table_ID reference="uuid" reference-key="AD_Table">5f4f3601-4f94-4514-b931-5b34bbde1e00</AD_Table_ID>
                    <AD_Reference_Value_ID reference="id">110</AD_Reference_Value_ID>
                    <AD_Client_ID>0</AD_Client_ID>
                    <AD_Org_ID>0</AD_Org_ID>
                    <SeqNoSelection/>
                    <Version>0.0</Version>
                    <ValueMax/>
                    <IsMandatory>false</IsMandatory>
                    <IsTranslated>false</IsTranslated>
                    <IsIdentifier>false</IsIdentifier>
                    <SeqNo/>
                    <ValueMin/>
                    <IsParent>false</IsParent>
                    <FieldLength>10</FieldLength>
                    <IsSelectionColumn>false</IsSelectionColumn>
                    <IsKey>false</IsKey>
                    <AD_Process_ID reference="id"/>
                    <ReadOnlyLogic/>
                    <IsAutocomplete>false</IsAutocomplete>
                    <IsAllowLogging>true</IsAllowLogging>
                    <MandatoryLogic/>
                    <FormatPattern/>
                    <AD_Column_UU>10f4f7f2-c2aa-461d-9f29-4aabb6d9afa4</AD_Column_UU>
                    <IsUpdateable>false</IsUpdateable>
                    <Callout/>
                    <ColumnName>UpdatedBy</ColumnName>
                    <Description>User who updated this records</Description>
                    <ColumnSQL/>
                    <DefaultValue/>
                    <Help>The Updated By field indicates the user who updated this record.</Help>
                    <Name>Updated By</Name>
                    <IsAllowCopy>true</IsAllowCopy>
                    <IsActive>true</IsActive>
                    <IsToolbarButton>true</IsToolbarButton>
                    <IsAlwaysUpdateable>false</IsAlwaysUpdateable>
                    <EntityType>U</EntityType>
                    <VFormat/>
                    <IsEncrypted>N</IsEncrypted>
                    <IsSecure>false</IsSecure>
                    <AD_Chart_ID reference="id"/>
                    <FKConstraintType>N</FKConstraintType>
                    <FKConstraintName/>
                    <AD_Element_ID reference="id">608</AD_Element_ID>
                    <AD_Reference_ID reference="id">18</AD_Reference_ID>
                    <AD_Val_Rule_ID reference="id"/>
                </AD_Column>
                <AD_Column type="table">
                    <IsSyncDatabase>Y</IsSyncDatabase>
                    <AD_Table_ID reference="uuid" reference-key="AD_Table">5f4f3601-4f94-4514-b931-5b34bbde1e00</AD_Table_ID>
                    <AD_Reference_Value_ID reference="id"/>
                    <AD_Client_ID>0</AD_Client_ID>
                    <AD_Org_ID>0</AD_Org_ID>
                    <SeqNoSelection/>
                    <Version>0.0</Version>
                    <ValueMax/>
                    <IsMandatory>false</IsMandatory>
                    <IsTranslated>false</IsTranslated>
                    <IsIdentifier>false</IsIdentifier>
                    <SeqNo/>
                    <ValueMin/>
                    <IsParent>false</IsParent>
                    <FieldLength>10</FieldLength>
                    <IsSelectionColumn>false</IsSelectionColumn>
                    <IsKey>false</IsKey>
                    <AD_Process_ID reference="id"/>
                    <ReadOnlyLogic/>
                    <IsAutocomplete>false</IsAutocomplete>
                    <IsAllowLogging>true</IsAllowLogging>
                    <MandatoryLogic/>
                    <FormatPattern/>
                    <AD_Column_UU>3d490822-8c3a-42b0-9929-1fa0fee27089</AD_Column_UU>
                    <IsUpdateable>false</IsUpdateable>
                    <Callout/>
                    <ColumnName>C_Currency_ID</ColumnName>
                    <Description>The Currency for this record</Description>
                    <ColumnSQL/>
                    <DefaultValue/>
                    <Help>Indicates the Currency to be used when processing or reporting on this record</Help>
                    <Name>Currency</Name>
                    <IsAllowCopy>true</IsAllowCopy>
                    <IsActive>true</IsActive>
                    <IsToolbarButton>true</IsToolbarButton>
                    <IsAlwaysUpdateable>false</IsAlwaysUpdateable>
                    <EntityType>U</EntityType>
                    <VFormat/>
                    <IsEncrypted>N</IsEncrypted>
                    <IsSecure>false</IsSecure>
                    <AD_Chart_ID reference="id"/>
                    <FKConstraintType>N</FKConstraintType>
                    <FKConstraintName/>
                    <AD_Element_ID reference="id">193</AD_Element_ID>
                    <AD_Reference_ID reference="id">19</AD_Reference_ID>
                    <AD_Val_Rule_ID reference="id"/>
                </AD_Column>
                <AD_Element type="table">
                    <AD_Client_ID>0</AD_Client_ID>
                    <AD_Org_ID>0</AD_Org_ID>
                    <ColumnName>Total_Bal</ColumnName>
                    <Help/>
                    <PO_Description/>
                    <PO_Help/>
                    <PO_PrintName/>
                    <Name>Total</Name>
                    <Description>CurrentBank - AP NoClear NoRecon + AR NoClear NoRecon - AP YesClear NoRecon + AR_YesClear NoRecon</Description>
                    <PrintName>Total</PrintName>
                    <PO_Name/>
                    <AD_Element_UU>2dfad7d7-ec52-49fc-ab72-808b75f1543f</AD_Element_UU>
                    <IsActive>true</IsActive>
                    <EntityType>U</EntityType>
                    <AD_Element_Trl type="translation">
                        <Help/>
                        <PO_Description/>
                        <PO_Help/>
                        <PO_PrintName/>
                        <Name>total_bal</Name>
                        <Description/>
                        <PrintName>total_bal</PrintName>
                        <PO_Name/>
                        <AD_Language>es_CO</AD_Language>
                        <IsActive>true</IsActive>
                        <IsTranslated>false</IsTranslated>
                    </AD_Element_Trl>
                </AD_Element>
                <AD_Column type="table">
                    <IsSyncDatabase>Y</IsSyncDatabase>
                    <AD_Table_ID reference="uuid" reference-key="AD_Table">5f4f3601-4f94-4514-b931-5b34bbde1e00</AD_Table_ID>
                    <AD_Reference_Value_ID reference="id"/>
                    <AD_Client_ID>0</AD_Client_ID>
                    <AD_Org_ID>0</AD_Org_ID>
                    <SeqNoSelection/>
                    <Version>0.0</Version>
                    <ValueMax/>
                    <IsMandatory>false</IsMandatory>
                    <IsTranslated>false</IsTranslated>
                    <IsIdentifier>false</IsIdentifier>
                    <SeqNo/>
                    <ValueMin/>
                    <IsParent>false</IsParent>
                    <FieldLength>22</FieldLength>
                    <IsSelectionColumn>false</IsSelectionColumn>
                    <IsKey>false</IsKey>
                    <AD_Process_ID reference="id"/>
                    <ReadOnlyLogic/>
                    <IsAutocomplete>false</IsAutocomplete>
                    <IsAllowLogging>true</IsAllowLogging>
                    <MandatoryLogic/>
                    <FormatPattern/>
                    <AD_Column_UU>e2ca21ce-2b4d-4ab5-8c56-7bd39cb903dd</AD_Column_UU>
                    <IsUpdateable>false</IsUpdateable>
                    <Callout/>
                    <ColumnName>Total_Bal</ColumnName>
                    <Description>CurrentBank - AP NoClear NoRecon + AR NoClear NoRecon - AP YesClear NoRecon + AR_YesClear NoRecon</Description>
                    <ColumnSQL/>
                    <DefaultValue/>
                    <Help/>
                    <Name>Total</Name>
                    <IsAllowCopy>true</IsAllowCopy>
                    <IsActive>true</IsActive>
                    <IsToolbarButton>false</IsToolbarButton>
                    <IsAlwaysUpdateable>false</IsAlwaysUpdateable>
                    <EntityType>U</EntityType>
                    <VFormat/>
                    <IsEncrypted>N</IsEncrypted>
                    <IsSecure>false</IsSecure>
                    <AD_Chart_ID reference="id"/>
                    <FKConstraintType>N</FKConstraintType>
                    <FKConstraintName/>
                    <AD_Element_ID reference="uuid" reference-key="AD_Element">2dfad7d7-ec52-49fc-ab72-808b75f1543f</AD_Element_ID>
                    <AD_Reference_ID reference="id">12</AD_Reference_ID>
                    <AD_Val_Rule_ID reference="id"/>
                </AD_Column>
                <AD_Element type="table">
                    <AD_Client_ID>0</AD_Client_ID>
                    <AD_Org_ID>0</AD_Org_ID>
                    <ColumnName>AP_NoClear_NoRecon_Bal</ColumnName>
                    <Help/>
                    <PO_Description/>
                    <PO_Help/>
                    <PO_PrintName/>
                    <Name>AP NoClear NoRecon</Name>
                    <Description/>
                    <PrintName>AP NoClear NoRecon</PrintName>
                    <PO_Name/>
                    <AD_Element_UU>03ee85ad-99e8-4384-a87b-a4ead37cbdcf</AD_Element_UU>
                    <IsActive>true</IsActive>
                    <EntityType>U</EntityType>
                    <AD_Element_Trl type="translation">
                        <Help/>
                        <PO_Description/>
                        <PO_Help/>
                        <PO_PrintName/>
                        <Name>ap_noclear_norecon_bal</Name>
                        <Description/>
                        <PrintName>ap_noclear_norecon_bal</PrintName>
                        <PO_Name/>
                        <AD_Language>es_CO</AD_Language>
                        <IsActive>true</IsActive>
                        <IsTranslated>false</IsTranslated>
                    </AD_Element_Trl>
                </AD_Element>
                <AD_Column type="table">
                    <IsSyncDatabase>Y</IsSyncDatabase>
                    <AD_Table_ID reference="uuid" reference-key="AD_Table">5f4f3601-4f94-4514-b931-5b34bbde1e00</AD_Table_ID>
                    <AD_Reference_Value_ID reference="id"/>
                    <AD_Client_ID>0</AD_Client_ID>
                    <AD_Org_ID>0</AD_Org_ID>
                    <SeqNoSelection/>
                    <Version>0.0</Version>
                    <ValueMax/>
                    <IsMandatory>false</IsMandatory>
                    <IsTranslated>false</IsTranslated>
                    <IsIdentifier>false</IsIdentifier>
                    <SeqNo/>
                    <ValueMin/>
                    <IsParent>false</IsParent>
                    <FieldLength>22</FieldLength>
                    <IsSelectionColumn>false</IsSelectionColumn>
                    <IsKey>false</IsKey>
                    <AD_Process_ID reference="id"/>
                    <ReadOnlyLogic/>
                    <IsAutocomplete>false</IsAutocomplete>
                    <IsAllowLogging>true</IsAllowLogging>
                    <MandatoryLogic/>
                    <FormatPattern/>
                    <AD_Column_UU>f5de6a06-1e8b-419b-8814-ed5d6086fae6</AD_Column_UU>
                    <IsUpdateable>false</IsUpdateable>
                    <Callout/>
                    <ColumnName>AP_NoClear_NoRecon_Bal</ColumnName>
                    <Description/>
                    <ColumnSQL/>
                    <DefaultValue/>
                    <Help/>
                    <Name>AP NoClear NoRecon</Name>
                    <IsAllowCopy>true</IsAllowCopy>
                    <IsActive>true</IsActive>
                    <IsToolbarButton>false</IsToolbarButton>
                    <IsAlwaysUpdateable>false</IsAlwaysUpdateable>
                    <EntityType>U</EntityType>
                    <VFormat/>
                    <IsEncrypted>N</IsEncrypted>
                    <IsSecure>false</IsSecure>
                    <AD_Chart_ID reference="id"/>
                    <FKConstraintType>N</FKConstraintType>
                    <FKConstraintName/>
                    <AD_Element_ID reference="uuid" reference-key="AD_Element">03ee85ad-99e8-4384-a87b-a4ead37cbdcf</AD_Element_ID>
                    <AD_Reference_ID reference="id">12</AD_Reference_ID>
                    <AD_Val_Rule_ID reference="id"/>
                </AD_Column>
                <AD_Element type="table">
                    <AD_Client_ID>0</AD_Client_ID>
                    <AD_Org_ID>0</AD_Org_ID>
                    <ColumnName>AR_NoClear_NoRecon_Bal</ColumnName>
                    <Help/>
                    <PO_Description/>
                    <PO_Help/>
                    <PO_PrintName/>
                    <Name>AR NoClear NoRecon</Name>
                    <Description/>
                    <PrintName>AR NoClear NoRecon</PrintName>
                    <PO_Name/>
                    <AD_Element_UU>b0e6978a-7308-417b-9425-b23a7eb70334</AD_Element_UU>
                    <IsActive>true</IsActive>
                    <EntityType>U</EntityType>
                    <AD_Element_Trl type="translation">
                        <Help/>
                        <PO_Description/>
                        <PO_Help/>
                        <PO_PrintName/>
                        <Name>ar_noclear_norecon_bal</Name>
                        <Description/>
                        <PrintName>ar_noclear_norecon_bal</PrintName>
                        <PO_Name/>
                        <AD_Language>es_CO</AD_Language>
                        <IsActive>true</IsActive>
                        <IsTranslated>false</IsTranslated>
                    </AD_Element_Trl>
                </AD_Element>
                <AD_Column type="table">
                    <IsSyncDatabase>Y</IsSyncDatabase>
                    <AD_Table_ID reference="uuid" reference-key="AD_Table">5f4f3601-4f94-4514-b931-5b34bbde1e00</AD_Table_ID>
                    <AD_Reference_Value_ID reference="id"/>
                    <AD_Client_ID>0</AD_Client_ID>
                    <AD_Org_ID>0</AD_Org_ID>
                    <SeqNoSelection/>
                    <Version>0.0</Version>
                    <ValueMax/>
                    <IsMandatory>false</IsMandatory>
                    <IsTranslated>false</IsTranslated>
                    <IsIdentifier>false</IsIdentifier>
                    <SeqNo/>
                    <ValueMin/>
                    <IsParent>false</IsParent>
                    <FieldLength>22</FieldLength>
                    <IsSelectionColumn>false</IsSelectionColumn>
                    <IsKey>false</IsKey>
                    <AD_Process_ID reference="id"/>
                    <ReadOnlyLogic/>
                    <IsAutocomplete>false</IsAutocomplete>
                    <IsAllowLogging>true</IsAllowLogging>
                    <MandatoryLogic/>
                    <FormatPattern/>
                    <AD_Column_UU>a0682454-4d5d-4140-bb59-c34451a36fa7</AD_Column_UU>
                    <IsUpdateable>false</IsUpdateable>
                    <Callout/>
                    <ColumnName>AR_NoClear_NoRecon_Bal</ColumnName>
                    <Description/>
                    <ColumnSQL/>
                    <DefaultValue/>
                    <Help/>
                    <Name>AR NoClear NoRecon</Name>
                    <IsAllowCopy>true</IsAllowCopy>
                    <IsActive>true</IsActive>
                    <IsToolbarButton>false</IsToolbarButton>
                    <IsAlwaysUpdateable>false</IsAlwaysUpdateable>
                    <EntityType>U</EntityType>
                    <VFormat/>
                    <IsEncrypted>N</IsEncrypted>
                    <IsSecure>false</IsSecure>
                    <AD_Chart_ID reference="id"/>
                    <FKConstraintType>N</FKConstraintType>
                    <FKConstraintName/>
                    <AD_Element_ID reference="uuid" reference-key="AD_Element">b0e6978a-7308-417b-9425-b23a7eb70334</AD_Element_ID>
                    <AD_Reference_ID reference="id">12</AD_Reference_ID>
                    <AD_Val_Rule_ID reference="id"/>
                </AD_Column>
                <AD_Element type="table">
                    <AD_Client_ID>0</AD_Client_ID>
                    <AD_Org_ID>0</AD_Org_ID>
                    <ColumnName>AP_YesClear_NoRecon_Bal</ColumnName>
                    <Help/>
                    <PO_Description/>
                    <PO_Help/>
                    <PO_PrintName/>
                    <Name>AP YesClear NoRecon</Name>
                    <Description/>
                    <PrintName>AP YesClear NoRecon</PrintName>
                    <PO_Name/>
                    <AD_Element_UU>3801267d-a692-4f6b-9eff-c93e2c82124b</AD_Element_UU>
                    <IsActive>true</IsActive>
                    <EntityType>U</EntityType>
                    <AD_Element_Trl type="translation">
                        <Help/>
                        <PO_Description/>
                        <PO_Help/>
                        <PO_PrintName/>
                        <Name>ap_yesclear_norecon_bal</Name>
                        <Description/>
                        <PrintName>ap_yesclear_norecon_bal</PrintName>
                        <PO_Name/>
                        <AD_Language>es_CO</AD_Language>
                        <IsActive>true</IsActive>
                        <IsTranslated>false</IsTranslated>
                    </AD_Element_Trl>
                </AD_Element>
                <AD_Column type="table">
                    <IsSyncDatabase>Y</IsSyncDatabase>
                    <AD_Table_ID reference="uuid" reference-key="AD_Table">5f4f3601-4f94-4514-b931-5b34bbde1e00</AD_Table_ID>
                    <AD_Reference_Value_ID reference="id"/>
                    <AD_Client_ID>0</AD_Client_ID>
                    <AD_Org_ID>0</AD_Org_ID>
                    <SeqNoSelection/>
                    <Version>0.0</Version>
                    <ValueMax/>
                    <IsMandatory>false</IsMandatory>
                    <IsTranslated>false</IsTranslated>
                    <IsIdentifier>false</IsIdentifier>
                    <SeqNo/>
                    <ValueMin/>
                    <IsParent>false</IsParent>
                    <FieldLength>22</FieldLength>
                    <IsSelectionColumn>false</IsSelectionColumn>
                    <IsKey>false</IsKey>
                    <AD_Process_ID reference="id"/>
                    <ReadOnlyLogic/>
                    <IsAutocomplete>false</IsAutocomplete>
                    <IsAllowLogging>true</IsAllowLogging>
                    <MandatoryLogic/>
                    <FormatPattern/>
                    <AD_Column_UU>35b85056-817d-49c7-b11b-a0246cb397bf</AD_Column_UU>
                    <IsUpdateable>false</IsUpdateable>
                    <Callout/>
                    <ColumnName>AP_YesClear_NoRecon_Bal</ColumnName>
                    <Description/>
                    <ColumnSQL/>
                    <DefaultValue/>
                    <Help/>
                    <Name>AP YesClear NoRecon</Name>
                    <IsAllowCopy>true</IsAllowCopy>
                    <IsActive>true</IsActive>
                    <IsToolbarButton>false</IsToolbarButton>
                    <IsAlwaysUpdateable>false</IsAlwaysUpdateable>
                    <EntityType>U</EntityType>
                    <VFormat/>
                    <IsEncrypted>N</IsEncrypted>
                    <IsSecure>false</IsSecure>
                    <AD_Chart_ID reference="id"/>
                    <FKConstraintType>N</FKConstraintType>
                    <FKConstraintName/>
                    <AD_Element_ID reference="uuid" reference-key="AD_Element">3801267d-a692-4f6b-9eff-c93e2c82124b</AD_Element_ID>
                    <AD_Reference_ID reference="id">12</AD_Reference_ID>
                    <AD_Val_Rule_ID reference="id"/>
                </AD_Column>
                <AD_Element type="table">
                    <AD_Client_ID>0</AD_Client_ID>
                    <AD_Org_ID>0</AD_Org_ID>
                    <ColumnName>AR_YesClear_NoRecon_Bal</ColumnName>
                    <Help/>
                    <PO_Description/>
                    <PO_Help/>
                    <PO_PrintName/>
                    <Name>AR YesClear NoRecon</Name>
                    <Description/>
                    <PrintName>AR YesClear NoRecon</PrintName>
                    <PO_Name/>
                    <AD_Element_UU>2e7f861a-6ec1-4972-800e-304854d6fd50</AD_Element_UU>
                    <IsActive>true</IsActive>
                    <EntityType>U</EntityType>
                    <AD_Element_Trl type="translation">
                        <Help/>
                        <PO_Description/>
                        <PO_Help/>
                        <PO_PrintName/>
                        <Name>ar_yesclear_norecon_bal</Name>
                        <Description/>
                        <PrintName>ar_yesclear_norecon_bal</PrintName>
                        <PO_Name/>
                        <AD_Language>es_CO</AD_Language>
                        <IsActive>true</IsActive>
                        <IsTranslated>false</IsTranslated>
                    </AD_Element_Trl>
                </AD_Element>
                <AD_Column type="table">
                    <IsSyncDatabase>Y</IsSyncDatabase>
                    <AD_Table_ID reference="uuid" reference-key="AD_Table">5f4f3601-4f94-4514-b931-5b34bbde1e00</AD_Table_ID>
                    <AD_Reference_Value_ID reference="id"/>
                    <AD_Client_ID>0</AD_Client_ID>
                    <AD_Org_ID>0</AD_Org_ID>
                    <SeqNoSelection/>
                    <Version>0.0</Version>
                    <ValueMax/>
                    <IsMandatory>false</IsMandatory>
                    <IsTranslated>false</IsTranslated>
                    <IsIdentifier>false</IsIdentifier>
                    <SeqNo/>
                    <ValueMin/>
                    <IsParent>false</IsParent>
                    <FieldLength>22</FieldLength>
                    <IsSelectionColumn>false</IsSelectionColumn>
                    <IsKey>false</IsKey>
                    <AD_Process_ID reference="id"/>
                    <ReadOnlyLogic/>
                    <IsAutocomplete>false</IsAutocomplete>
                    <IsAllowLogging>true</IsAllowLogging>
                    <MandatoryLogic/>
                    <FormatPattern/>
                    <AD_Column_UU>ed20690b-a518-4154-9029-978224ba0e9e</AD_Column_UU>
                    <IsUpdateable>false</IsUpdateable>
                    <Callout/>
                    <ColumnName>AR_YesClear_NoRecon_Bal</ColumnName>
                    <Description/>
                    <ColumnSQL/>
                    <DefaultValue/>
                    <Help/>
                    <Name>AR YesClear NoRecon</Name>
                    <IsAllowCopy>true</IsAllowCopy>
                    <IsActive>true</IsActive>
                    <IsToolbarButton>false</IsToolbarButton>
                    <IsAlwaysUpdateable>false</IsAlwaysUpdateable>
                    <EntityType>U</EntityType>
                    <VFormat/>
                    <IsEncrypted>N</IsEncrypted>
                    <IsSecure>false</IsSecure>
                    <AD_Chart_ID reference="id"/>
                    <FKConstraintType>N</FKConstraintType>
                    <FKConstraintName/>
                    <AD_Element_ID reference="uuid" reference-key="AD_Element">2e7f861a-6ec1-4972-800e-304854d6fd50</AD_Element_ID>
                    <AD_Reference_ID reference="id">12</AD_Reference_ID>
                    <AD_Val_Rule_ID reference="id"/>
                </AD_Column>
                <AD_Column type="table">
                    <IsSyncDatabase>Y</IsSyncDatabase>
                    <AD_Table_ID reference="uuid" reference-key="AD_Table">5f4f3601-4f94-4514-b931-5b34bbde1e00</AD_Table_ID>
                    <AD_Reference_Value_ID reference="id"/>
                    <AD_Client_ID>0</AD_Client_ID>
                    <AD_Org_ID>0</AD_Org_ID>
                    <SeqNoSelection/>
                    <Version>0.0</Version>
                    <ValueMax/>
                    <IsMandatory>false</IsMandatory>
                    <IsTranslated>false</IsTranslated>
                    <IsIdentifier>false</IsIdentifier>
                    <SeqNo/>
                    <ValueMin/>
                    <IsParent>false</IsParent>
                    <FieldLength>10</FieldLength>
                    <IsSelectionColumn>false</IsSelectionColumn>
                    <IsKey>false</IsKey>
                    <AD_Process_ID reference="id"/>
                    <ReadOnlyLogic/>
                    <IsAutocomplete>false</IsAutocomplete>
                    <IsAllowLogging>true</IsAllowLogging>
                    <MandatoryLogic/>
                    <FormatPattern/>
                    <AD_Column_UU>6baab33f-a7f1-475d-941b-64b711a59a42</AD_Column_UU>
                    <IsUpdateable>false</IsUpdateable>
                    <Callout/>
                    <ColumnName>C_BankAccount_ID</ColumnName>
                    <Description>Account at the Bank</Description>
                    <ColumnSQL/>
                    <DefaultValue/>
                    <Help>The Bank Account identifies an account at this Bank.</Help>
                    <Name>Bank Account</Name>
                    <IsAllowCopy>true</IsAllowCopy>
                    <IsActive>true</IsActive>
                    <IsToolbarButton>true</IsToolbarButton>
                    <IsAlwaysUpdateable>false</IsAlwaysUpdateable>
                    <EntityType>U</EntityType>
                    <VFormat/>
                    <IsEncrypted>N</IsEncrypted>
                    <IsSecure>false</IsSecure>
                    <AD_Chart_ID reference="id"/>
                    <FKConstraintType>N</FKConstraintType>
                    <FKConstraintName/>
                    <AD_Element_ID reference="id">836</AD_Element_ID>
                    <AD_Reference_ID reference="id">19</AD_Reference_ID>
                    <AD_Val_Rule_ID reference="id"/>
                </AD_Column>
                <AD_Element type="table">
                    <AD_Client_ID>0</AD_Client_ID>
                    <AD_Org_ID>0</AD_Org_ID>
                    <ColumnName>CurrentBank_Bal</ColumnName>
                    <Help/>
                    <PO_Description/>
                    <PO_Help/>
                    <PO_PrintName/>
                    <Name>Current Bank</Name>
                    <Description/>
                    <PrintName>Current Bank</PrintName>
                    <PO_Name/>
                    <AD_Element_UU>ab4ff425-968b-4819-81bc-cecac225cd2b</AD_Element_UU>
                    <IsActive>true</IsActive>
                    <EntityType>U</EntityType>
                    <AD_Element_Trl type="translation">
                        <Help/>
                        <PO_Description/>
                        <PO_Help/>
                        <PO_PrintName/>
                        <Name>currentbank_bal</Name>
                        <Description/>
                        <PrintName>currentbank_bal</PrintName>
                        <PO_Name/>
                        <AD_Language>es_CO</AD_Language>
                        <IsActive>true</IsActive>
                        <IsTranslated>false</IsTranslated>
                    </AD_Element_Trl>
                </AD_Element>
                <AD_Column type="table">
                    <IsSyncDatabase>Y</IsSyncDatabase>
                    <AD_Table_ID reference="uuid" reference-key="AD_Table">5f4f3601-4f94-4514-b931-5b34bbde1e00</AD_Table_ID>
                    <AD_Reference_Value_ID reference="id"/>
                    <AD_Client_ID>0</AD_Client_ID>
                    <AD_Org_ID>0</AD_Org_ID>
                    <SeqNoSelection/>
                    <Version>0.0</Version>
                    <ValueMax/>
                    <IsMandatory>false</IsMandatory>
                    <IsTranslated>false</IsTranslated>
                    <IsIdentifier>false</IsIdentifier>
                    <SeqNo/>
                    <ValueMin/>
                    <IsParent>false</IsParent>
                    <FieldLength>22</FieldLength>
                    <IsSelectionColumn>false</IsSelectionColumn>
                    <IsKey>false</IsKey>
                    <AD_Process_ID reference="id"/>
                    <ReadOnlyLogic/>
                    <IsAutocomplete>false</IsAutocomplete>
                    <IsAllowLogging>true</IsAllowLogging>
                    <MandatoryLogic/>
                    <FormatPattern/>
                    <AD_Column_UU>cb26b48b-d602-4c91-be83-2cab850a0e09</AD_Column_UU>
                    <IsUpdateable>false</IsUpdateable>
                    <Callout/>
                    <ColumnName>CurrentBank_Bal</ColumnName>
                    <Description/>
                    <ColumnSQL/>
                    <DefaultValue/>
                    <Help/>
                    <Name>Current Bank</Name>
                    <IsAllowCopy>true</IsAllowCopy>
                    <IsActive>true</IsActive>
                    <IsToolbarButton>false</IsToolbarButton>
                    <IsAlwaysUpdateable>false</IsAlwaysUpdateable>
                    <EntityType>U</EntityType>
                    <VFormat/>
                    <IsEncrypted>N</IsEncrypted>
                    <IsSecure>false</IsSecure>
                    <AD_Chart_ID reference="id"/>
                    <FKConstraintType>N</FKConstraintType>
                    <FKConstraintName/>
                    <AD_Element_ID reference="uuid" reference-key="AD_Element">ab4ff425-968b-4819-81bc-cecac225cd2b</AD_Element_ID>
                    <AD_Reference_ID reference="id">12</AD_Reference_ID>
                    <AD_Val_Rule_ID reference="id"/>
                </AD_Column>
            </AD_Table>
            <AD_Tab type="table">
                <AD_Client_ID>0</AD_Client_ID>
                <AD_Org_ID>0</AD_Org_ID>
                <ImportFields>N</ImportFields>
                <Processing>false</Processing>
                <IsSingleRow>false</IsSingleRow>
                <AD_Window_ID reference="uuid" reference-key="AD_Window">8ca84d30-ddce-4718-9561-103f26eb0568</AD_Window_ID>
                <SeqNo>10</SeqNo>
                <Help/>
                <IsTranslationTab>false</IsTranslationTab>
                <AD_Process_ID reference="id"/>
                <IsSortTab>false</IsSortTab>
                <CommitWarning/>
                <HasTree>false</HasTree>
                <IsInfoTab>false</IsInfoTab>
                <WhereClause/>
                <IsReadOnly>true</IsReadOnly>
                <IsInsertRecord>false</IsInsertRecord>
                <IsAdvancedTab>false</IsAdvancedTab>
                <DisplayLogic/>
                <TabLevel>0</TabLevel>
                <AD_Tab_UU>d499174b-4c19-4668-8c62-51a0a116aa89</AD_Tab_UU>
                <EntityType>U</EntityType>
                <Parent_Column_ID reference="id"/>
                <Name>Bank</Name>
                <Description/>
                <OrderByClause/>
                <ReadOnlyLogic/>
                <IsActive>true</IsActive>
                <AD_CtxHelp_ID reference="id"/>
                <AD_Column_ID reference="id"/>
                <AD_Table_ID reference="uuid" reference-key="AD_Table">5f4f3601-4f94-4514-b931-5b34bbde1e00</AD_Table_ID>
                <AD_ColumnSortOrder_ID reference="id"/>
                <AD_ColumnSortYesNo_ID reference="id"/>
                <AD_Image_ID reference="id"/>
                <Included_Tab_ID reference="id"/>
                <AD_Tab_Trl type="translation">
                    <Help/>
                    <CommitWarning/>
                    <Name>Bank</Name>
                    <Description/>
                    <AD_Language>es_CO</AD_Language>
                    <IsActive>true</IsActive>
                    <IsTranslated>false</IsTranslated>
                </AD_Tab_Trl>
                <AD_Field type="table">
                    <AD_Client_ID>0</AD_Client_ID>
                    <AD_Org_ID>0</AD_Org_ID>
                    <SortNo/>
                    <IsEncrypted>false</IsEncrypted>
                    <AD_Tab_ID reference="uuid" reference-key="AD_Tab">d499174b-4c19-4668-8c62-51a0a116aa89</AD_Tab_ID>
                    <DisplayLength>10</DisplayLength>
                    <IsSameLine>false</IsSameLine>
                    <IsHeading>false</IsHeading>
                    <SeqNo>10</SeqNo>
                    <IsCentrallyMaintained>true</IsCentrallyMaintained>
                    <IsReadOnly>false</IsReadOnly>
                    <Help>A Client is a company or a legal entity. You cannot share data between Clients. Tenant is a synonym for Client.</Help>
                    <ObscureType/>
                    <DisplayLogic/>
                    <IsMandatory/>
                    <AD_Val_Rule_ID reference="id"/>
                    <Included_Tab_ID reference="id"/>
                    <Description>Client/Tenant for this installation.</Description>
                    <Name>Client</Name>
                    <AD_Field_UU>b3cc776c-6997-407a-a999-d85f3eda2461</AD_Field_UU>
                    <IsDisplayed>true</IsDisplayed>
                    <IsFieldOnly>false</IsFieldOnly>
                    <DefaultValue/>
                    <IsAllowCopy/>
                    <IsDisplayedGrid>false</IsDisplayedGrid>
                    <IsActive>true</IsActive>
                    <SeqNoGrid/>
                    <XPosition>1</XPosition>
                    <IsQuickEntry>false</IsQuickEntry>
                    <MandatoryLogic/>
                    <IsUpdateable/>
                    <IsAlwaysUpdateable/>
                    <ReadOnlyLogic/>
                    <IsToolbarButton/>
                    <ColumnSpan>2</ColumnSpan>
                    <NumLines>1</NumLines>
                    <IsAdvancedField>false</IsAdvancedField>
                    <IsDefaultFocus>false</IsDefaultFocus>
                    <AD_Column_ID reference="uuid" reference-key="AD_Column">70fbf6b8-3cbb-47e7-b300-92d5d83e3ea1</AD_Column_ID>
                    <AD_FieldGroup_ID reference="id"/>
                    <AD_Reference_ID reference="id"/>
                    <AD_Reference_Value_ID reference="id"/>
                    <EntityType>U</EntityType>
                    <AD_Field_Trl type="translation">
                        <Help>A Client is a company or a legal entity. You cannot share data between Clients. Tenant is a synonym for Client.</Help>
                        <Description>Client/Tenant for this installation.</Description>
                        <Name>Client</Name>
                        <AD_Language>es_CO</AD_Language>
                        <IsActive>true</IsActive>
                        <IsTranslated>false</IsTranslated>
                    </AD_Field_Trl>
                </AD_Field>
                <AD_Field type="table">
                    <AD_Client_ID>0</AD_Client_ID>
                    <AD_Org_ID>0</AD_Org_ID>
                    <SortNo/>
                    <IsEncrypted>false</IsEncrypted>
                    <AD_Tab_ID reference="uuid" reference-key="AD_Tab">d499174b-4c19-4668-8c62-51a0a116aa89</AD_Tab_ID>
                    <DisplayLength>10</DisplayLength>
                    <IsSameLine>false</IsSameLine>
                    <IsHeading>false</IsHeading>
                    <SeqNo>20</SeqNo>
                    <IsCentrallyMaintained>true</IsCentrallyMaintained>
                    <IsReadOnly>false</IsReadOnly>
                    <Help>An organization is a unit of your client or legal entity - examples are store, department. You can share data between organizations.</Help>
                    <ObscureType/>
                    <DisplayLogic/>
                    <IsMandatory/>
                    <AD_Val_Rule_ID reference="id"/>
                    <Included_Tab_ID reference="id"/>
                    <Description>Organizational entity within client</Description>
                    <Name>Organization</Name>
                    <AD_Field_UU>bfe74c37-6ab6-4b4d-b6b6-5199229fe45f</AD_Field_UU>
                    <IsDisplayed>true</IsDisplayed>
                    <IsFieldOnly>false</IsFieldOnly>
                    <DefaultValue/>
                    <IsAllowCopy>Y</IsAllowCopy>
                    <IsDisplayedGrid>true</IsDisplayedGrid>
                    <IsActive>true</IsActive>
                    <SeqNoGrid>10</SeqNoGrid>
                    <XPosition>4</XPosition>
                    <IsQuickEntry>false</IsQuickEntry>
                    <MandatoryLogic/>
                    <IsUpdateable/>
                    <IsAlwaysUpdateable/>
                    <ReadOnlyLogic/>
                    <IsToolbarButton/>
                    <ColumnSpan>2</ColumnSpan>
                    <NumLines>1</NumLines>
                    <IsAdvancedField>false</IsAdvancedField>
                    <IsDefaultFocus>false</IsDefaultFocus>
                    <AD_Column_ID reference="uuid" reference-key="AD_Column">fb1db366-5ee9-41d9-825e-788c18ee27c3</AD_Column_ID>
                    <AD_FieldGroup_ID reference="id"/>
                    <AD_Reference_ID reference="id"/>
                    <AD_Reference_Value_ID reference="id"/>
                    <EntityType>U</EntityType>
                    <AD_Field_Trl type="translation">
                        <Help>An organization is a unit of your client or legal entity - examples are store, department. You can share data between organizations.</Help>
                        <Description>Organizational entity within client</Description>
                        <Name>Organization</Name>
                        <AD_Language>es_CO</AD_Language>
                        <IsActive>true</IsActive>
                        <IsTranslated>false</IsTranslated>
                    </AD_Field_Trl>
                </AD_Field>
                <AD_Field type="table">
                    <AD_Client_ID>0</AD_Client_ID>
                    <AD_Org_ID>0</AD_Org_ID>
                    <SortNo/>
                    <IsEncrypted>false</IsEncrypted>
                    <AD_Tab_ID reference="uuid" reference-key="AD_Tab">d499174b-4c19-4668-8c62-51a0a116aa89</AD_Tab_ID>
                    <DisplayLength>10</DisplayLength>
                    <IsSameLine>false</IsSameLine>
                    <IsHeading>false</IsHeading>
                    <SeqNo>30</SeqNo>
                    <IsCentrallyMaintained>true</IsCentrallyMaintained>
                    <IsReadOnly>false</IsReadOnly>
                    <Help>Indicates the Currency to be used when processing or reporting on this record</Help>
                    <ObscureType/>
                    <DisplayLogic/>
                    <IsMandatory/>
                    <AD_Val_Rule_ID reference="id"/>
                    <Included_Tab_ID reference="id"/>
                    <Description>The Currency for this record</Description>
                    <Name>Currency</Name>
                    <AD_Field_UU>ba9cede5-9807-442d-ae65-147d38c1b8df</AD_Field_UU>
                    <IsDisplayed>true</IsDisplayed>
                    <IsFieldOnly>false</IsFieldOnly>
                    <DefaultValue/>
                    <IsAllowCopy/>
                    <IsDisplayedGrid>true</IsDisplayedGrid>
                    <IsActive>true</IsActive>
                    <SeqNoGrid>30</SeqNoGrid>
                    <XPosition>1</XPosition>
                    <IsQuickEntry>false</IsQuickEntry>
                    <MandatoryLogic/>
                    <IsUpdateable/>
                    <IsAlwaysUpdateable/>
                    <ReadOnlyLogic/>
                    <IsToolbarButton/>
                    <ColumnSpan>2</ColumnSpan>
                    <NumLines>1</NumLines>
                    <IsAdvancedField>false</IsAdvancedField>
                    <IsDefaultFocus>false</IsDefaultFocus>
                    <AD_Column_ID reference="uuid" reference-key="AD_Column">3d490822-8c3a-42b0-9929-1fa0fee27089</AD_Column_ID>
                    <AD_FieldGroup_ID reference="id"/>
                    <AD_Reference_ID reference="id"/>
                    <AD_Reference_Value_ID reference="id"/>
                    <EntityType>U</EntityType>
                    <AD_Field_Trl type="translation">
                        <Help>Indicates the Currency to be used when processing or reporting on this record</Help>
                        <Description>The Currency for this record</Description>
                        <Name>Currency</Name>
                        <AD_Language>es_CO</AD_Language>
                        <IsActive>true</IsActive>
                        <IsTranslated>false</IsTranslated>
                    </AD_Field_Trl>
                </AD_Field>
                <AD_Field type="table">
                    <AD_Client_ID>0</AD_Client_ID>
                    <AD_Org_ID>0</AD_Org_ID>
                    <SortNo/>
                    <IsEncrypted>false</IsEncrypted>
                    <AD_Tab_ID reference="uuid" reference-key="AD_Tab">d499174b-4c19-4668-8c62-51a0a116aa89</AD_Tab_ID>
                    <DisplayLength>22</DisplayLength>
                    <IsSameLine>false</IsSameLine>
                    <IsHeading>false</IsHeading>
                    <SeqNo>40</SeqNo>
                    <IsCentrallyMaintained>true</IsCentrallyMaintained>
                    <IsReadOnly>false</IsReadOnly>
                    <Help/>
                    <ObscureType/>
                    <DisplayLogic/>
                    <IsMandatory/>
                    <AD_Val_Rule_ID reference="id"/>
                    <Included_Tab_ID reference="id"/>
                    <Description>CurrentBank - AP NoClear NoRecon + AR NoClear NoRecon - AP YesClear NoRecon + AR_YesClear NoRecon</Description>
                    <Name>Total</Name>
                    <AD_Field_UU>b5cb85a5-13ac-490a-87da-1b25c15651d9</AD_Field_UU>
                    <IsDisplayed>true</IsDisplayed>
                    <IsFieldOnly>false</IsFieldOnly>
                    <DefaultValue/>
                    <IsAllowCopy/>
                    <IsDisplayedGrid>true</IsDisplayedGrid>
                    <IsActive>true</IsActive>
                    <SeqNoGrid>40</SeqNoGrid>
                    <XPosition>1</XPosition>
                    <IsQuickEntry>false</IsQuickEntry>
                    <MandatoryLogic/>
                    <IsUpdateable/>
                    <IsAlwaysUpdateable/>
                    <ReadOnlyLogic/>
                    <IsToolbarButton/>
                    <ColumnSpan>2</ColumnSpan>
                    <NumLines>1</NumLines>
                    <IsAdvancedField>false</IsAdvancedField>
                    <IsDefaultFocus>false</IsDefaultFocus>
                    <AD_Column_ID reference="uuid" reference-key="AD_Column">e2ca21ce-2b4d-4ab5-8c56-7bd39cb903dd</AD_Column_ID>
                    <AD_FieldGroup_ID reference="id"/>
                    <AD_Reference_ID reference="id"/>
                    <AD_Reference_Value_ID reference="id"/>
                    <EntityType>U</EntityType>
                    <AD_Field_Trl type="translation">
                        <Help/>
                        <Description>CurrentBank - AP NoClear NoRecon + AR NoClear NoRecon - AP YesClear NoRecon + AR_YesClear NoRecon</Description>
                        <Name>Total</Name>
                        <AD_Language>es_CO</AD_Language>
                        <IsActive>true</IsActive>
                        <IsTranslated>false</IsTranslated>
                    </AD_Field_Trl>
                </AD_Field>
                <AD_Field type="table">
                    <AD_Client_ID>0</AD_Client_ID>
                    <AD_Org_ID>0</AD_Org_ID>
                    <SortNo/>
                    <IsEncrypted>false</IsEncrypted>
                    <AD_Tab_ID reference="uuid" reference-key="AD_Tab">d499174b-4c19-4668-8c62-51a0a116aa89</AD_Tab_ID>
                    <DisplayLength>22</DisplayLength>
                    <IsSameLine>false</IsSameLine>
                    <IsHeading>false</IsHeading>
                    <SeqNo>50</SeqNo>
                    <IsCentrallyMaintained>true</IsCentrallyMaintained>
                    <IsReadOnly>false</IsReadOnly>
                    <Help/>
                    <ObscureType/>
                    <DisplayLogic/>
                    <IsMandatory/>
                    <AD_Val_Rule_ID reference="id"/>
                    <Included_Tab_ID reference="id"/>
                    <Description/>
                    <Name>AP NoClear NoRecon</Name>
                    <AD_Field_UU>14e6c132-559b-4e28-90eb-40f23bcf96d7</AD_Field_UU>
                    <IsDisplayed>true</IsDisplayed>
                    <IsFieldOnly>false</IsFieldOnly>
                    <DefaultValue/>
                    <IsAllowCopy/>
                    <IsDisplayedGrid>true</IsDisplayedGrid>
                    <IsActive>true</IsActive>
                    <SeqNoGrid>60</SeqNoGrid>
                    <XPosition>1</XPosition>
                    <IsQuickEntry>false</IsQuickEntry>
                    <MandatoryLogic/>
                    <IsUpdateable/>
                    <IsAlwaysUpdateable/>
                    <ReadOnlyLogic/>
                    <IsToolbarButton/>
                    <ColumnSpan>2</ColumnSpan>
                    <NumLines>1</NumLines>
                    <IsAdvancedField>false</IsAdvancedField>
                    <IsDefaultFocus>false</IsDefaultFocus>
                    <AD_Column_ID reference="uuid" reference-key="AD_Column">f5de6a06-1e8b-419b-8814-ed5d6086fae6</AD_Column_ID>
                    <AD_FieldGroup_ID reference="id"/>
                    <AD_Reference_ID reference="id"/>
                    <AD_Reference_Value_ID reference="id"/>
                    <EntityType>U</EntityType>
                    <AD_Field_Trl type="translation">
                        <Help/>
                        <Description/>
                        <Name>AP NoClear NoRecon</Name>
                        <AD_Language>es_CO</AD_Language>
                        <IsActive>true</IsActive>
                        <IsTranslated>false</IsTranslated>
                    </AD_Field_Trl>
                </AD_Field>
                <AD_Field type="table">
                    <AD_Client_ID>0</AD_Client_ID>
                    <AD_Org_ID>0</AD_Org_ID>
                    <SortNo/>
                    <IsEncrypted>false</IsEncrypted>
                    <AD_Tab_ID reference="uuid" reference-key="AD_Tab">d499174b-4c19-4668-8c62-51a0a116aa89</AD_Tab_ID>
                    <DisplayLength>22</DisplayLength>
                    <IsSameLine>false</IsSameLine>
                    <IsHeading>false</IsHeading>
                    <SeqNo>60</SeqNo>
                    <IsCentrallyMaintained>true</IsCentrallyMaintained>
                    <IsReadOnly>false</IsReadOnly>
                    <Help/>
                    <ObscureType/>
                    <DisplayLogic/>
                    <IsMandatory/>
                    <AD_Val_Rule_ID reference="id"/>
                    <Included_Tab_ID reference="id"/>
                    <Description/>
                    <Name>AR NoClear NoRecon</Name>
                    <AD_Field_UU>c9c59eda-1661-4609-b3ea-556caa8471ba</AD_Field_UU>
                    <IsDisplayed>true</IsDisplayed>
                    <IsFieldOnly>false</IsFieldOnly>
                    <DefaultValue/>
                    <IsAllowCopy/>
                    <IsDisplayedGrid>true</IsDisplayedGrid>
                    <IsActive>true</IsActive>
                    <SeqNoGrid>80</SeqNoGrid>
                    <XPosition>1</XPosition>
                    <IsQuickEntry>false</IsQuickEntry>
                    <MandatoryLogic/>
                    <IsUpdateable/>
                    <IsAlwaysUpdateable/>
                    <ReadOnlyLogic/>
                    <IsToolbarButton/>
                    <ColumnSpan>2</ColumnSpan>
                    <NumLines>1</NumLines>
                    <IsAdvancedField>false</IsAdvancedField>
                    <IsDefaultFocus>false</IsDefaultFocus>
                    <AD_Column_ID reference="uuid" reference-key="AD_Column">a0682454-4d5d-4140-bb59-c34451a36fa7</AD_Column_ID>
                    <AD_FieldGroup_ID reference="id"/>
                    <AD_Reference_ID reference="id"/>
                    <AD_Reference_Value_ID reference="id"/>
                    <EntityType>U</EntityType>
                    <AD_Field_Trl type="translation">
                        <Help/>
                        <Description/>
                        <Name>AR NoClear NoRecon</Name>
                        <AD_Language>es_CO</AD_Language>
                        <IsActive>true</IsActive>
                        <IsTranslated>false</IsTranslated>
                    </AD_Field_Trl>
                </AD_Field>
                <AD_Field type="table">
                    <AD_Client_ID>0</AD_Client_ID>
                    <AD_Org_ID>0</AD_Org_ID>
                    <SortNo/>
                    <IsEncrypted>false</IsEncrypted>
                    <AD_Tab_ID reference="uuid" reference-key="AD_Tab">d499174b-4c19-4668-8c62-51a0a116aa89</AD_Tab_ID>
                    <DisplayLength>22</DisplayLength>
                    <IsSameLine>false</IsSameLine>
                    <IsHeading>false</IsHeading>
                    <SeqNo>70</SeqNo>
                    <IsCentrallyMaintained>true</IsCentrallyMaintained>
                    <IsReadOnly>false</IsReadOnly>
                    <Help/>
                    <ObscureType/>
                    <DisplayLogic/>
                    <IsMandatory/>
                    <AD_Val_Rule_ID reference="id"/>
                    <Included_Tab_ID reference="id"/>
                    <Description/>
                    <Name>AP YesClear NoRecon</Name>
                    <AD_Field_UU>e0d1d9e6-b8ef-48f7-a6e4-87a0cd63f890</AD_Field_UU>
                    <IsDisplayed>true</IsDisplayed>
                    <IsFieldOnly>false</IsFieldOnly>
                    <DefaultValue/>
                    <IsAllowCopy/>
                    <IsDisplayedGrid>true</IsDisplayedGrid>
                    <IsActive>true</IsActive>
                    <SeqNoGrid>70</SeqNoGrid>
                    <XPosition>1</XPosition>
                    <IsQuickEntry>false</IsQuickEntry>
                    <MandatoryLogic/>
                    <IsUpdateable/>
                    <IsAlwaysUpdateable/>
                    <ReadOnlyLogic/>
                    <IsToolbarButton/>
                    <ColumnSpan>2</ColumnSpan>
                    <NumLines>1</NumLines>
                    <IsAdvancedField>false</IsAdvancedField>
                    <IsDefaultFocus>false</IsDefaultFocus>
                    <AD_Column_ID reference="uuid" reference-key="AD_Column">35b85056-817d-49c7-b11b-a0246cb397bf</AD_Column_ID>
                    <AD_FieldGroup_ID reference="id"/>
                    <AD_Reference_ID reference="id"/>
                    <AD_Reference_Value_ID reference="id"/>
                    <EntityType>U</EntityType>
                    <AD_Field_Trl type="translation">
                        <Help/>
                        <Description/>
                        <Name>AP YesClear NoRecon</Name>
                        <AD_Language>es_CO</AD_Language>
                        <IsActive>true</IsActive>
                        <IsTranslated>false</IsTranslated>
                    </AD_Field_Trl>
                </AD_Field>
                <AD_Field type="table">
                    <AD_Client_ID>0</AD_Client_ID>
                    <AD_Org_ID>0</AD_Org_ID>
                    <SortNo/>
                    <IsEncrypted>false</IsEncrypted>
                    <AD_Tab_ID reference="uuid" reference-key="AD_Tab">d499174b-4c19-4668-8c62-51a0a116aa89</AD_Tab_ID>
                    <DisplayLength>22</DisplayLength>
                    <IsSameLine>false</IsSameLine>
                    <IsHeading>false</IsHeading>
                    <SeqNo>80</SeqNo>
                    <IsCentrallyMaintained>true</IsCentrallyMaintained>
                    <IsReadOnly>false</IsReadOnly>
                    <Help/>
                    <ObscureType/>
                    <DisplayLogic/>
                    <IsMandatory/>
                    <AD_Val_Rule_ID reference="id"/>
                    <Included_Tab_ID reference="id"/>
                    <Description/>
                    <Name>AR YesClear NoRecon</Name>
                    <AD_Field_UU>8d6fa6fa-08fc-4648-bf20-305146b5acea</AD_Field_UU>
                    <IsDisplayed>true</IsDisplayed>
                    <IsFieldOnly>false</IsFieldOnly>
                    <DefaultValue/>
                    <IsAllowCopy/>
                    <IsDisplayedGrid>true</IsDisplayedGrid>
                    <IsActive>true</IsActive>
                    <SeqNoGrid>90</SeqNoGrid>
                    <XPosition>1</XPosition>
                    <IsQuickEntry>false</IsQuickEntry>
                    <MandatoryLogic/>
                    <IsUpdateable/>
                    <IsAlwaysUpdateable/>
                    <ReadOnlyLogic/>
                    <IsToolbarButton/>
                    <ColumnSpan>2</ColumnSpan>
                    <NumLines>1</NumLines>
                    <IsAdvancedField>false</IsAdvancedField>
                    <IsDefaultFocus>false</IsDefaultFocus>
                    <AD_Column_ID reference="uuid" reference-key="AD_Column">ed20690b-a518-4154-9029-978224ba0e9e</AD_Column_ID>
                    <AD_FieldGroup_ID reference="id"/>
                    <AD_Reference_ID reference="id"/>
                    <AD_Reference_Value_ID reference="id"/>
                    <EntityType>U</EntityType>
                    <AD_Field_Trl type="translation">
                        <Help/>
                        <Description/>
                        <Name>AR YesClear NoRecon</Name>
                        <AD_Language>es_CO</AD_Language>
                        <IsActive>true</IsActive>
                        <IsTranslated>false</IsTranslated>
                    </AD_Field_Trl>
                </AD_Field>
                <AD_Field type="table">
                    <AD_Client_ID>0</AD_Client_ID>
                    <AD_Org_ID>0</AD_Org_ID>
                    <SortNo/>
                    <IsEncrypted>false</IsEncrypted>
                    <AD_Tab_ID reference="uuid" reference-key="AD_Tab">d499174b-4c19-4668-8c62-51a0a116aa89</AD_Tab_ID>
                    <DisplayLength>10</DisplayLength>
                    <IsSameLine>false</IsSameLine>
                    <IsHeading>false</IsHeading>
                    <SeqNo>90</SeqNo>
                    <IsCentrallyMaintained>true</IsCentrallyMaintained>
                    <IsReadOnly>false</IsReadOnly>
                    <Help>The Bank Account identifies an account at this Bank.</Help>
                    <ObscureType/>
                    <DisplayLogic/>
                    <IsMandatory/>
                    <AD_Val_Rule_ID reference="id"/>
                    <Included_Tab_ID reference="id"/>
                    <Description>Account at the Bank</Description>
                    <Name>Bank Account</Name>
                    <AD_Field_UU>5f1f0472-4881-4571-86cd-0a6d607d89d7</AD_Field_UU>
                    <IsDisplayed>true</IsDisplayed>
                    <IsFieldOnly>false</IsFieldOnly>
                    <DefaultValue/>
                    <IsAllowCopy/>
                    <IsDisplayedGrid>true</IsDisplayedGrid>
                    <IsActive>true</IsActive>
                    <SeqNoGrid>20</SeqNoGrid>
                    <XPosition>1</XPosition>
                    <IsQuickEntry>false</IsQuickEntry>
                    <MandatoryLogic/>
                    <IsUpdateable/>
                    <IsAlwaysUpdateable/>
                    <ReadOnlyLogic/>
                    <IsToolbarButton/>
                    <ColumnSpan>2</ColumnSpan>
                    <NumLines>1</NumLines>
                    <IsAdvancedField>false</IsAdvancedField>
                    <IsDefaultFocus>false</IsDefaultFocus>
                    <AD_Column_ID reference="uuid" reference-key="AD_Column">6baab33f-a7f1-475d-941b-64b711a59a42</AD_Column_ID>
                    <AD_FieldGroup_ID reference="id"/>
                    <AD_Reference_ID reference="id"/>
                    <AD_Reference_Value_ID reference="id"/>
                    <EntityType>U</EntityType>
                    <AD_Field_Trl type="translation">
                        <Help>The Bank Account identifies an account at this Bank.</Help>
                        <Description>Account at the Bank</Description>
                        <Name>Bank Account</Name>
                        <AD_Language>es_CO</AD_Language>
                        <IsActive>true</IsActive>
                        <IsTranslated>false</IsTranslated>
                    </AD_Field_Trl>
                </AD_Field>
                <AD_Field type="table">
                    <AD_Client_ID>0</AD_Client_ID>
                    <AD_Org_ID>0</AD_Org_ID>
                    <SortNo/>
                    <IsEncrypted>false</IsEncrypted>
                    <AD_Tab_ID reference="uuid" reference-key="AD_Tab">d499174b-4c19-4668-8c62-51a0a116aa89</AD_Tab_ID>
                    <DisplayLength>22</DisplayLength>
                    <IsSameLine>false</IsSameLine>
                    <IsHeading>false</IsHeading>
                    <SeqNo>100</SeqNo>
                    <IsCentrallyMaintained>true</IsCentrallyMaintained>
                    <IsReadOnly>false</IsReadOnly>
                    <Help/>
                    <ObscureType/>
                    <DisplayLogic/>
                    <IsMandatory/>
                    <AD_Val_Rule_ID reference="id"/>
                    <Included_Tab_ID reference="id"/>
                    <Description/>
                    <Name>Current Bank</Name>
                    <AD_Field_UU>a5f1b810-ee1b-46c5-91bc-fb3c1626c2ea</AD_Field_UU>
                    <IsDisplayed>true</IsDisplayed>
                    <IsFieldOnly>false</IsFieldOnly>
                    <DefaultValue/>
                    <IsAllowCopy/>
                    <IsDisplayedGrid>true</IsDisplayedGrid>
                    <IsActive>true</IsActive>
                    <SeqNoGrid>50</SeqNoGrid>
                    <XPosition>1</XPosition>
                    <IsQuickEntry>false</IsQuickEntry>
                    <MandatoryLogic/>
                    <IsUpdateable/>
                    <IsAlwaysUpdateable/>
                    <ReadOnlyLogic/>
                    <IsToolbarButton/>
                    <ColumnSpan>2</ColumnSpan>
                    <NumLines>1</NumLines>
                    <IsAdvancedField>false</IsAdvancedField>
                    <IsDefaultFocus>false</IsDefaultFocus>
                    <AD_Column_ID reference="uuid" reference-key="AD_Column">cb26b48b-d602-4c91-be83-2cab850a0e09</AD_Column_ID>
                    <AD_FieldGroup_ID reference="id"/>
                    <AD_Reference_ID reference="id"/>
                    <AD_Reference_Value_ID reference="id"/>
                    <EntityType>U</EntityType>
                    <AD_Field_Trl type="translation">
                        <Help/>
                        <Description/>
                        <Name>Current Bank</Name>
                        <AD_Language>es_CO</AD_Language>
                        <IsActive>true</IsActive>
                        <IsTranslated>false</IsTranslated>
                    </AD_Field_Trl>
                </AD_Field>
                <AD_Field type="table">
                    <AD_Client_ID>0</AD_Client_ID>
                    <AD_Org_ID>0</AD_Org_ID>
                    <SortNo/>
                    <IsEncrypted>false</IsEncrypted>
                    <AD_Tab_ID reference="uuid" reference-key="AD_Tab">d499174b-4c19-4668-8c62-51a0a116aa89</AD_Tab_ID>
                    <DisplayLength>10</DisplayLength>
                    <IsSameLine>false</IsSameLine>
                    <IsHeading>false</IsHeading>
                    <SeqNo/>
                    <IsCentrallyMaintained>true</IsCentrallyMaintained>
                    <IsReadOnly>false</IsReadOnly>
                    <Help/>
                    <ObscureType/>
                    <DisplayLogic/>
                    <IsMandatory/>
                    <AD_Val_Rule_ID reference="id"/>
                    <Included_Tab_ID reference="id"/>
                    <Description/>
                    <Name>Chuboe_RV_Daily_Bank</Name>
                    <AD_Field_UU>5ebb4297-6f14-45d5-9129-aa0c0d8df0b1</AD_Field_UU>
                    <IsDisplayed>false</IsDisplayed>
                    <IsFieldOnly>false</IsFieldOnly>
                    <DefaultValue/>
                    <IsAllowCopy/>
                    <IsDisplayedGrid>false</IsDisplayedGrid>
                    <IsActive>true</IsActive>
                    <SeqNoGrid/>
                    <XPosition>1</XPosition>
                    <IsQuickEntry>false</IsQuickEntry>
                    <MandatoryLogic/>
                    <IsUpdateable/>
                    <IsAlwaysUpdateable/>
                    <ReadOnlyLogic/>
                    <IsToolbarButton/>
                    <ColumnSpan>2</ColumnSpan>
                    <NumLines>1</NumLines>
                    <IsAdvancedField>false</IsAdvancedField>
                    <IsDefaultFocus>false</IsDefaultFocus>
                    <AD_Column_ID reference="uuid" reference-key="AD_Column">58d84bd1-a1a6-4fd2-aeee-41bfed1530bc</AD_Column_ID>
                    <AD_FieldGroup_ID reference="id"/>
                    <AD_Reference_ID reference="id"/>
                    <AD_Reference_Value_ID reference="id"/>
                    <EntityType>U</EntityType>
                    <AD_Field_Trl type="translation">
                        <Help/>
                        <Description/>
                        <Name>Chuboe_RV_Daily_Bank</Name>
                        <AD_Language>es_CO</AD_Language>
                        <IsActive>true</IsActive>
                        <IsTranslated>false</IsTranslated>
                    </AD_Field_Trl>
                </AD_Field>
            </AD_Tab>
        </AD_Window>
    </AD_Menu>
</idempiere>
