<?xml version="1.0" encoding="UTF-8"?>
<idempiere Name="AD_ImpFormat" Version="1.0.0" idempiereVersion="2.1.0.v20141220-0550" DataBaseVersion="2014-10-31" Description="" Author="SuperUser" AuthorEmail="superuser @ idempiere.com" CreatedDate="Thu Jan 08 18:21:56 UTC 2015" UpdatedDate="Thu Jan 08 18:21:56 UTC 2015" PackOutVersion="100" UpdateDictionary="true" Client="11-GardenWorld-GardenWorld" AD_Client_UU="3268b9a8-10d8-466d-96e5-aa01166408fa">
    <AD_ImpFormat type="table">
        <AD_Org_ID>0</AD_Org_ID>
        <Processing>false</Processing>
        <FormatType>C</FormatType>
        <SeparatorChar/>
        <Description/>
        <Name>Example AP Consigned Invoice</Name>
        <AD_ImpFormat_UU>25c15825-d232-49e0-bff8-f47d0da91d5a</AD_ImpFormat_UU>
        <IsActive>true</IsActive>
        <AD_Table_ID reference="id">598</AD_Table_ID>
        <AD_ImpFormat_Row type="table">
            <AD_Org_ID>0</AD_Org_ID>
            <ConstantValue>N</ConstantValue>
            <EndNo>0</EndNo>
            <DataType>C</DataType>
            <StartNo>0</StartNo>
            <AD_Column_ID reference="id">9202</AD_Column_ID>
            <DataFormat/>
            <DecimalPoint>.</DecimalPoint>
            <DivideBy100>false</DivideBy100>
            <Name>issotrx</Name>
            <SeqNo>100</SeqNo>
            <AD_ImpFormat_Row_UU>8cb6da38-711f-4c9c-b70d-3b20e8d57238</AD_ImpFormat_Row_UU>
            <Script/>
            <Callout/>
            <IsActive>true</IsActive>
            <AD_ImpFormat_ID reference="uuid" reference-key="AD_ImpFormat">25c15825-d232-49e0-bff8-f47d0da91d5a</AD_ImpFormat_ID>
        </AD_ImpFormat_Row>
        <AD_ImpFormat_Row type="table">
            <AD_Org_ID>0</AD_Org_ID>
            <ConstantValue/>
            <EndNo>0</EndNo>
            <DataType>S</DataType>
            <StartNo>1</StartNo>
            <AD_Column_ID reference="id">9198</AD_Column_ID>
            <DataFormat/>
            <DecimalPoint>.</DecimalPoint>
            <DivideBy100>false</DivideBy100>
            <Name>client</Name>
            <SeqNo>10</SeqNo>
            <AD_ImpFormat_Row_UU>71d0f02e-cba1-42c3-8abf-e4a307c8f496</AD_ImpFormat_Row_UU>
            <Script/>
            <Callout/>
            <IsActive>true</IsActive>
            <AD_ImpFormat_ID reference="uuid" reference-key="AD_ImpFormat">25c15825-d232-49e0-bff8-f47d0da91d5a</AD_ImpFormat_ID>
        </AD_ImpFormat_Row>
        <AD_ImpFormat_Row type="table">
            <AD_Org_ID>0</AD_Org_ID>
            <ConstantValue/>
            <EndNo>0</EndNo>
            <DataType>N</DataType>
            <StartNo>2</StartNo>
            <AD_Column_ID reference="id">9216</AD_Column_ID>
            <DataFormat/>
            <DecimalPoint>.</DecimalPoint>
            <DivideBy100>false</DivideBy100>
            <Name>org</Name>
            <SeqNo>20</SeqNo>
            <AD_ImpFormat_Row_UU>c0d23314-8daf-4790-af18-b52cbeb2dc67</AD_ImpFormat_Row_UU>
            <Script/>
            <Callout/>
            <IsActive>true</IsActive>
            <AD_ImpFormat_ID reference="uuid" reference-key="AD_ImpFormat">25c15825-d232-49e0-bff8-f47d0da91d5a</AD_ImpFormat_ID>
        </AD_ImpFormat_Row>
        <AD_ImpFormat_Row type="table">
            <AD_Org_ID>0</AD_Org_ID>
            <ConstantValue/>
            <EndNo>0</EndNo>
            <DataType>N</DataType>
            <StartNo>3</StartNo>
            <AD_Column_ID reference="id">9193</AD_Column_ID>
            <DataFormat/>
            <DecimalPoint>.</DecimalPoint>
            <DivideBy100>false</DivideBy100>
            <Name>c_bpartner</Name>
            <SeqNo>30</SeqNo>
            <AD_ImpFormat_Row_UU>e4a1f3b1-a2e1-49c7-a123-47fd401af5e5</AD_ImpFormat_Row_UU>
            <Script/>
            <Callout/>
            <IsActive>true</IsActive>
            <AD_ImpFormat_ID reference="uuid" reference-key="AD_ImpFormat">25c15825-d232-49e0-bff8-f47d0da91d5a</AD_ImpFormat_ID>
        </AD_ImpFormat_Row>
        <AD_ImpFormat_Row type="table">
            <AD_Org_ID>0</AD_Org_ID>
            <ConstantValue/>
            <EndNo>0</EndNo>
            <DataType>N</DataType>
            <StartNo>4</StartNo>
            <AD_Column_ID reference="id">53242</AD_Column_ID>
            <DataFormat/>
            <DecimalPoint>.</DecimalPoint>
            <DivideBy100>false</DivideBy100>
            <Name>charge</Name>
            <SeqNo>40</SeqNo>
            <AD_ImpFormat_Row_UU>e8e8d8b3-eae7-43d4-8940-5af4c1d18c48</AD_ImpFormat_Row_UU>
            <Script/>
            <Callout/>
            <IsActive>true</IsActive>
            <AD_ImpFormat_ID reference="uuid" reference-key="AD_ImpFormat">25c15825-d232-49e0-bff8-f47d0da91d5a</AD_ImpFormat_ID>
        </AD_ImpFormat_Row>
        <AD_ImpFormat_Row type="table">
            <AD_Org_ID>0</AD_Org_ID>
            <ConstantValue/>
            <EndNo>0</EndNo>
            <DataType>N</DataType>
            <StartNo>5</StartNo>
            <AD_Column_ID reference="id">9177</AD_Column_ID>
            <DataFormat/>
            <DecimalPoint>.</DecimalPoint>
            <DivideBy100>false</DivideBy100>
            <Name>Qty</Name>
            <SeqNo>50</SeqNo>
            <AD_ImpFormat_Row_UU>5f27adfd-7c63-4820-b301-1513c160eaf7</AD_ImpFormat_Row_UU>
            <Script/>
            <Callout/>
            <IsActive>true</IsActive>
            <AD_ImpFormat_ID reference="uuid" reference-key="AD_ImpFormat">25c15825-d232-49e0-bff8-f47d0da91d5a</AD_ImpFormat_ID>
        </AD_ImpFormat_Row>
        <AD_ImpFormat_Row type="table">
            <AD_Org_ID>0</AD_Org_ID>
            <ConstantValue/>
            <EndNo>0</EndNo>
            <DataType>N</DataType>
            <StartNo>6</StartNo>
            <AD_Column_ID reference="id">9200</AD_Column_ID>
            <DataFormat/>
            <DecimalPoint>.</DecimalPoint>
            <DivideBy100>false</DivideBy100>
            <Name>Cost</Name>
            <SeqNo>60</SeqNo>
            <AD_ImpFormat_Row_UU>d914b833-5b04-4a88-b159-e45b11a7ac4d</AD_ImpFormat_Row_UU>
            <Script/>
            <Callout/>
            <IsActive>true</IsActive>
            <AD_ImpFormat_ID reference="uuid" reference-key="AD_ImpFormat">25c15825-d232-49e0-bff8-f47d0da91d5a</AD_ImpFormat_ID>
        </AD_ImpFormat_Row>
        <AD_ImpFormat_Row type="table">
            <AD_Org_ID>0</AD_Org_ID>
            <ConstantValue>102</ConstantValue>
            <EndNo>0</EndNo>
            <DataType>C</DataType>
            <StartNo>0</StartNo>
            <AD_Column_ID reference="id">9206</AD_Column_ID>
            <DataFormat/>
            <DecimalPoint>.</DecimalPoint>
            <DivideBy100>false</DivideBy100>
            <Name>price list</Name>
            <SeqNo>110</SeqNo>
            <AD_ImpFormat_Row_UU>e5b779ae-e6b7-4fd8-8310-76c8492d3086</AD_ImpFormat_Row_UU>
            <Script/>
            <Callout/>
            <IsActive>true</IsActive>
            <AD_ImpFormat_ID reference="uuid" reference-key="AD_ImpFormat">25c15825-d232-49e0-bff8-f47d0da91d5a</AD_ImpFormat_ID>
        </AD_ImpFormat_Row>
        <AD_ImpFormat_Row type="table">
            <AD_Org_ID>0</AD_Org_ID>
            <ConstantValue>123</ConstantValue>
            <EndNo>0</EndNo>
            <DataType>C</DataType>
            <StartNo>0</StartNo>
            <AD_Column_ID reference="id">9211</AD_Column_ID>
            <DataFormat/>
            <DecimalPoint>.</DecimalPoint>
            <DivideBy100>false</DivideBy100>
            <Name>doc_type</Name>
            <SeqNo>120</SeqNo>
            <AD_ImpFormat_Row_UU>987758d7-97b0-449f-b74f-cd460e51c590</AD_ImpFormat_Row_UU>
            <Script/>
            <Callout/>
            <IsActive>true</IsActive>
            <AD_ImpFormat_ID reference="uuid" reference-key="AD_ImpFormat">25c15825-d232-49e0-bff8-f47d0da91d5a</AD_ImpFormat_ID>
        </AD_ImpFormat_Row>
        <AD_ImpFormat_Row type="table">
            <AD_Org_ID>0</AD_Org_ID>
            <ConstantValue/>
            <EndNo>0</EndNo>
            <DataType>S</DataType>
            <StartNo>7</StartNo>
            <AD_Column_ID reference="id">9214</AD_Column_ID>
            <DataFormat/>
            <DecimalPoint>.</DecimalPoint>
            <DivideBy100>false</DivideBy100>
            <Name>Desc</Name>
            <SeqNo>70</SeqNo>
            <AD_ImpFormat_Row_UU>ef8aa1ea-b05d-4744-bd12-906169f35395</AD_ImpFormat_Row_UU>
            <Script/>
            <Callout/>
            <IsActive>true</IsActive>
            <AD_ImpFormat_ID reference="uuid" reference-key="AD_ImpFormat">25c15825-d232-49e0-bff8-f47d0da91d5a</AD_ImpFormat_ID>
        </AD_ImpFormat_Row>
    </AD_ImpFormat>
</idempiere>
