<?xml version="1.0" encoding="UTF-8"?>
<idempiere Name="StandardCostChangeReview" Version="1" idempiereVersion="" DataBaseVersion="" Description="" Author="" AuthorEmail="" CreatedDate="2014-12-09 17:19:58.014" UpdatedDate="2014-12-09 17:19:58.014" PackOutVersion="100" UpdateDictionary="false" Client="0-SYSTEM-System" AD_Client_UU="11237b53-9592-4af1-b3c5-afd216514b5d">
    <AD_Package_Exp type="table">
        <AD_Client_ID>0</AD_Client_ID>
        <AD_Org_ID>0</AD_Org_ID>
        <Processing>false</Processing>
        <Version/>
        <PK_Version>1</PK_Version>
        <Processed>false</Processed>
        <AD_Package_Type>X</AD_Package_Type>
        <Description/>
        <Name>StandardCostChangeReview</Name>
        <UserName/>
        <File_Directory/>
        <AD_Package_Exp_UU>c856b305-234c-4b67-9148-00ce30dbf679</AD_Package_Exp_UU>
        <ReleaseNo/>
        <IsActive>true</IsActive>
        <EMail/>
        <Instructions/>
        <DateFrom/>
        <IsExportDictionaryEntity>false</IsExportDictionaryEntity>
        <AD_Package_Exp_Detail type="table">
            <AD_Client_ID>0</AD_Client_ID>
            <AD_Org_ID>0</AD_Org_ID>
            <SQLStatement>SELECT * FROM AD_Package_Exp WHERE AD_Package_Exp_UU='c856b305-234c-4b67-9148-00ce30dbf679';AD_Package_Exp_Detail</SQLStatement>
            <ReleaseNo/>
            <Destination_Directory/>
            <Target_Directory/>
            <DBType>ALL</DBType>
            <Processed>false</Processed>
            <AD_Package_Code_Old/>
            <AD_Menu_ID reference="id"/>
            <AD_Package_Code_New/>
            <Name2/>
            <Destination_FileName/>
            <FileName/>
            <Description/>
            <AD_Package_Exp_Detail_UU>4abed2ea-8d45-420d-97e6-d6cd7efbdbcd</AD_Package_Exp_Detail_UU>
            <Type>D</Type>
            <Processing>false</Processing>
            <IsActive>true</IsActive>
            <Line>10</Line>
            <File_Directory/>
            <AD_EntityType_ID reference="id"/>
            <AD_Form_ID reference="id"/>
            <AD_ImpFormat_ID reference="id"/>
            <AD_Message_ID reference="id"/>
            <AD_ModelValidator_ID reference="id"/>
            <AD_Package_Exp_ID reference="uuid" reference-key="AD_Package_Exp">c856b305-234c-4b67-9148-00ce30dbf679</AD_Package_Exp_ID>
            <AD_PrintFormat_ID reference="id"/>
            <AD_Process_ID reference="id"/>
            <AD_Reference_ID reference="id"/>
            <AD_ReportView_ID reference="id"/>
            <AD_Role_ID reference="id">0</AD_Role_ID>
            <AD_Table_ID reference="id">50005</AD_Table_ID>
            <AD_Val_Rule_ID reference="id"/>
            <AD_Window_ID reference="id"/>
            <AD_Workbench_ID reference="id"/>
            <AD_Workflow_ID reference="id"/>
        </AD_Package_Exp_Detail>
        <AD_Package_Exp_Detail type="table">
            <AD_Client_ID>0</AD_Client_ID>
            <AD_Org_ID>0</AD_Org_ID>
            <SQLStatement/>
            <ReleaseNo/>
            <Destination_Directory/>
            <Target_Directory/>
            <DBType>ALL</DBType>
            <Processed>false</Processed>
            <AD_Package_Code_Old/>
            <AD_Menu_ID reference="uuid" reference-key="AD_Menu">2552868c-ee5f-43a7-9b8b-03ba8a7791b4</AD_Menu_ID>
            <AD_Package_Code_New/>
            <Name2/>
            <Destination_FileName/>
            <FileName/>
            <Description/>
            <AD_Package_Exp_Detail_UU>eed0fd43-1ad7-4802-8d04-7d1264ff61f0</AD_Package_Exp_Detail_UU>
            <Type>M</Type>
            <Processing>false</Processing>
            <IsActive>true</IsActive>
            <Line>20</Line>
            <File_Directory/>
            <AD_EntityType_ID reference="id"/>
            <AD_Form_ID reference="id"/>
            <AD_ImpFormat_ID reference="id"/>
            <AD_Message_ID reference="id"/>
            <AD_ModelValidator_ID reference="id"/>
            <AD_Package_Exp_ID reference="uuid" reference-key="AD_Package_Exp">c856b305-234c-4b67-9148-00ce30dbf679</AD_Package_Exp_ID>
            <AD_PrintFormat_ID reference="id"/>
            <AD_Process_ID reference="id"/>
            <AD_Reference_ID reference="id"/>
            <AD_ReportView_ID reference="id"/>
            <AD_Role_ID reference="id">0</AD_Role_ID>
            <AD_Table_ID reference="id"/>
            <AD_Val_Rule_ID reference="id"/>
            <AD_Window_ID reference="id"/>
            <AD_Workbench_ID reference="id"/>
            <AD_Workflow_ID reference="id"/>
        </AD_Package_Exp_Detail>
    </AD_Package_Exp>
    <AD_Menu type="table">
        <SeqNo>14</SeqNo>
        <AD_Client_ID>0</AD_Client_ID>
        <AD_Org_ID>0</AD_Org_ID>
        <AD_Task_ID reference="id"/>
        <IsSummary>true</IsSummary>
        <IsSOTrx>false</IsSOTrx>
        <IsReadOnly>false</IsReadOnly>
        <IsCentrallyMaintained>false</IsCentrallyMaintained>
        <Name>Standard Cost Change Review</Name>
        <Description/>
        <AD_Menu_UU>2552868c-ee5f-43a7-9b8b-03ba8a7791b4</AD_Menu_UU>
        <Action/>
        <IsActive>true</IsActive>
        <AD_InfoWindow_ID reference="id"/>
        <AD_Form_ID reference="id"/>
        <AD_Process_ID reference="id"/>
        <AD_Window_ID reference="id"/>
        <AD_Workflow_ID reference="id"/>
        <EntityType>U</EntityType>
        <AD_Menu_Trl type="translation">
            <Name>Standard Cost Change Review</Name>
            <Description/>
            <AD_Language>es_CO</AD_Language>
            <IsActive>true</IsActive>
            <IsTranslated>false</IsTranslated>
        </AD_Menu_Trl>
        <AD_Menu type="table">
            <Parent_ID reference="uuid" reference-key="AD_Menu">2552868c-ee5f-43a7-9b8b-03ba8a7791b4</Parent_ID>
            <SeqNo>0</SeqNo>
            <AD_Client_ID>0</AD_Client_ID>
            <AD_Org_ID>0</AD_Org_ID>
            <AD_Task_ID reference="id"/>
            <IsSummary>false</IsSummary>
            <IsSOTrx>false</IsSOTrx>
            <IsReadOnly>false</IsReadOnly>
            <IsCentrallyMaintained>true</IsCentrallyMaintained>
            <Name>Future Cost Inventory Impact Report</Name>
            <Description/>
            <AD_Menu_UU>feba8840-a673-40dd-ba48-d3ebd347032a</AD_Menu_UU>
            <Action>R</Action>
            <IsActive>true</IsActive>
            <AD_InfoWindow_ID reference="id"/>
            <AD_Form_ID reference="id"/>
            <AD_Process_ID reference="uuid" reference-key="AD_Process">564eded5-4918-4f24-87ac-f2f4c4a9255a</AD_Process_ID>
            <AD_Window_ID reference="id"/>
            <AD_Workflow_ID reference="id"/>
            <EntityType>U</EntityType>
            <AD_Table type="table">
                <AD_Client_ID>0</AD_Client_ID>
                <AD_Org_ID>0</AD_Org_ID>
                <ImportTable>N</ImportTable>
                <CopyColumnsFromTable>N</CopyColumnsFromTable>
                <IsSecurityEnabled>false</IsSecurityEnabled>
                <AccessLevel>4</AccessLevel>
                <Help/>
                <LoadSeq>0</LoadSeq>
                <AD_Window_ID reference="id"/>
                <IsHighVolume>false</IsHighVolume>
                <IsView>false</IsView>
                <IsChangeLog>false</IsChangeLog>
                <ReplicationType>L</ReplicationType>
                <AD_Table_UU>0d69a80a-017b-463e-8bf2-8f84b3c9ceac</AD_Table_UU>
                <IsCentrallyMaintained>true</IsCentrallyMaintained>
                <IsDeleteable>true</IsDeleteable>
                <TableName>ChuBoe_Future_Cost_Inventory</TableName>
                <Description/>
                <Name>ChuBoe_Future_Cost_Inventory</Name>
                <IsActive>true</IsActive>
                <Processing>false</Processing>
                <DatabaseViewDrop>N</DatabaseViewDrop>
                <AD_Val_Rule_ID reference="id"/>
                <PO_Window_ID reference="id"/>
                <EntityType>U</EntityType>
                <AD_Column type="table">
                    <IsSyncDatabase>Y</IsSyncDatabase>
                    <AD_Table_ID reference="uuid" reference-key="AD_Table">0d69a80a-017b-463e-8bf2-8f84b3c9ceac</AD_Table_ID>
                    <AD_Reference_Value_ID reference="id"/>
                    <AD_Client_ID>0</AD_Client_ID>
                    <AD_Org_ID>0</AD_Org_ID>
                    <SeqNoSelection/>
                    <Version>0.0</Version>
                    <ValueMax/>
                    <IsMandatory>false</IsMandatory>
                    <IsTranslated>false</IsTranslated>
                    <IsIdentifier>true</IsIdentifier>
                    <SeqNo/>
                    <ValueMin/>
                    <IsParent>false</IsParent>
                    <FieldLength>255</FieldLength>
                    <IsSelectionColumn>true</IsSelectionColumn>
                    <IsKey>false</IsKey>
                    <ReadOnlyLogic/>
                    <IsAutocomplete>false</IsAutocomplete>
                    <IsAllowLogging>true</IsAllowLogging>
                    <MandatoryLogic/>
                    <FormatPattern/>
                    <AD_Column_UU>edd43bac-0d76-41a3-aa32-ac662f3df3f7</AD_Column_UU>
                    <IsUpdateable>true</IsUpdateable>
                    <Callout/>
                    <ColumnName>Name</ColumnName>
                    <Description>Alphanumeric identifier of the entity</Description>
                    <ColumnSQL/>
                    <DefaultValue/>
                    <Help>The name of an entity (record) is used as an default search option in addition to the search key. The name is up to 60 characters in length.</Help>
                    <Name>Name</Name>
                    <IsAllowCopy>true</IsAllowCopy>
                    <IsActive>true</IsActive>
                    <IsToolbarButton>true</IsToolbarButton>
                    <IsAlwaysUpdateable>false</IsAlwaysUpdateable>
                    <VFormat/>
                    <IsEncrypted>N</IsEncrypted>
                    <IsSecure>false</IsSecure>
                    <AD_Chart_ID reference="id"/>
                    <FKConstraintName/>
                    <FKConstraintType>N</FKConstraintType>
                    <AD_Element_ID reference="id">469</AD_Element_ID>
                    <AD_Reference_ID reference="id">10</AD_Reference_ID>
                    <AD_Val_Rule_ID reference="id"/>
                    <AD_Process_ID reference="id"/>
                    <EntityType>U</EntityType>
                </AD_Column>
                <AD_Column type="table">
                    <IsSyncDatabase>Y</IsSyncDatabase>
                    <AD_Table_ID reference="uuid" reference-key="AD_Table">0d69a80a-017b-463e-8bf2-8f84b3c9ceac</AD_Table_ID>
                    <AD_Reference_Value_ID reference="id"/>
                    <AD_Client_ID>0</AD_Client_ID>
                    <AD_Org_ID>0</AD_Org_ID>
                    <SeqNoSelection/>
                    <Version>0.0</Version>
                    <ValueMax/>
                    <IsMandatory>false</IsMandatory>
                    <IsTranslated>false</IsTranslated>
                    <IsIdentifier>false</IsIdentifier>
                    <SeqNo/>
                    <ValueMin/>
                    <IsParent>false</IsParent>
                    <FieldLength>10</FieldLength>
                    <IsSelectionColumn>false</IsSelectionColumn>
                    <IsKey>false</IsKey>
                    <ReadOnlyLogic/>
                    <IsAutocomplete>false</IsAutocomplete>
                    <IsAllowLogging>true</IsAllowLogging>
                    <MandatoryLogic/>
                    <FormatPattern/>
                    <AD_Column_UU>879a3aab-99f5-40de-b06c-f220b4a7bd4e</AD_Column_UU>
                    <IsUpdateable>true</IsUpdateable>
                    <Callout/>
                    <ColumnName>M_Product_ID</ColumnName>
                    <Description>Product, Service, Item</Description>
                    <ColumnSQL/>
                    <DefaultValue/>
                    <Help>Identifies an item which is either purchased or sold in this organization.</Help>
                    <Name>Product</Name>
                    <IsAllowCopy>true</IsAllowCopy>
                    <IsActive>true</IsActive>
                    <IsToolbarButton>true</IsToolbarButton>
                    <IsAlwaysUpdateable>false</IsAlwaysUpdateable>
                    <VFormat/>
                    <IsEncrypted>N</IsEncrypted>
                    <IsSecure>false</IsSecure>
                    <AD_Chart_ID reference="id"/>
                    <FKConstraintName/>
                    <FKConstraintType>N</FKConstraintType>
                    <AD_Element_ID reference="id">454</AD_Element_ID>
                    <AD_Reference_ID reference="id">30</AD_Reference_ID>
                    <AD_Val_Rule_ID reference="id">231</AD_Val_Rule_ID>
                    <AD_Process_ID reference="id"/>
                    <EntityType>U</EntityType>
                </AD_Column>
                <AD_Column type="table">
                    <IsSyncDatabase>Y</IsSyncDatabase>
                    <AD_Table_ID reference="uuid" reference-key="AD_Table">0d69a80a-017b-463e-8bf2-8f84b3c9ceac</AD_Table_ID>
                    <AD_Reference_Value_ID reference="id"/>
                    <AD_Client_ID>0</AD_Client_ID>
                    <AD_Org_ID>0</AD_Org_ID>
                    <SeqNoSelection/>
                    <Version>0.0</Version>
                    <ValueMax/>
                    <IsMandatory>false</IsMandatory>
                    <IsTranslated>false</IsTranslated>
                    <IsIdentifier>false</IsIdentifier>
                    <SeqNo/>
                    <ValueMin/>
                    <IsParent>false</IsParent>
                    <FieldLength>10</FieldLength>
                    <IsSelectionColumn>false</IsSelectionColumn>
                    <IsKey>false</IsKey>
                    <ReadOnlyLogic/>
                    <IsAutocomplete>false</IsAutocomplete>
                    <IsAllowLogging>true</IsAllowLogging>
                    <MandatoryLogic/>
                    <FormatPattern/>
                    <AD_Column_UU>42bfd79e-0f58-41bd-9527-bb29bc70dd8c</AD_Column_UU>
                    <IsUpdateable>false</IsUpdateable>
                    <Callout/>
                    <ColumnName>AD_Client_ID</ColumnName>
                    <Description>Client/Tenant for this installation.</Description>
                    <ColumnSQL/>
                    <DefaultValue>@#AD_Client_ID@</DefaultValue>
                    <Help>A Client is a company or a legal entity. You cannot share data between Clients. Tenant is a synonym for Client.</Help>
                    <Name>Client</Name>
                    <IsAllowCopy>false</IsAllowCopy>
                    <IsActive>true</IsActive>
                    <IsToolbarButton>false</IsToolbarButton>
                    <IsAlwaysUpdateable>false</IsAlwaysUpdateable>
                    <VFormat/>
                    <IsEncrypted>N</IsEncrypted>
                    <IsSecure>false</IsSecure>
                    <AD_Chart_ID reference="id"/>
                    <FKConstraintName/>
                    <FKConstraintType/>
                    <AD_Element_ID reference="id">102</AD_Element_ID>
                    <AD_Reference_ID reference="id">30</AD_Reference_ID>
                    <AD_Val_Rule_ID reference="id">129</AD_Val_Rule_ID>
                    <AD_Process_ID reference="id"/>
                    <EntityType>U</EntityType>
                </AD_Column>
                <AD_Column type="table">
                    <IsSyncDatabase>Y</IsSyncDatabase>
                    <AD_Table_ID reference="uuid" reference-key="AD_Table">0d69a80a-017b-463e-8bf2-8f84b3c9ceac</AD_Table_ID>
                    <AD_Reference_Value_ID reference="id"/>
                    <AD_Client_ID>0</AD_Client_ID>
                    <AD_Org_ID>0</AD_Org_ID>
                    <SeqNoSelection/>
                    <Version>0.0</Version>
                    <ValueMax/>
                    <IsMandatory>false</IsMandatory>
                    <IsTranslated>false</IsTranslated>
                    <IsIdentifier>false</IsIdentifier>
                    <SeqNo/>
                    <ValueMin/>
                    <IsParent>false</IsParent>
                    <FieldLength>10</FieldLength>
                    <IsSelectionColumn>false</IsSelectionColumn>
                    <IsKey>false</IsKey>
                    <ReadOnlyLogic/>
                    <IsAutocomplete>false</IsAutocomplete>
                    <IsAllowLogging>true</IsAllowLogging>
                    <MandatoryLogic/>
                    <FormatPattern/>
                    <AD_Column_UU>9802c86c-0de3-4be3-84e2-19a50c3d4c7c</AD_Column_UU>
                    <IsUpdateable>false</IsUpdateable>
                    <Callout/>
                    <ColumnName>AD_Org_ID</ColumnName>
                    <Description>Organizational entity within client</Description>
                    <ColumnSQL/>
                    <DefaultValue>@#AD_Org_ID@</DefaultValue>
                    <Help>An organization is a unit of your client or legal entity - examples are store, department. You can share data between organizations.</Help>
                    <Name>Organization</Name>
                    <IsAllowCopy>false</IsAllowCopy>
                    <IsActive>true</IsActive>
                    <IsToolbarButton>false</IsToolbarButton>
                    <IsAlwaysUpdateable>false</IsAlwaysUpdateable>
                    <VFormat/>
                    <IsEncrypted>N</IsEncrypted>
                    <IsSecure>false</IsSecure>
                    <AD_Chart_ID reference="id"/>
                    <FKConstraintName/>
                    <FKConstraintType/>
                    <AD_Element_ID reference="id">113</AD_Element_ID>
                    <AD_Reference_ID reference="id">30</AD_Reference_ID>
                    <AD_Val_Rule_ID reference="id">104</AD_Val_Rule_ID>
                    <AD_Process_ID reference="id"/>
                    <EntityType>U</EntityType>
                </AD_Column>
                <AD_Column type="table">
                    <IsSyncDatabase>Y</IsSyncDatabase>
                    <AD_Table_ID reference="uuid" reference-key="AD_Table">0d69a80a-017b-463e-8bf2-8f84b3c9ceac</AD_Table_ID>
                    <AD_Reference_Value_ID reference="id"/>
                    <AD_Client_ID>0</AD_Client_ID>
                    <AD_Org_ID>0</AD_Org_ID>
                    <SeqNoSelection/>
                    <Version>0.0</Version>
                    <ValueMax/>
                    <IsMandatory>false</IsMandatory>
                    <IsTranslated>false</IsTranslated>
                    <IsIdentifier>false</IsIdentifier>
                    <SeqNo/>
                    <ValueMin/>
                    <IsParent>false</IsParent>
                    <FieldLength>10</FieldLength>
                    <IsSelectionColumn>false</IsSelectionColumn>
                    <IsKey>false</IsKey>
                    <ReadOnlyLogic/>
                    <IsAutocomplete>false</IsAutocomplete>
                    <IsAllowLogging>true</IsAllowLogging>
                    <MandatoryLogic/>
                    <FormatPattern/>
                    <AD_Column_UU>856e10a9-265b-43a5-a0dd-da385ec81768</AD_Column_UU>
                    <IsUpdateable>true</IsUpdateable>
                    <Callout/>
                    <ColumnName>M_AttributeSetInstance_ID</ColumnName>
                    <Description>Product Attribute Set Instance</Description>
                    <ColumnSQL/>
                    <DefaultValue/>
                    <Help>The values of the actual Product Attribute Instances.  The product level attributes are defined on Product level.</Help>
                    <Name>Attribute Set Instance</Name>
                    <IsAllowCopy>true</IsAllowCopy>
                    <IsActive>true</IsActive>
                    <IsToolbarButton>false</IsToolbarButton>
                    <IsAlwaysUpdateable>false</IsAlwaysUpdateable>
                    <VFormat/>
                    <IsEncrypted>N</IsEncrypted>
                    <IsSecure>false</IsSecure>
                    <AD_Chart_ID reference="id"/>
                    <FKConstraintName/>
                    <FKConstraintType/>
                    <AD_Element_ID reference="id">2019</AD_Element_ID>
                    <AD_Reference_ID reference="id">30</AD_Reference_ID>
                    <AD_Val_Rule_ID reference="id"/>
                    <AD_Process_ID reference="id"/>
                    <EntityType>U</EntityType>
                </AD_Column>
                <AD_Column type="table">
                    <IsSyncDatabase>Y</IsSyncDatabase>
                    <AD_Table_ID reference="uuid" reference-key="AD_Table">0d69a80a-017b-463e-8bf2-8f84b3c9ceac</AD_Table_ID>
                    <AD_Reference_Value_ID reference="id"/>
                    <AD_Client_ID>0</AD_Client_ID>
                    <AD_Org_ID>0</AD_Org_ID>
                    <SeqNoSelection/>
                    <Version>0.0</Version>
                    <ValueMax/>
                    <IsMandatory>false</IsMandatory>
                    <IsTranslated>false</IsTranslated>
                    <IsIdentifier>false</IsIdentifier>
                    <SeqNo/>
                    <ValueMin/>
                    <IsParent>false</IsParent>
                    <FieldLength>10</FieldLength>
                    <IsSelectionColumn>false</IsSelectionColumn>
                    <IsKey>false</IsKey>
                    <ReadOnlyLogic/>
                    <IsAutocomplete>false</IsAutocomplete>
                    <IsAllowLogging>true</IsAllowLogging>
                    <MandatoryLogic/>
                    <FormatPattern/>
                    <AD_Column_UU>2a3b2d89-693f-430c-96cc-d465868f3c86</AD_Column_UU>
                    <IsUpdateable>false</IsUpdateable>
                    <Callout/>
                    <ColumnName>C_AcctSchema_ID</ColumnName>
                    <Description>Rules for accounting</Description>
                    <ColumnSQL/>
                    <DefaultValue/>
                    <Help>An Accounting Schema defines the rules used in accounting such as costing method, currency and calendar</Help>
                    <Name>Accounting Schema</Name>
                    <IsAllowCopy>true</IsAllowCopy>
                    <IsActive>true</IsActive>
                    <IsToolbarButton>false</IsToolbarButton>
                    <IsAlwaysUpdateable>false</IsAlwaysUpdateable>
                    <VFormat/>
                    <IsEncrypted>N</IsEncrypted>
                    <IsSecure>false</IsSecure>
                    <AD_Chart_ID reference="id"/>
                    <FKConstraintName/>
                    <FKConstraintType/>
                    <AD_Element_ID reference="id">181</AD_Element_ID>
                    <AD_Reference_ID reference="id">30</AD_Reference_ID>
                    <AD_Val_Rule_ID reference="id"/>
                    <AD_Process_ID reference="id"/>
                    <EntityType>U</EntityType>
                </AD_Column>
                <AD_Column type="table">
                    <IsSyncDatabase>Y</IsSyncDatabase>
                    <AD_Table_ID reference="uuid" reference-key="AD_Table">0d69a80a-017b-463e-8bf2-8f84b3c9ceac</AD_Table_ID>
                    <AD_Reference_Value_ID reference="id"/>
                    <AD_Client_ID>0</AD_Client_ID>
                    <AD_Org_ID>0</AD_Org_ID>
                    <SeqNoSelection/>
                    <Version>0.0</Version>
                    <ValueMax/>
                    <IsMandatory>false</IsMandatory>
                    <IsTranslated>false</IsTranslated>
                    <IsIdentifier>false</IsIdentifier>
                    <SeqNo/>
                    <ValueMin/>
                    <IsParent>false</IsParent>
                    <FieldLength>10</FieldLength>
                    <IsSelectionColumn>false</IsSelectionColumn>
                    <IsKey>false</IsKey>
                    <ReadOnlyLogic/>
                    <IsAutocomplete>false</IsAutocomplete>
                    <IsAllowLogging>true</IsAllowLogging>
                    <MandatoryLogic/>
                    <FormatPattern/>
                    <AD_Column_UU>b421717f-5d67-4be7-a612-f42760d6464a</AD_Column_UU>
                    <IsUpdateable>false</IsUpdateable>
                    <Callout/>
                    <ColumnName>M_CostType_ID</ColumnName>
                    <Description>Type of Cost (e.g. Current, Plan, Future)</Description>
                    <ColumnSQL/>
                    <DefaultValue/>
                    <Help>You can define multiple cost types. A cost type selected in an Accounting Schema is used for accounting.</Help>
                    <Name>Cost Type</Name>
                    <IsAllowCopy>true</IsAllowCopy>
                    <IsActive>true</IsActive>
                    <IsToolbarButton>false</IsToolbarButton>
                    <IsAlwaysUpdateable>false</IsAlwaysUpdateable>
                    <VFormat/>
                    <IsEncrypted>N</IsEncrypted>
                    <IsSecure>false</IsSecure>
                    <AD_Chart_ID reference="id"/>
                    <FKConstraintName/>
                    <FKConstraintType/>
                    <AD_Element_ID reference="id">2071</AD_Element_ID>
                    <AD_Reference_ID reference="id">30</AD_Reference_ID>
                    <AD_Val_Rule_ID reference="id"/>
                    <AD_Process_ID reference="id"/>
                    <EntityType>U</EntityType>
                </AD_Column>
                <AD_Column type="table">
                    <IsSyncDatabase>Y</IsSyncDatabase>
                    <AD_Table_ID reference="uuid" reference-key="AD_Table">0d69a80a-017b-463e-8bf2-8f84b3c9ceac</AD_Table_ID>
                    <AD_Reference_Value_ID reference="id"/>
                    <AD_Client_ID>0</AD_Client_ID>
                    <AD_Org_ID>0</AD_Org_ID>
                    <SeqNoSelection/>
                    <Version>0.0</Version>
                    <ValueMax/>
                    <IsMandatory>false</IsMandatory>
                    <IsTranslated>false</IsTranslated>
                    <IsIdentifier>false</IsIdentifier>
                    <SeqNo/>
                    <ValueMin/>
                    <IsParent>false</IsParent>
                    <FieldLength>131089</FieldLength>
                    <IsSelectionColumn>false</IsSelectionColumn>
                    <IsKey>false</IsKey>
                    <ReadOnlyLogic/>
                    <IsAutocomplete>false</IsAutocomplete>
                    <IsAllowLogging>true</IsAllowLogging>
                    <MandatoryLogic/>
                    <FormatPattern/>
                    <AD_Column_UU>1eaf644e-c64e-409c-afb7-ddb27cffe1db</AD_Column_UU>
                    <IsUpdateable>true</IsUpdateable>
                    <Callout/>
                    <ColumnName>CurrentCostPrice</ColumnName>
                    <Description>The currently used cost price</Description>
                    <ColumnSQL/>
                    <DefaultValue/>
                    <Help/>
                    <Name>Current Cost Price</Name>
                    <IsAllowCopy>true</IsAllowCopy>
                    <IsActive>true</IsActive>
                    <IsToolbarButton>true</IsToolbarButton>
                    <IsAlwaysUpdateable>false</IsAlwaysUpdateable>
                    <VFormat/>
                    <IsEncrypted>N</IsEncrypted>
                    <IsSecure>false</IsSecure>
                    <AD_Chart_ID reference="id"/>
                    <FKConstraintName/>
                    <FKConstraintType>N</FKConstraintType>
                    <AD_Element_ID reference="id">1394</AD_Element_ID>
                    <AD_Reference_ID reference="id">37</AD_Reference_ID>
                    <AD_Val_Rule_ID reference="id"/>
                    <AD_Process_ID reference="id"/>
                    <EntityType>U</EntityType>
                </AD_Column>
                <AD_Column type="table">
                    <IsSyncDatabase>Y</IsSyncDatabase>
                    <AD_Table_ID reference="uuid" reference-key="AD_Table">0d69a80a-017b-463e-8bf2-8f84b3c9ceac</AD_Table_ID>
                    <AD_Reference_Value_ID reference="id"/>
                    <AD_Client_ID>0</AD_Client_ID>
                    <AD_Org_ID>0</AD_Org_ID>
                    <SeqNoSelection/>
                    <Version>0.0</Version>
                    <ValueMax/>
                    <IsMandatory>false</IsMandatory>
                    <IsTranslated>false</IsTranslated>
                    <IsIdentifier>false</IsIdentifier>
                    <SeqNo/>
                    <ValueMin/>
                    <IsParent>false</IsParent>
                    <FieldLength>131089</FieldLength>
                    <IsSelectionColumn>false</IsSelectionColumn>
                    <IsKey>false</IsKey>
                    <ReadOnlyLogic/>
                    <IsAutocomplete>false</IsAutocomplete>
                    <IsAllowLogging>true</IsAllowLogging>
                    <MandatoryLogic/>
                    <FormatPattern/>
                    <AD_Column_UU>73ec7387-3244-4a7e-a1e1-f95040ccdaf4</AD_Column_UU>
                    <IsUpdateable>true</IsUpdateable>
                    <Callout/>
                    <ColumnName>FutureCostPrice</ColumnName>
                    <Description/>
                    <ColumnSQL/>
                    <DefaultValue/>
                    <Help/>
                    <Name>Future Cost Price</Name>
                    <IsAllowCopy>true</IsAllowCopy>
                    <IsActive>true</IsActive>
                    <IsToolbarButton>true</IsToolbarButton>
                    <IsAlwaysUpdateable>false</IsAlwaysUpdateable>
                    <VFormat/>
                    <IsEncrypted>N</IsEncrypted>
                    <IsSecure>false</IsSecure>
                    <AD_Chart_ID reference="id"/>
                    <FKConstraintName/>
                    <FKConstraintType>N</FKConstraintType>
                    <AD_Element_ID reference="id">1397</AD_Element_ID>
                    <AD_Reference_ID reference="id">37</AD_Reference_ID>
                    <AD_Val_Rule_ID reference="id"/>
                    <AD_Process_ID reference="id"/>
                    <EntityType>U</EntityType>
                </AD_Column>
                <AD_Column type="table">
                    <IsSyncDatabase>Y</IsSyncDatabase>
                    <AD_Table_ID reference="uuid" reference-key="AD_Table">0d69a80a-017b-463e-8bf2-8f84b3c9ceac</AD_Table_ID>
                    <AD_Reference_Value_ID reference="id"/>
                    <AD_Client_ID>0</AD_Client_ID>
                    <AD_Org_ID>0</AD_Org_ID>
                    <SeqNoSelection/>
                    <Version>0.0</Version>
                    <ValueMax/>
                    <IsMandatory>false</IsMandatory>
                    <IsTranslated>false</IsTranslated>
                    <IsIdentifier>false</IsIdentifier>
                    <SeqNo/>
                    <ValueMin/>
                    <IsParent>false</IsParent>
                    <FieldLength>10</FieldLength>
                    <IsSelectionColumn>false</IsSelectionColumn>
                    <IsKey>false</IsKey>
                    <ReadOnlyLogic/>
                    <IsAutocomplete>false</IsAutocomplete>
                    <IsAllowLogging>true</IsAllowLogging>
                    <MandatoryLogic/>
                    <FormatPattern/>
                    <AD_Column_UU>0e96e1fe-f15d-4a29-bdad-0a2e3ee14602</AD_Column_UU>
                    <IsUpdateable>true</IsUpdateable>
                    <Callout/>
                    <ColumnName>C_Currency_ID</ColumnName>
                    <Description>The Currency for this record</Description>
                    <ColumnSQL/>
                    <DefaultValue/>
                    <Help>Indicates the Currency to be used when processing or reporting on this record</Help>
                    <Name>Currency</Name>
                    <IsAllowCopy>true</IsAllowCopy>
                    <IsActive>true</IsActive>
                    <IsToolbarButton>false</IsToolbarButton>
                    <IsAlwaysUpdateable>false</IsAlwaysUpdateable>
                    <VFormat/>
                    <IsEncrypted>N</IsEncrypted>
                    <IsSecure>false</IsSecure>
                    <AD_Chart_ID reference="id"/>
                    <FKConstraintName/>
                    <FKConstraintType/>
                    <AD_Element_ID reference="id">193</AD_Element_ID>
                    <AD_Reference_ID reference="id">30</AD_Reference_ID>
                    <AD_Val_Rule_ID reference="id"/>
                    <AD_Process_ID reference="id"/>
                    <EntityType>U</EntityType>
                </AD_Column>
                <AD_Column type="table">
                    <IsSyncDatabase>Y</IsSyncDatabase>
                    <AD_Table_ID reference="uuid" reference-key="AD_Table">0d69a80a-017b-463e-8bf2-8f84b3c9ceac</AD_Table_ID>
                    <AD_Reference_Value_ID reference="id">355</AD_Reference_Value_ID>
                    <AD_Client_ID>0</AD_Client_ID>
                    <AD_Org_ID>0</AD_Org_ID>
                    <SeqNoSelection/>
                    <Version>0.0</Version>
                    <ValueMax/>
                    <IsMandatory>false</IsMandatory>
                    <IsTranslated>false</IsTranslated>
                    <IsIdentifier>false</IsIdentifier>
                    <SeqNo/>
                    <ValueMin/>
                    <IsParent>false</IsParent>
                    <FieldLength>1</FieldLength>
                    <IsSelectionColumn>false</IsSelectionColumn>
                    <IsKey>false</IsKey>
                    <ReadOnlyLogic/>
                    <IsAutocomplete>false</IsAutocomplete>
                    <IsAllowLogging>true</IsAllowLogging>
                    <MandatoryLogic/>
                    <FormatPattern/>
                    <AD_Column_UU>9ce581be-3b9b-4afd-81b9-2127ddf75350</AD_Column_UU>
                    <IsUpdateable>true</IsUpdateable>
                    <Callout/>
                    <ColumnName>CostingLevel</ColumnName>
                    <Description>The lowest level to accumulate Costing Information</Description>
                    <ColumnSQL/>
                    <DefaultValue/>
                    <Help>If you want to maintain different costs per organization (warehouse) or per Batch/Lot, you need to make sure that you define the costs for each of the organizations or batch/lot. The Costing Level is defined per Accounting Schema and can be overwritten by Product Category and Accounting Schema.</Help>
                    <Name>Costing Level</Name>
                    <IsAllowCopy>true</IsAllowCopy>
                    <IsActive>true</IsActive>
                    <IsToolbarButton>true</IsToolbarButton>
                    <IsAlwaysUpdateable>false</IsAlwaysUpdateable>
                    <VFormat/>
                    <IsEncrypted>N</IsEncrypted>
                    <IsSecure>false</IsSecure>
                    <AD_Chart_ID reference="id"/>
                    <FKConstraintName/>
                    <FKConstraintType>N</FKConstraintType>
                    <AD_Element_ID reference="id">2816</AD_Element_ID>
                    <AD_Reference_ID reference="id">17</AD_Reference_ID>
                    <AD_Val_Rule_ID reference="id"/>
                    <AD_Process_ID reference="id"/>
                    <EntityType>U</EntityType>
                </AD_Column>
                <AD_Column type="table">
                    <IsSyncDatabase>Y</IsSyncDatabase>
                    <AD_Table_ID reference="uuid" reference-key="AD_Table">0d69a80a-017b-463e-8bf2-8f84b3c9ceac</AD_Table_ID>
                    <AD_Reference_Value_ID reference="id"/>
                    <AD_Client_ID>0</AD_Client_ID>
                    <AD_Org_ID>0</AD_Org_ID>
                    <SeqNoSelection/>
                    <Version>0.0</Version>
                    <ValueMax/>
                    <IsMandatory>false</IsMandatory>
                    <IsTranslated>false</IsTranslated>
                    <IsIdentifier>false</IsIdentifier>
                    <SeqNo/>
                    <ValueMin/>
                    <IsParent>false</IsParent>
                    <FieldLength>131089</FieldLength>
                    <IsSelectionColumn>false</IsSelectionColumn>
                    <IsKey>false</IsKey>
                    <ReadOnlyLogic/>
                    <IsAutocomplete>false</IsAutocomplete>
                    <IsAllowLogging>true</IsAllowLogging>
                    <MandatoryLogic/>
                    <FormatPattern/>
                    <AD_Column_UU>4e5c3c4d-712d-4008-a1b3-e2eb727034e1</AD_Column_UU>
                    <IsUpdateable>false</IsUpdateable>
                    <Callout/>
                    <ColumnName>QtyOnHand</ColumnName>
                    <Description>On Hand Quantity</Description>
                    <ColumnSQL/>
                    <DefaultValue/>
                    <Help>The On Hand Quantity indicates the quantity of a product that is on hand in a warehouse.</Help>
                    <Name>On Hand Quantity</Name>
                    <IsAllowCopy>true</IsAllowCopy>
                    <IsActive>true</IsActive>
                    <IsToolbarButton>true</IsToolbarButton>
                    <IsAlwaysUpdateable>false</IsAlwaysUpdateable>
                    <VFormat/>
                    <IsEncrypted>N</IsEncrypted>
                    <IsSecure>false</IsSecure>
                    <AD_Chart_ID reference="id"/>
                    <FKConstraintName/>
                    <FKConstraintType>N</FKConstraintType>
                    <AD_Element_ID reference="id">530</AD_Element_ID>
                    <AD_Reference_ID reference="id">29</AD_Reference_ID>
                    <AD_Val_Rule_ID reference="id"/>
                    <AD_Process_ID reference="id"/>
                    <EntityType>U</EntityType>
                </AD_Column>
                <AD_Element type="table">
                    <AD_Client_ID>0</AD_Client_ID>
                    <AD_Org_ID>0</AD_Org_ID>
                    <ColumnName>CostDelta</ColumnName>
                    <Help/>
                    <PO_Description/>
                    <PO_Help/>
                    <Name>Cost Delta</Name>
                    <Description/>
                    <PrintName>Cost Delta</PrintName>
                    <PO_Name/>
                    <PO_PrintName/>
                    <AD_Element_UU>ff29e675-2c0d-42f2-bf6c-91d1a685e21c</AD_Element_UU>
                    <IsActive>true</IsActive>
                    <EntityType>U</EntityType>
                    <AD_Element_Trl type="translation">
                        <Help/>
                        <PO_Description/>
                        <PO_Help/>
                        <Name>costdelta</Name>
                        <Description/>
                        <PrintName>costdelta</PrintName>
                        <PO_Name/>
                        <PO_PrintName/>
                        <AD_Language>es_CO</AD_Language>
                        <IsActive>true</IsActive>
                        <IsTranslated>false</IsTranslated>
                    </AD_Element_Trl>
                </AD_Element>
                <AD_Column type="table">
                    <IsSyncDatabase>Y</IsSyncDatabase>
                    <AD_Table_ID reference="uuid" reference-key="AD_Table">0d69a80a-017b-463e-8bf2-8f84b3c9ceac</AD_Table_ID>
                    <AD_Reference_Value_ID reference="id"/>
                    <AD_Client_ID>0</AD_Client_ID>
                    <AD_Org_ID>0</AD_Org_ID>
                    <SeqNoSelection/>
                    <Version>0.0</Version>
                    <ValueMax/>
                    <IsMandatory>false</IsMandatory>
                    <IsTranslated>false</IsTranslated>
                    <IsIdentifier>false</IsIdentifier>
                    <SeqNo/>
                    <ValueMin/>
                    <IsParent>false</IsParent>
                    <FieldLength>131089</FieldLength>
                    <IsSelectionColumn>false</IsSelectionColumn>
                    <IsKey>false</IsKey>
                    <ReadOnlyLogic/>
                    <IsAutocomplete>false</IsAutocomplete>
                    <IsAllowLogging>true</IsAllowLogging>
                    <MandatoryLogic/>
                    <FormatPattern/>
                    <AD_Column_UU>ab86f73d-f993-4a4b-8165-b863f777a705</AD_Column_UU>
                    <IsUpdateable>true</IsUpdateable>
                    <Callout/>
                    <ColumnName>CostDelta</ColumnName>
                    <Description/>
                    <ColumnSQL/>
                    <DefaultValue/>
                    <Help/>
                    <Name>Cost Delta</Name>
                    <IsAllowCopy>true</IsAllowCopy>
                    <IsActive>true</IsActive>
                    <IsToolbarButton>false</IsToolbarButton>
                    <IsAlwaysUpdateable>false</IsAlwaysUpdateable>
                    <VFormat/>
                    <IsEncrypted>N</IsEncrypted>
                    <IsSecure>false</IsSecure>
                    <AD_Chart_ID reference="id"/>
                    <FKConstraintName/>
                    <FKConstraintType/>
                    <AD_Element_ID reference="uuid" reference-key="AD_Element">ff29e675-2c0d-42f2-bf6c-91d1a685e21c</AD_Element_ID>
                    <AD_Reference_ID reference="id">12</AD_Reference_ID>
                    <AD_Val_Rule_ID reference="id"/>
                    <AD_Process_ID reference="id"/>
                    <EntityType>U</EntityType>
                </AD_Column>
            </AD_Table>
            <AD_ReportView type="table">
                <AD_Client_ID>0</AD_Client_ID>
                <AD_Org_ID>0</AD_Org_ID>
                <EntityType>U</EntityType>
                <Description/>
                <OrderByClause/>
                <WhereClause/>
                <AD_ReportView_UU>8e0f0016-9cbb-4a2e-8d07-83477fca0997</AD_ReportView_UU>
                <Name>ChuBoe_Future_Cost_Inventory</Name>
                <IsActive>true</IsActive>
                <AD_Table_ID reference="uuid" reference-key="AD_Table">0d69a80a-017b-463e-8bf2-8f84b3c9ceac</AD_Table_ID>
            </AD_ReportView>
            <AD_Process type="table">
                <AD_Client_ID>0</AD_Client_ID>
                <AD_Org_ID>0</AD_Org_ID>
                <CopyFromProcess>N</CopyFromProcess>
                <Help/>
                <JasperReport/>
                <IsDirectPrint>false</IsDirectPrint>
                <IsReport>true</IsReport>
                <AD_Process_UU>564eded5-4918-4f24-87ac-f2f4c4a9255a</AD_Process_UU>
                <AccessLevel>3</AccessLevel>
                <IsBetaFunctionality>false</IsBetaFunctionality>
                <WorkflowValue/>
                <IsServerProcess>false</IsServerProcess>
                <Statistic_Seconds>0</Statistic_Seconds>
                <Statistic_Count>0</Statistic_Count>
                <ShowHelp>Y</ShowHelp>
                <Description/>
                <Name>ChuBoe_Future_Cost_Inventory</Name>
                <IsActive>true</IsActive>
                <AD_CtxHelp_ID reference="id"/>
                <ProcedureName/>
                <Classname/>
                <Value>ChuBoe_Future_Cost_Inventory</Value>
                <AD_Form_ID reference="id"/>
                <AD_PrintFormat_ID reference="id"/>
                <AD_ReportView_ID reference="uuid" reference-key="AD_ReportView">8e0f0016-9cbb-4a2e-8d07-83477fca0997</AD_ReportView_ID>
                <AD_Workflow_ID reference="id"/>
                <EntityType>U</EntityType>
                <AD_Process_Trl type="translation">
                    <Help/>
                    <Description/>
                    <Name>ChuBoe_Future_Cost_Inventory</Name>
                    <AD_Language>es_CO</AD_Language>
                    <IsActive>true</IsActive>
                    <IsTranslated>false</IsTranslated>
                </AD_Process_Trl>
                <AD_Process_Para type="table">
                    <AD_Client_ID>0</AD_Client_ID>
                    <AD_Org_ID>0</AD_Org_ID>
                    <IsRange>false</IsRange>
                    <AD_Process_Para_UU>c650325e-fddb-48a9-b7d9-e08661c3e1a1</AD_Process_Para_UU>
                    <Help>An Accounting Schema defines the rules used in accounting such as costing method, currency and calendar</Help>
                    <AD_Process_ID reference="uuid" reference-key="AD_Process">564eded5-4918-4f24-87ac-f2f4c4a9255a</AD_Process_ID>
                    <ValueMin/>
                    <IsMandatory>false</IsMandatory>
                    <ReadOnlyLogic/>
                    <DisplayLogic/>
                    <Name>Accounting Schema</Name>
                    <ColumnName>C_AcctSchema_ID</ColumnName>
                    <Description>Rules for accounting</Description>
                    <FieldLength>0</FieldLength>
                    <ValueMax/>
                    <IsCentrallyMaintained>true</IsCentrallyMaintained>
                    <DefaultValue2/>
                    <VFormat/>
                    <SeqNo>10</SeqNo>
                    <DefaultValue/>
                    <IsActive>true</IsActive>
                    <IsEncrypted>false</IsEncrypted>
                    <AD_Element_ID reference="id">181</AD_Element_ID>
                    <AD_Reference_ID reference="id">19</AD_Reference_ID>
                    <AD_Reference_Value_ID reference="id"/>
                    <AD_Val_Rule_ID reference="id"/>
                    <EntityType>U</EntityType>
                    <AD_Process_Para_Trl type="translation">
                        <Help>An Accounting Schema defines the rules used in accounting such as costing method, currency and calendar</Help>
                        <Name>Accounting Schema</Name>
                        <Description>Rules for accounting</Description>
                        <AD_Language>es_CO</AD_Language>
                        <IsActive>true</IsActive>
                        <IsTranslated>false</IsTranslated>
                    </AD_Process_Para_Trl>
                </AD_Process_Para>
                <AD_Process_Para type="table">
                    <AD_Client_ID>0</AD_Client_ID>
                    <AD_Org_ID>0</AD_Org_ID>
                    <IsRange>false</IsRange>
                    <AD_Process_Para_UU>5c69ea78-34d9-4ed5-a87e-b99d3daf587d</AD_Process_Para_UU>
                    <Help>If you want to maintain different costs per organization (warehouse) or per Batch/Lot, you need to make sure that you define the costs for each of the organizations or batch/lot. The Costing Level is defined per Accounting Schema and can be overwritten by Product Category and Accounting Schema.</Help>
                    <AD_Process_ID reference="uuid" reference-key="AD_Process">564eded5-4918-4f24-87ac-f2f4c4a9255a</AD_Process_ID>
                    <ValueMin/>
                    <IsMandatory>false</IsMandatory>
                    <ReadOnlyLogic/>
                    <DisplayLogic/>
                    <Name>Costing Level</Name>
                    <ColumnName>CostingLevel</ColumnName>
                    <Description>The lowest level to accumulate Costing Information</Description>
                    <FieldLength>0</FieldLength>
                    <ValueMax/>
                    <IsCentrallyMaintained>true</IsCentrallyMaintained>
                    <DefaultValue2/>
                    <VFormat/>
                    <SeqNo>20</SeqNo>
                    <DefaultValue/>
                    <IsActive>true</IsActive>
                    <IsEncrypted>false</IsEncrypted>
                    <AD_Element_ID reference="id">2816</AD_Element_ID>
                    <AD_Reference_ID reference="id">17</AD_Reference_ID>
                    <AD_Reference_Value_ID reference="id">355</AD_Reference_Value_ID>
                    <AD_Val_Rule_ID reference="id"/>
                    <EntityType>U</EntityType>
                    <AD_Process_Para_Trl type="translation">
                        <Help>If you want to maintain different costs per organization (warehouse) or per Batch/Lot, you need to make sure that you define the costs for each of the organizations or batch/lot. The Costing Level is defined per Accounting Schema and can be overwritten by Product Category and Accounting Schema.</Help>
                        <Name>Costing Level</Name>
                        <Description>The lowest level to accumulate Costing Information</Description>
                        <AD_Language>es_CO</AD_Language>
                        <IsActive>true</IsActive>
                        <IsTranslated>false</IsTranslated>
                    </AD_Process_Para_Trl>
                </AD_Process_Para>
                <AD_Process_Para type="table">
                    <AD_Client_ID>0</AD_Client_ID>
                    <AD_Org_ID>0</AD_Org_ID>
                    <IsRange>false</IsRange>
                    <AD_Process_Para_UU>a9f62ee9-eabe-4f48-bec3-a8b730b3e091</AD_Process_Para_UU>
                    <Help>You can define multiple cost types. A cost type selected in an Accounting Schema is used for accounting.</Help>
                    <AD_Process_ID reference="uuid" reference-key="AD_Process">564eded5-4918-4f24-87ac-f2f4c4a9255a</AD_Process_ID>
                    <ValueMin/>
                    <IsMandatory>false</IsMandatory>
                    <ReadOnlyLogic/>
                    <DisplayLogic/>
                    <Name>Cost Type</Name>
                    <ColumnName>M_CostType_ID</ColumnName>
                    <Description>Type of Cost (e.g. Current, Plan, Future)</Description>
                    <FieldLength>0</FieldLength>
                    <ValueMax/>
                    <IsCentrallyMaintained>true</IsCentrallyMaintained>
                    <DefaultValue2/>
                    <VFormat/>
                    <SeqNo>30</SeqNo>
                    <DefaultValue/>
                    <IsActive>true</IsActive>
                    <IsEncrypted>false</IsEncrypted>
                    <AD_Element_ID reference="id">2071</AD_Element_ID>
                    <AD_Reference_ID reference="id">19</AD_Reference_ID>
                    <AD_Reference_Value_ID reference="id"/>
                    <AD_Val_Rule_ID reference="id"/>
                    <EntityType>U</EntityType>
                    <AD_Process_Para_Trl type="translation">
                        <Help>You can define multiple cost types. A cost type selected in an Accounting Schema is used for accounting.</Help>
                        <Name>Cost Type</Name>
                        <Description>Type of Cost (e.g. Current, Plan, Future)</Description>
                        <AD_Language>es_CO</AD_Language>
                        <IsActive>true</IsActive>
                        <IsTranslated>false</IsTranslated>
                    </AD_Process_Para_Trl>
                </AD_Process_Para>
            </AD_Process>
        </AD_Menu>
        <AD_Menu type="table">
            <Parent_ID reference="uuid" reference-key="AD_Menu">2552868c-ee5f-43a7-9b8b-03ba8a7791b4</Parent_ID>
            <SeqNo>1</SeqNo>
            <AD_Client_ID>0</AD_Client_ID>
            <AD_Org_ID>0</AD_Org_ID>
            <AD_Task_ID reference="id"/>
            <IsSummary>false</IsSummary>
            <IsSOTrx>false</IsSOTrx>
            <IsReadOnly>false</IsReadOnly>
            <IsCentrallyMaintained>true</IsCentrallyMaintained>
            <Name>Future Cost Scheduled Order Impact report</Name>
            <Description/>
            <AD_Menu_UU>7ff4a46a-5b85-41e8-9869-1a71e90fb181</AD_Menu_UU>
            <Action>R</Action>
            <IsActive>true</IsActive>
            <AD_InfoWindow_ID reference="id"/>
            <AD_Form_ID reference="id"/>
            <AD_Process_ID reference="uuid" reference-key="AD_Process">2a40ea78-ad99-48db-9fbd-15cd3f1c95e1</AD_Process_ID>
            <AD_Window_ID reference="id"/>
            <AD_Workflow_ID reference="id"/>
            <EntityType>U</EntityType>
            <AD_Table type="table">
                <AD_Client_ID>0</AD_Client_ID>
                <AD_Org_ID>0</AD_Org_ID>
                <ImportTable>N</ImportTable>
                <CopyColumnsFromTable>N</CopyColumnsFromTable>
                <IsSecurityEnabled>false</IsSecurityEnabled>
                <AccessLevel>4</AccessLevel>
                <Help/>
                <LoadSeq>0</LoadSeq>
                <AD_Window_ID reference="id"/>
                <IsHighVolume>false</IsHighVolume>
                <IsView>false</IsView>
                <IsChangeLog>false</IsChangeLog>
                <ReplicationType>L</ReplicationType>
                <AD_Table_UU>b1f5df6d-db07-44c9-93bc-dcbd7a12ce45</AD_Table_UU>
                <IsCentrallyMaintained>true</IsCentrallyMaintained>
                <IsDeleteable>true</IsDeleteable>
                <TableName>ChuBoe_Future_Cost_Scheduled_Order</TableName>
                <Description/>
                <Name>ChuBoe_Future_Cost_Scheduled_Order</Name>
                <IsActive>true</IsActive>
                <Processing>false</Processing>
                <DatabaseViewDrop>N</DatabaseViewDrop>
                <AD_Val_Rule_ID reference="id"/>
                <PO_Window_ID reference="id"/>
                <EntityType>U</EntityType>
                <AD_Column type="table">
                    <IsSyncDatabase>Y</IsSyncDatabase>
                    <AD_Table_ID reference="uuid" reference-key="AD_Table">b1f5df6d-db07-44c9-93bc-dcbd7a12ce45</AD_Table_ID>
                    <AD_Reference_Value_ID reference="id"/>
                    <AD_Client_ID>0</AD_Client_ID>
                    <AD_Org_ID>0</AD_Org_ID>
                    <SeqNoSelection/>
                    <Version>0.0</Version>
                    <ValueMax/>
                    <IsMandatory>false</IsMandatory>
                    <IsTranslated>false</IsTranslated>
                    <IsIdentifier>false</IsIdentifier>
                    <SeqNo/>
                    <ValueMin/>
                    <IsParent>false</IsParent>
                    <FieldLength>10</FieldLength>
                    <IsSelectionColumn>false</IsSelectionColumn>
                    <IsKey>false</IsKey>
                    <ReadOnlyLogic/>
                    <IsAutocomplete>false</IsAutocomplete>
                    <IsAllowLogging>true</IsAllowLogging>
                    <MandatoryLogic/>
                    <FormatPattern/>
                    <AD_Column_UU>401fe04f-f090-425f-ba8d-e1eb4d3a5403</AD_Column_UU>
                    <IsUpdateable>false</IsUpdateable>
                    <Callout/>
                    <ColumnName>AD_Org_ID</ColumnName>
                    <Description>Organizational entity within client</Description>
                    <ColumnSQL/>
                    <DefaultValue>@#AD_Org_ID@</DefaultValue>
                    <Help>An organization is a unit of your client or legal entity - examples are store, department. You can share data between organizations.</Help>
                    <Name>Organization</Name>
                    <IsAllowCopy>false</IsAllowCopy>
                    <IsActive>true</IsActive>
                    <IsToolbarButton>false</IsToolbarButton>
                    <IsAlwaysUpdateable>false</IsAlwaysUpdateable>
                    <VFormat/>
                    <IsEncrypted>N</IsEncrypted>
                    <IsSecure>false</IsSecure>
                    <AD_Chart_ID reference="id"/>
                    <FKConstraintName/>
                    <FKConstraintType/>
                    <AD_Element_ID reference="id">113</AD_Element_ID>
                    <AD_Reference_ID reference="id">30</AD_Reference_ID>
                    <AD_Val_Rule_ID reference="id">104</AD_Val_Rule_ID>
                    <AD_Process_ID reference="id"/>
                    <EntityType>U</EntityType>
                </AD_Column>
                <AD_Column type="table">
                    <IsSyncDatabase>Y</IsSyncDatabase>
                    <AD_Table_ID reference="uuid" reference-key="AD_Table">b1f5df6d-db07-44c9-93bc-dcbd7a12ce45</AD_Table_ID>
                    <AD_Reference_Value_ID reference="id"/>
                    <AD_Client_ID>0</AD_Client_ID>
                    <AD_Org_ID>0</AD_Org_ID>
                    <SeqNoSelection/>
                    <Version>0.0</Version>
                    <ValueMax/>
                    <IsMandatory>false</IsMandatory>
                    <IsTranslated>false</IsTranslated>
                    <IsIdentifier>false</IsIdentifier>
                    <SeqNo/>
                    <ValueMin/>
                    <IsParent>false</IsParent>
                    <FieldLength>10</FieldLength>
                    <IsSelectionColumn>false</IsSelectionColumn>
                    <IsKey>false</IsKey>
                    <ReadOnlyLogic/>
                    <IsAutocomplete>false</IsAutocomplete>
                    <IsAllowLogging>true</IsAllowLogging>
                    <MandatoryLogic/>
                    <FormatPattern/>
                    <AD_Column_UU>1de422f8-3adb-4bb5-90ee-ac5342add0e5</AD_Column_UU>
                    <IsUpdateable>true</IsUpdateable>
                    <Callout/>
                    <ColumnName>M_Product_ID</ColumnName>
                    <Description>Product, Service, Item</Description>
                    <ColumnSQL/>
                    <DefaultValue/>
                    <Help>Identifies an item which is either purchased or sold in this organization.</Help>
                    <Name>Product</Name>
                    <IsAllowCopy>true</IsAllowCopy>
                    <IsActive>true</IsActive>
                    <IsToolbarButton>true</IsToolbarButton>
                    <IsAlwaysUpdateable>false</IsAlwaysUpdateable>
                    <VFormat/>
                    <IsEncrypted>N</IsEncrypted>
                    <IsSecure>false</IsSecure>
                    <AD_Chart_ID reference="id"/>
                    <FKConstraintName/>
                    <FKConstraintType>N</FKConstraintType>
                    <AD_Element_ID reference="id">454</AD_Element_ID>
                    <AD_Reference_ID reference="id">30</AD_Reference_ID>
                    <AD_Val_Rule_ID reference="id">231</AD_Val_Rule_ID>
                    <AD_Process_ID reference="id"/>
                    <EntityType>U</EntityType>
                </AD_Column>
                <AD_Element type="table">
                    <AD_Client_ID>0</AD_Client_ID>
                    <AD_Org_ID>0</AD_Org_ID>
                    <ColumnName>QtyRemaining</ColumnName>
                    <Help/>
                    <PO_Description/>
                    <PO_Help/>
                    <Name>Qty Remaining</Name>
                    <Description/>
                    <PrintName>Qty Remaining</PrintName>
                    <PO_Name/>
                    <PO_PrintName/>
                    <AD_Element_UU>4adef802-3603-4858-b723-bb393897dec5</AD_Element_UU>
                    <IsActive>true</IsActive>
                    <EntityType>U</EntityType>
                    <AD_Element_Trl type="translation">
                        <Help/>
                        <PO_Description/>
                        <PO_Help/>
                        <Name>qtyremaining</Name>
                        <Description/>
                        <PrintName>qtyremaining</PrintName>
                        <PO_Name/>
                        <PO_PrintName/>
                        <AD_Language>es_CO</AD_Language>
                        <IsActive>true</IsActive>
                        <IsTranslated>false</IsTranslated>
                    </AD_Element_Trl>
                </AD_Element>
                <AD_Column type="table">
                    <IsSyncDatabase>Y</IsSyncDatabase>
                    <AD_Table_ID reference="uuid" reference-key="AD_Table">b1f5df6d-db07-44c9-93bc-dcbd7a12ce45</AD_Table_ID>
                    <AD_Reference_Value_ID reference="id"/>
                    <AD_Client_ID>0</AD_Client_ID>
                    <AD_Org_ID>0</AD_Org_ID>
                    <SeqNoSelection/>
                    <Version>0.0</Version>
                    <ValueMax/>
                    <IsMandatory>false</IsMandatory>
                    <IsTranslated>false</IsTranslated>
                    <IsIdentifier>false</IsIdentifier>
                    <SeqNo/>
                    <ValueMin/>
                    <IsParent>false</IsParent>
                    <FieldLength>131089</FieldLength>
                    <IsSelectionColumn>false</IsSelectionColumn>
                    <IsKey>false</IsKey>
                    <ReadOnlyLogic/>
                    <IsAutocomplete>false</IsAutocomplete>
                    <IsAllowLogging>true</IsAllowLogging>
                    <MandatoryLogic/>
                    <FormatPattern/>
                    <AD_Column_UU>30e9208d-b96b-4968-9ce6-5aaca9fcfdfa</AD_Column_UU>
                    <IsUpdateable>true</IsUpdateable>
                    <Callout/>
                    <ColumnName>QtyRemaining</ColumnName>
                    <Description/>
                    <ColumnSQL/>
                    <DefaultValue/>
                    <Help/>
                    <Name>Qty Remaining</Name>
                    <IsAllowCopy>true</IsAllowCopy>
                    <IsActive>true</IsActive>
                    <IsToolbarButton>true</IsToolbarButton>
                    <IsAlwaysUpdateable>false</IsAlwaysUpdateable>
                    <VFormat/>
                    <IsEncrypted>N</IsEncrypted>
                    <IsSecure>false</IsSecure>
                    <AD_Chart_ID reference="id"/>
                    <FKConstraintName/>
                    <FKConstraintType>N</FKConstraintType>
                    <AD_Element_ID reference="uuid" reference-key="AD_Element">4adef802-3603-4858-b723-bb393897dec5</AD_Element_ID>
                    <AD_Reference_ID reference="id">29</AD_Reference_ID>
                    <AD_Val_Rule_ID reference="id"/>
                    <AD_Process_ID reference="id"/>
                    <EntityType>U</EntityType>
                </AD_Column>
                <AD_Column type="table">
                    <IsSyncDatabase>Y</IsSyncDatabase>
                    <AD_Table_ID reference="uuid" reference-key="AD_Table">b1f5df6d-db07-44c9-93bc-dcbd7a12ce45</AD_Table_ID>
                    <AD_Reference_Value_ID reference="id"/>
                    <AD_Client_ID>0</AD_Client_ID>
                    <AD_Org_ID>0</AD_Org_ID>
                    <SeqNoSelection/>
                    <Version>0.0</Version>
                    <ValueMax/>
                    <IsMandatory>false</IsMandatory>
                    <IsTranslated>false</IsTranslated>
                    <IsIdentifier>false</IsIdentifier>
                    <SeqNo/>
                    <ValueMin/>
                    <IsParent>false</IsParent>
                    <FieldLength>131089</FieldLength>
                    <IsSelectionColumn>false</IsSelectionColumn>
                    <IsKey>false</IsKey>
                    <ReadOnlyLogic/>
                    <IsAutocomplete>false</IsAutocomplete>
                    <IsAllowLogging>true</IsAllowLogging>
                    <MandatoryLogic/>
                    <FormatPattern/>
                    <AD_Column_UU>9411fccb-306b-4d59-adcf-6ea339810d3f</AD_Column_UU>
                    <IsUpdateable>false</IsUpdateable>
                    <Callout/>
                    <ColumnName>PriceEntered</ColumnName>
                    <Description>Price Entered - the price based on the selected/base UoM</Description>
                    <ColumnSQL/>
                    <DefaultValue/>
                    <Help>The price entered is converted to the actual price based on the UoM conversion</Help>
                    <Name>Price</Name>
                    <IsAllowCopy>true</IsAllowCopy>
                    <IsActive>true</IsActive>
                    <IsToolbarButton>true</IsToolbarButton>
                    <IsAlwaysUpdateable>false</IsAlwaysUpdateable>
                    <VFormat/>
                    <IsEncrypted>N</IsEncrypted>
                    <IsSecure>false</IsSecure>
                    <AD_Chart_ID reference="id"/>
                    <FKConstraintName/>
                    <FKConstraintType>N</FKConstraintType>
                    <AD_Element_ID reference="id">2588</AD_Element_ID>
                    <AD_Reference_ID reference="id">37</AD_Reference_ID>
                    <AD_Val_Rule_ID reference="id"/>
                    <AD_Process_ID reference="id"/>
                    <EntityType>U</EntityType>
                </AD_Column>
                <AD_Element type="table">
                    <AD_Client_ID>0</AD_Client_ID>
                    <AD_Org_ID>0</AD_Org_ID>
                    <ColumnName>CurrentCost</ColumnName>
                    <Help/>
                    <PO_Description/>
                    <PO_Help/>
                    <Name>Current Cost</Name>
                    <Description/>
                    <PrintName>Current Cost</PrintName>
                    <PO_Name/>
                    <PO_PrintName/>
                    <AD_Element_UU>d67740f5-4b3b-4d7f-885f-9fe2e94f91d1</AD_Element_UU>
                    <IsActive>true</IsActive>
                    <EntityType>U</EntityType>
                    <AD_Element_Trl type="translation">
                        <Help/>
                        <PO_Description/>
                        <PO_Help/>
                        <Name>currentcost</Name>
                        <Description/>
                        <PrintName>currentcost</PrintName>
                        <PO_Name/>
                        <PO_PrintName/>
                        <AD_Language>es_CO</AD_Language>
                        <IsActive>true</IsActive>
                        <IsTranslated>false</IsTranslated>
                    </AD_Element_Trl>
                </AD_Element>
                <AD_Column type="table">
                    <IsSyncDatabase>Y</IsSyncDatabase>
                    <AD_Table_ID reference="uuid" reference-key="AD_Table">b1f5df6d-db07-44c9-93bc-dcbd7a12ce45</AD_Table_ID>
                    <AD_Reference_Value_ID reference="id"/>
                    <AD_Client_ID>0</AD_Client_ID>
                    <AD_Org_ID>0</AD_Org_ID>
                    <SeqNoSelection/>
                    <Version>0.0</Version>
                    <ValueMax/>
                    <IsMandatory>false</IsMandatory>
                    <IsTranslated>false</IsTranslated>
                    <IsIdentifier>false</IsIdentifier>
                    <SeqNo/>
                    <ValueMin/>
                    <IsParent>false</IsParent>
                    <FieldLength>131089</FieldLength>
                    <IsSelectionColumn>false</IsSelectionColumn>
                    <IsKey>false</IsKey>
                    <ReadOnlyLogic/>
                    <IsAutocomplete>false</IsAutocomplete>
                    <IsAllowLogging>true</IsAllowLogging>
                    <MandatoryLogic/>
                    <FormatPattern/>
                    <AD_Column_UU>06ba779c-0e0b-4d79-a3e9-bf448bfc8d79</AD_Column_UU>
                    <IsUpdateable>true</IsUpdateable>
                    <Callout/>
                    <ColumnName>CurrentCost</ColumnName>
                    <Description/>
                    <ColumnSQL/>
                    <DefaultValue/>
                    <Help/>
                    <Name>Current Cost</Name>
                    <IsAllowCopy>true</IsAllowCopy>
                    <IsActive>true</IsActive>
                    <IsToolbarButton>false</IsToolbarButton>
                    <IsAlwaysUpdateable>false</IsAlwaysUpdateable>
                    <VFormat/>
                    <IsEncrypted>N</IsEncrypted>
                    <IsSecure>false</IsSecure>
                    <AD_Chart_ID reference="id"/>
                    <FKConstraintName/>
                    <FKConstraintType/>
                    <AD_Element_ID reference="uuid" reference-key="AD_Element">d67740f5-4b3b-4d7f-885f-9fe2e94f91d1</AD_Element_ID>
                    <AD_Reference_ID reference="id">37</AD_Reference_ID>
                    <AD_Val_Rule_ID reference="id"/>
                    <AD_Process_ID reference="id"/>
                    <EntityType>U</EntityType>
                </AD_Column>
                <AD_Element type="table">
                    <AD_Client_ID>0</AD_Client_ID>
                    <AD_Org_ID>0</AD_Org_ID>
                    <ColumnName>FutureCost</ColumnName>
                    <Help/>
                    <PO_Description/>
                    <PO_Help/>
                    <Name>Future Cost</Name>
                    <Description/>
                    <PrintName>Future Cost</PrintName>
                    <PO_Name/>
                    <PO_PrintName/>
                    <AD_Element_UU>2032a6f9-cc7e-4372-8f40-89ef61228084</AD_Element_UU>
                    <IsActive>true</IsActive>
                    <EntityType>U</EntityType>
                    <AD_Element_Trl type="translation">
                        <Help/>
                        <PO_Description/>
                        <PO_Help/>
                        <Name>futurecost</Name>
                        <Description/>
                        <PrintName>futurecost</PrintName>
                        <PO_Name/>
                        <PO_PrintName/>
                        <AD_Language>es_CO</AD_Language>
                        <IsActive>true</IsActive>
                        <IsTranslated>false</IsTranslated>
                    </AD_Element_Trl>
                </AD_Element>
                <AD_Column type="table">
                    <IsSyncDatabase>Y</IsSyncDatabase>
                    <AD_Table_ID reference="uuid" reference-key="AD_Table">b1f5df6d-db07-44c9-93bc-dcbd7a12ce45</AD_Table_ID>
                    <AD_Reference_Value_ID reference="id"/>
                    <AD_Client_ID>0</AD_Client_ID>
                    <AD_Org_ID>0</AD_Org_ID>
                    <SeqNoSelection/>
                    <Version>0.0</Version>
                    <ValueMax/>
                    <IsMandatory>false</IsMandatory>
                    <IsTranslated>false</IsTranslated>
                    <IsIdentifier>false</IsIdentifier>
                    <SeqNo/>
                    <ValueMin/>
                    <IsParent>false</IsParent>
                    <FieldLength>131089</FieldLength>
                    <IsSelectionColumn>false</IsSelectionColumn>
                    <IsKey>false</IsKey>
                    <ReadOnlyLogic/>
                    <IsAutocomplete>false</IsAutocomplete>
                    <IsAllowLogging>true</IsAllowLogging>
                    <MandatoryLogic/>
                    <FormatPattern/>
                    <AD_Column_UU>8a1d8d59-d5ca-4a9d-b772-ac5000dd2736</AD_Column_UU>
                    <IsUpdateable>true</IsUpdateable>
                    <Callout/>
                    <ColumnName>FutureCost</ColumnName>
                    <Description/>
                    <ColumnSQL/>
                    <DefaultValue/>
                    <Help/>
                    <Name>Future Cost</Name>
                    <IsAllowCopy>true</IsAllowCopy>
                    <IsActive>true</IsActive>
                    <IsToolbarButton>false</IsToolbarButton>
                    <IsAlwaysUpdateable>false</IsAlwaysUpdateable>
                    <VFormat/>
                    <IsEncrypted>N</IsEncrypted>
                    <IsSecure>false</IsSecure>
                    <AD_Chart_ID reference="id"/>
                    <FKConstraintName/>
                    <FKConstraintType/>
                    <AD_Element_ID reference="uuid" reference-key="AD_Element">2032a6f9-cc7e-4372-8f40-89ef61228084</AD_Element_ID>
                    <AD_Reference_ID reference="id">37</AD_Reference_ID>
                    <AD_Val_Rule_ID reference="id"/>
                    <AD_Process_ID reference="id"/>
                    <EntityType>U</EntityType>
                </AD_Column>
                <AD_Column type="table">
                    <IsSyncDatabase>Y</IsSyncDatabase>
                    <AD_Table_ID reference="uuid" reference-key="AD_Table">b1f5df6d-db07-44c9-93bc-dcbd7a12ce45</AD_Table_ID>
                    <AD_Reference_Value_ID reference="id"/>
                    <AD_Client_ID>0</AD_Client_ID>
                    <AD_Org_ID>0</AD_Org_ID>
                    <SeqNoSelection/>
                    <Version>0.0</Version>
                    <ValueMax/>
                    <IsMandatory>false</IsMandatory>
                    <IsTranslated>false</IsTranslated>
                    <IsIdentifier>false</IsIdentifier>
                    <SeqNo/>
                    <ValueMin/>
                    <IsParent>false</IsParent>
                    <FieldLength>131089</FieldLength>
                    <IsSelectionColumn>false</IsSelectionColumn>
                    <IsKey>false</IsKey>
                    <ReadOnlyLogic/>
                    <IsAutocomplete>false</IsAutocomplete>
                    <IsAllowLogging>true</IsAllowLogging>
                    <MandatoryLogic/>
                    <FormatPattern/>
                    <AD_Column_UU>c0e8ad99-4711-4392-a523-77e2abbaa81a</AD_Column_UU>
                    <IsUpdateable>true</IsUpdateable>
                    <Callout/>
                    <ColumnName>CostDelta</ColumnName>
                    <Description/>
                    <ColumnSQL/>
                    <DefaultValue/>
                    <Help/>
                    <Name>Cost Delta</Name>
                    <IsAllowCopy>true</IsAllowCopy>
                    <IsActive>true</IsActive>
                    <IsToolbarButton>true</IsToolbarButton>
                    <IsAlwaysUpdateable>false</IsAlwaysUpdateable>
                    <VFormat/>
                    <IsEncrypted>N</IsEncrypted>
                    <IsSecure>false</IsSecure>
                    <AD_Chart_ID reference="id"/>
                    <FKConstraintName/>
                    <FKConstraintType>N</FKConstraintType>
                    <AD_Element_ID reference="uuid" reference-key="AD_Element">ff29e675-2c0d-42f2-bf6c-91d1a685e21c</AD_Element_ID>
                    <AD_Reference_ID reference="id">12</AD_Reference_ID>
                    <AD_Val_Rule_ID reference="id"/>
                    <AD_Process_ID reference="id"/>
                    <EntityType>U</EntityType>
                </AD_Column>
                <AD_Column type="table">
                    <IsSyncDatabase>Y</IsSyncDatabase>
                    <AD_Table_ID reference="uuid" reference-key="AD_Table">b1f5df6d-db07-44c9-93bc-dcbd7a12ce45</AD_Table_ID>
                    <AD_Reference_Value_ID reference="id"/>
                    <AD_Client_ID>0</AD_Client_ID>
                    <AD_Org_ID>0</AD_Org_ID>
                    <SeqNoSelection/>
                    <Version>0.0</Version>
                    <ValueMax/>
                    <IsMandatory>false</IsMandatory>
                    <IsTranslated>false</IsTranslated>
                    <IsIdentifier>false</IsIdentifier>
                    <SeqNo/>
                    <ValueMin/>
                    <IsParent>false</IsParent>
                    <FieldLength>10</FieldLength>
                    <IsSelectionColumn>false</IsSelectionColumn>
                    <IsKey>false</IsKey>
                    <ReadOnlyLogic/>
                    <IsAutocomplete>false</IsAutocomplete>
                    <IsAllowLogging>true</IsAllowLogging>
                    <MandatoryLogic/>
                    <FormatPattern/>
                    <AD_Column_UU>72a9d5bf-b465-4f87-a385-50bf76234296</AD_Column_UU>
                    <IsUpdateable>false</IsUpdateable>
                    <Callout/>
                    <ColumnName>AD_Client_ID</ColumnName>
                    <Description>Client/Tenant for this installation.</Description>
                    <ColumnSQL/>
                    <DefaultValue>@#AD_Client_ID@</DefaultValue>
                    <Help>A Client is a company or a legal entity. You cannot share data between Clients. Tenant is a synonym for Client.</Help>
                    <Name>Client</Name>
                    <IsAllowCopy>true</IsAllowCopy>
                    <IsActive>true</IsActive>
                    <IsToolbarButton>true</IsToolbarButton>
                    <IsAlwaysUpdateable>false</IsAlwaysUpdateable>
                    <VFormat/>
                    <IsEncrypted>N</IsEncrypted>
                    <IsSecure>false</IsSecure>
                    <AD_Chart_ID reference="id"/>
                    <FKConstraintName/>
                    <FKConstraintType>N</FKConstraintType>
                    <AD_Element_ID reference="id">102</AD_Element_ID>
                    <AD_Reference_ID reference="id">19</AD_Reference_ID>
                    <AD_Val_Rule_ID reference="id">129</AD_Val_Rule_ID>
                    <AD_Process_ID reference="id"/>
                    <EntityType>U</EntityType>
                </AD_Column>
                <AD_Column type="table">
                    <IsSyncDatabase>Y</IsSyncDatabase>
                    <AD_Table_ID reference="uuid" reference-key="AD_Table">b1f5df6d-db07-44c9-93bc-dcbd7a12ce45</AD_Table_ID>
                    <AD_Reference_Value_ID reference="id"/>
                    <AD_Client_ID>0</AD_Client_ID>
                    <AD_Org_ID>0</AD_Org_ID>
                    <SeqNoSelection/>
                    <Version>0.0</Version>
                    <ValueMax/>
                    <IsMandatory>false</IsMandatory>
                    <IsTranslated>false</IsTranslated>
                    <IsIdentifier>false</IsIdentifier>
                    <SeqNo/>
                    <ValueMin/>
                    <IsParent>false</IsParent>
                    <FieldLength>10</FieldLength>
                    <IsSelectionColumn>false</IsSelectionColumn>
                    <IsKey>false</IsKey>
                    <ReadOnlyLogic/>
                    <IsAutocomplete>false</IsAutocomplete>
                    <IsAllowLogging>true</IsAllowLogging>
                    <MandatoryLogic/>
                    <FormatPattern/>
                    <AD_Column_UU>bef6f628-3d46-4609-a596-0dd8cecd1893</AD_Column_UU>
                    <IsUpdateable>false</IsUpdateable>
                    <Callout/>
                    <ColumnName>C_AcctSchema_ID</ColumnName>
                    <Description>Rules for accounting</Description>
                    <ColumnSQL/>
                    <DefaultValue/>
                    <Help>An Accounting Schema defines the rules used in accounting such as costing method, currency and calendar</Help>
                    <Name>Accounting Schema</Name>
                    <IsAllowCopy>true</IsAllowCopy>
                    <IsActive>true</IsActive>
                    <IsToolbarButton>false</IsToolbarButton>
                    <IsAlwaysUpdateable>false</IsAlwaysUpdateable>
                    <VFormat/>
                    <IsEncrypted>N</IsEncrypted>
                    <IsSecure>false</IsSecure>
                    <AD_Chart_ID reference="id"/>
                    <FKConstraintName/>
                    <FKConstraintType/>
                    <AD_Element_ID reference="id">181</AD_Element_ID>
                    <AD_Reference_ID reference="id">30</AD_Reference_ID>
                    <AD_Val_Rule_ID reference="id"/>
                    <AD_Process_ID reference="id"/>
                    <EntityType>U</EntityType>
                </AD_Column>
                <AD_Column type="table">
                    <IsSyncDatabase>Y</IsSyncDatabase>
                    <AD_Table_ID reference="uuid" reference-key="AD_Table">b1f5df6d-db07-44c9-93bc-dcbd7a12ce45</AD_Table_ID>
                    <AD_Reference_Value_ID reference="id"/>
                    <AD_Client_ID>0</AD_Client_ID>
                    <AD_Org_ID>0</AD_Org_ID>
                    <SeqNoSelection/>
                    <Version>0.0</Version>
                    <ValueMax/>
                    <IsMandatory>false</IsMandatory>
                    <IsTranslated>false</IsTranslated>
                    <IsIdentifier>false</IsIdentifier>
                    <SeqNo/>
                    <ValueMin/>
                    <IsParent>false</IsParent>
                    <FieldLength>10</FieldLength>
                    <IsSelectionColumn>false</IsSelectionColumn>
                    <IsKey>false</IsKey>
                    <ReadOnlyLogic/>
                    <IsAutocomplete>false</IsAutocomplete>
                    <IsAllowLogging>true</IsAllowLogging>
                    <MandatoryLogic/>
                    <FormatPattern/>
                    <AD_Column_UU>5db02a07-02a7-414f-bc29-972f84b32893</AD_Column_UU>
                    <IsUpdateable>false</IsUpdateable>
                    <Callout/>
                    <ColumnName>M_CostType_ID</ColumnName>
                    <Description>Type of Cost (e.g. Current, Plan, Future)</Description>
                    <ColumnSQL/>
                    <DefaultValue/>
                    <Help>You can define multiple cost types. A cost type selected in an Accounting Schema is used for accounting.</Help>
                    <Name>Cost Type</Name>
                    <IsAllowCopy>true</IsAllowCopy>
                    <IsActive>true</IsActive>
                    <IsToolbarButton>false</IsToolbarButton>
                    <IsAlwaysUpdateable>false</IsAlwaysUpdateable>
                    <VFormat/>
                    <IsEncrypted>N</IsEncrypted>
                    <IsSecure>false</IsSecure>
                    <AD_Chart_ID reference="id"/>
                    <FKConstraintName/>
                    <FKConstraintType/>
                    <AD_Element_ID reference="id">2071</AD_Element_ID>
                    <AD_Reference_ID reference="id">30</AD_Reference_ID>
                    <AD_Val_Rule_ID reference="id"/>
                    <AD_Process_ID reference="id"/>
                    <EntityType>U</EntityType>
                </AD_Column>
            </AD_Table>
            <AD_ReportView type="table">
                <AD_Client_ID>0</AD_Client_ID>
                <AD_Org_ID>0</AD_Org_ID>
                <EntityType>U</EntityType>
                <Description/>
                <OrderByClause/>
                <WhereClause/>
                <AD_ReportView_UU>5df8b6c6-00b6-450e-a6ec-dc8d43c220db</AD_ReportView_UU>
                <Name>ChuBoe_Future_Cost_Scheduled_Order</Name>
                <IsActive>true</IsActive>
                <AD_Table_ID reference="uuid" reference-key="AD_Table">b1f5df6d-db07-44c9-93bc-dcbd7a12ce45</AD_Table_ID>
            </AD_ReportView>
            <AD_Process type="table">
                <AD_Client_ID>0</AD_Client_ID>
                <AD_Org_ID>0</AD_Org_ID>
                <CopyFromProcess>N</CopyFromProcess>
                <Help/>
                <JasperReport/>
                <IsDirectPrint>false</IsDirectPrint>
                <IsReport>true</IsReport>
                <AD_Process_UU>2a40ea78-ad99-48db-9fbd-15cd3f1c95e1</AD_Process_UU>
                <AccessLevel>3</AccessLevel>
                <IsBetaFunctionality>false</IsBetaFunctionality>
                <WorkflowValue/>
                <IsServerProcess>false</IsServerProcess>
                <Statistic_Seconds>0</Statistic_Seconds>
                <Statistic_Count>0</Statistic_Count>
                <ShowHelp>Y</ShowHelp>
                <Description/>
                <Name>ChuBoe_Future_Cost_Scheduled_Order</Name>
                <IsActive>true</IsActive>
                <AD_CtxHelp_ID reference="id"/>
                <ProcedureName/>
                <Classname/>
                <Value>ChuBoe_Future_Cost_Scheduled_Order</Value>
                <AD_Form_ID reference="id"/>
                <AD_PrintFormat_ID reference="id"/>
                <AD_ReportView_ID reference="uuid" reference-key="AD_ReportView">5df8b6c6-00b6-450e-a6ec-dc8d43c220db</AD_ReportView_ID>
                <AD_Workflow_ID reference="id"/>
                <EntityType>U</EntityType>
                <AD_Process_Trl type="translation">
                    <Help/>
                    <Description/>
                    <Name>ChuBoe_Future_Cost_Scheduled_Order</Name>
                    <AD_Language>es_CO</AD_Language>
                    <IsActive>true</IsActive>
                    <IsTranslated>false</IsTranslated>
                </AD_Process_Trl>
                <AD_Process_Para type="table">
                    <AD_Client_ID>0</AD_Client_ID>
                    <AD_Org_ID>0</AD_Org_ID>
                    <IsRange>false</IsRange>
                    <AD_Process_Para_UU>b7709d34-0fa3-419f-9b20-bf695041bbe6</AD_Process_Para_UU>
                    <Help>An Accounting Schema defines the rules used in accounting such as costing method, currency and calendar</Help>
                    <AD_Process_ID reference="uuid" reference-key="AD_Process">2a40ea78-ad99-48db-9fbd-15cd3f1c95e1</AD_Process_ID>
                    <ValueMin/>
                    <IsMandatory>false</IsMandatory>
                    <ReadOnlyLogic/>
                    <DisplayLogic/>
                    <Name>Accounting Schema</Name>
                    <ColumnName>C_AcctSchema_ID</ColumnName>
                    <Description>Rules for accounting</Description>
                    <FieldLength>0</FieldLength>
                    <ValueMax/>
                    <IsCentrallyMaintained>true</IsCentrallyMaintained>
                    <DefaultValue2/>
                    <VFormat/>
                    <SeqNo>10</SeqNo>
                    <DefaultValue/>
                    <IsActive>true</IsActive>
                    <IsEncrypted>false</IsEncrypted>
                    <AD_Element_ID reference="id">181</AD_Element_ID>
                    <AD_Reference_ID reference="id">19</AD_Reference_ID>
                    <AD_Reference_Value_ID reference="id"/>
                    <AD_Val_Rule_ID reference="id"/>
                    <EntityType>U</EntityType>
                    <AD_Process_Para_Trl type="translation">
                        <Help>An Accounting Schema defines the rules used in accounting such as costing method, currency and calendar</Help>
                        <Name>Accounting Schema</Name>
                        <Description>Rules for accounting</Description>
                        <AD_Language>es_CO</AD_Language>
                        <IsActive>true</IsActive>
                        <IsTranslated>false</IsTranslated>
                    </AD_Process_Para_Trl>
                </AD_Process_Para>
                <AD_Process_Para type="table">
                    <AD_Client_ID>0</AD_Client_ID>
                    <AD_Org_ID>0</AD_Org_ID>
                    <IsRange>false</IsRange>
                    <AD_Process_Para_UU>8b5d4179-8498-4e9d-8691-94fac2e77618</AD_Process_Para_UU>
                    <Help>You can define multiple cost types. A cost type selected in an Accounting Schema is used for accounting.</Help>
                    <AD_Process_ID reference="uuid" reference-key="AD_Process">2a40ea78-ad99-48db-9fbd-15cd3f1c95e1</AD_Process_ID>
                    <ValueMin/>
                    <IsMandatory>false</IsMandatory>
                    <ReadOnlyLogic/>
                    <DisplayLogic/>
                    <Name>Cost Type</Name>
                    <ColumnName>M_CostType_ID</ColumnName>
                    <Description>Type of Cost (e.g. Current, Plan, Future)</Description>
                    <FieldLength>0</FieldLength>
                    <ValueMax/>
                    <IsCentrallyMaintained>true</IsCentrallyMaintained>
                    <DefaultValue2/>
                    <VFormat/>
                    <SeqNo>20</SeqNo>
                    <DefaultValue/>
                    <IsActive>true</IsActive>
                    <IsEncrypted>false</IsEncrypted>
                    <AD_Element_ID reference="id">2071</AD_Element_ID>
                    <AD_Reference_ID reference="id">19</AD_Reference_ID>
                    <AD_Reference_Value_ID reference="id"/>
                    <AD_Val_Rule_ID reference="id"/>
                    <EntityType>U</EntityType>
                    <AD_Process_Para_Trl type="translation">
                        <Help>You can define multiple cost types. A cost type selected in an Accounting Schema is used for accounting.</Help>
                        <Name>Cost Type</Name>
                        <Description>Type of Cost (e.g. Current, Plan, Future)</Description>
                        <AD_Language>es_CO</AD_Language>
                        <IsActive>true</IsActive>
                        <IsTranslated>false</IsTranslated>
                    </AD_Process_Para_Trl>
                </AD_Process_Para>
            </AD_Process>
        </AD_Menu>
    </AD_Menu>
</idempiere>
