<?xml version="1.0" encoding="UTF-8"?>
<idempiere Name="Audit Go-Live Summary" Version="1" idempiereVersion="" DataBaseVersion="" Description="" Author="" AuthorEmail="" CreatedDate="2014-04-09 23:13:51.53" UpdatedDate="2014-04-09 23:13:51.53" PackOutVersion="100" UpdateDictionary="false" Client="0-SYSTEM-System" AD_Client_UU="11237b53-9592-4af1-b3c5-afd216514b5d">
    <SQLStatement type="custom">
        <DBType>ALL</DBType>
        <statement><![CDATA[create view chuboe_audit_bpname_v as
select bp.ad_client_id, bp.ad_org_id, bp.created, bp.createdby, bp.updated, bp.updatedby, bp.c_bpartner_id, bp.c_bp_group_id, bp.name, 'BP Name Contains the word ''test'' at least one time: ('||bp.name||')'::text as audittext
from c_bpartner bp
where bp.name like '%test%';]]></statement>
    </SQLStatement>
    <AD_Menu type="table">
        <SeqNo>999</SeqNo>
        <AD_Client_ID>0</AD_Client_ID>
        <AD_Org_ID>0</AD_Org_ID>
        <AD_Task_ID reference="id"/>
        <AD_Window_ID reference="uuid" reference-key="AD_Window">f41f8747-8c12-419e-abf5-820b98da7182</AD_Window_ID>
        <IsSummary>false</IsSummary>
        <IsSOTrx>false</IsSOTrx>
        <IsReadOnly>false</IsReadOnly>
        <AD_Process_ID reference="id"/>
        <IsCentrallyMaintained>true</IsCentrallyMaintained>
        <Name>Audit (Go-Live) Summary</Name>
        <Description/>
        <AD_Menu_UU>fab9a6bd-dac1-45de-a94e-466e66a0cba5</AD_Menu_UU>
        <AD_Workflow_ID reference="id"/>
        <Action>W</Action>
        <IsActive>true</IsActive>
        <AD_InfoWindow_ID reference="id"/>
        <AD_Form_ID reference="id"/>
        <EntityType>U</EntityType>
        <AD_Menu_Trl type="translation">
            <Name>Audit (Go-Live) Summary</Name>
            <Description/>
            <AD_Language>es_CO</AD_Language>
            <IsActive>true</IsActive>
            <IsTranslated>false</IsTranslated>
        </AD_Menu_Trl>
        <AD_Menu_Trl type="translation">
            <Name>Audit (Go-Live) Summary</Name>
            <Description/>
            <AD_Language>fr_FR</AD_Language>
            <IsActive>true</IsActive>
            <IsTranslated>false</IsTranslated>
        </AD_Menu_Trl>
        <AD_Window type="table">
            <AD_Client_ID>0</AD_Client_ID>
            <AD_Org_ID>0</AD_Org_ID>
            <Processing>false</Processing>
            <WindowType>M</WindowType>
            <Help/>
            <IsSOTrx>true</IsSOTrx>
            <IsDefault>false</IsDefault>
            <IsBetaFunctionality>false</IsBetaFunctionality>
            <WinHeight>0</WinHeight>
            <WinWidth>0</WinWidth>
            <EntityType>U</EntityType>
            <Name>Audit (Go-Live) Summary</Name>
            <Description>Used to show known issues</Description>
            <AD_Window_UU>f41f8747-8c12-419e-abf5-820b98da7182</AD_Window_UU>
            <IsActive>true</IsActive>
            <TitleLogic/>
            <AD_Color_ID reference="id"/>
            <AD_Image_ID reference="id"/>
            <AD_Window_Trl type="translation">
                <Help/>
                <Name>Audit Summary</Name>
                <Description/>
                <AD_Language>es_CO</AD_Language>
                <IsActive>true</IsActive>
                <IsTranslated>false</IsTranslated>
            </AD_Window_Trl>
            <AD_Window_Trl type="translation">
                <Help/>
                <Name>Audit Summary</Name>
                <Description/>
                <AD_Language>fr_FR</AD_Language>
                <IsActive>true</IsActive>
                <IsTranslated>false</IsTranslated>
            </AD_Window_Trl>
            <AD_Table type="table">
                <AD_Client_ID>0</AD_Client_ID>
                <AD_Org_ID>0</AD_Org_ID>
                <ImportTable>N</ImportTable>
                <CopyColumnsFromTable>N</CopyColumnsFromTable>
                <IsSecurityEnabled>false</IsSecurityEnabled>
                <AccessLevel>3</AccessLevel>
                <Help/>
                <LoadSeq>0</LoadSeq>
                <IsHighVolume>false</IsHighVolume>
                <IsView>true</IsView>
                <IsChangeLog>false</IsChangeLog>
                <EntityType>U</EntityType>
                <ReplicationType>L</ReplicationType>
                <AD_Table_UU>bff4f027-e626-4df7-923c-deac5a10352a</AD_Table_UU>
                <IsCentrallyMaintained>true</IsCentrallyMaintained>
                <IsDeleteable>false</IsDeleteable>
                <TableName>ChuBoe_Audit_BPName_V</TableName>
                <Description/>
                <Name>ChuBoe_Audit_BPName_V</Name>
                <IsActive>true</IsActive>
                <Processing>false</Processing>
                <DatabaseViewDrop>N</DatabaseViewDrop>
                <AD_Val_Rule_ID reference="id"/>
                <AD_Window_ID reference="id"/>
                <PO_Window_ID reference="id"/>
                <AD_Column type="table">
                    <IsSyncDatabase>Y</IsSyncDatabase>
                    <AD_Table_ID reference="uuid" reference-key="AD_Table">bff4f027-e626-4df7-923c-deac5a10352a</AD_Table_ID>
                    <AD_Reference_Value_ID reference="id"/>
                    <AD_Client_ID>0</AD_Client_ID>
                    <AD_Org_ID>0</AD_Org_ID>
                    <SeqNoSelection/>
                    <Version>0.0</Version>
                    <ValueMax/>
                    <IsMandatory>false</IsMandatory>
                    <IsTranslated>false</IsTranslated>
                    <IsIdentifier>false</IsIdentifier>
                    <SeqNo/>
                    <ValueMin/>
                    <IsParent>false</IsParent>
                    <FieldLength>10</FieldLength>
                    <IsSelectionColumn>false</IsSelectionColumn>
                    <IsKey>false</IsKey>
                    <ReadOnlyLogic/>
                    <IsAutocomplete>false</IsAutocomplete>
                    <IsAllowLogging>true</IsAllowLogging>
                    <MandatoryLogic/>
                    <FormatPattern/>
                    <AD_Column_UU>8fb4b5fb-8f2d-4ef8-b5ae-6fa7dc4617c9</AD_Column_UU>
                    <IsUpdateable>false</IsUpdateable>
                    <Callout/>
                    <ColumnName>AD_Client_ID</ColumnName>
                    <Description>Client/Tenant for this installation.</Description>
                    <ColumnSQL/>
                    <DefaultValue>@#AD_Client_ID@</DefaultValue>
                    <Help>A Client is a company or a legal entity. You cannot share data between Clients. Tenant is a synonym for Client.</Help>
                    <Name>Client</Name>
                    <IsAllowCopy>true</IsAllowCopy>
                    <IsActive>true</IsActive>
                    <IsToolbarButton>true</IsToolbarButton>
                    <IsAlwaysUpdateable>false</IsAlwaysUpdateable>
                    <EntityType>U</EntityType>
                    <VFormat/>
                    <IsEncrypted>N</IsEncrypted>
                    <IsSecure>false</IsSecure>
                    <FKConstraintType>N</FKConstraintType>
                    <FKConstraintName/>
                    <AD_Element_ID reference="id">102</AD_Element_ID>
                    <AD_Reference_ID reference="id">19</AD_Reference_ID>
                    <AD_Val_Rule_ID reference="id">129</AD_Val_Rule_ID>
                    <AD_Chart_ID reference="id"/>
                    <AD_Process_ID reference="id"/>
                </AD_Column>
                <AD_Column type="table">
                    <IsSyncDatabase>Y</IsSyncDatabase>
                    <AD_Table_ID reference="uuid" reference-key="AD_Table">bff4f027-e626-4df7-923c-deac5a10352a</AD_Table_ID>
                    <AD_Reference_Value_ID reference="id"/>
                    <AD_Client_ID>0</AD_Client_ID>
                    <AD_Org_ID>0</AD_Org_ID>
                    <SeqNoSelection/>
                    <Version>0.0</Version>
                    <ValueMax/>
                    <IsMandatory>false</IsMandatory>
                    <IsTranslated>false</IsTranslated>
                    <IsIdentifier>false</IsIdentifier>
                    <SeqNo/>
                    <ValueMin/>
                    <IsParent>false</IsParent>
                    <FieldLength>10</FieldLength>
                    <IsSelectionColumn>false</IsSelectionColumn>
                    <IsKey>false</IsKey>
                    <ReadOnlyLogic/>
                    <IsAutocomplete>false</IsAutocomplete>
                    <IsAllowLogging>true</IsAllowLogging>
                    <MandatoryLogic/>
                    <FormatPattern/>
                    <AD_Column_UU>543d39e3-86f6-42c3-827f-e841a6d2da9f</AD_Column_UU>
                    <IsUpdateable>false</IsUpdateable>
                    <Callout/>
                    <ColumnName>AD_Org_ID</ColumnName>
                    <Description>Organizational entity within client</Description>
                    <ColumnSQL/>
                    <DefaultValue>@#AD_Org_ID@</DefaultValue>
                    <Help>An organization is a unit of your client or legal entity - examples are store, department. You can share data between organizations.</Help>
                    <Name>Organization</Name>
                    <IsAllowCopy>true</IsAllowCopy>
                    <IsActive>true</IsActive>
                    <IsToolbarButton>true</IsToolbarButton>
                    <IsAlwaysUpdateable>false</IsAlwaysUpdateable>
                    <EntityType>U</EntityType>
                    <VFormat/>
                    <IsEncrypted>N</IsEncrypted>
                    <IsSecure>false</IsSecure>
                    <FKConstraintType>N</FKConstraintType>
                    <FKConstraintName/>
                    <AD_Element_ID reference="id">113</AD_Element_ID>
                    <AD_Reference_ID reference="id">19</AD_Reference_ID>
                    <AD_Val_Rule_ID reference="id">104</AD_Val_Rule_ID>
                    <AD_Chart_ID reference="id"/>
                    <AD_Process_ID reference="id"/>
                </AD_Column>
                <AD_Column type="table">
                    <IsSyncDatabase>Y</IsSyncDatabase>
                    <AD_Table_ID reference="uuid" reference-key="AD_Table">bff4f027-e626-4df7-923c-deac5a10352a</AD_Table_ID>
                    <AD_Reference_Value_ID reference="id"/>
                    <AD_Client_ID>0</AD_Client_ID>
                    <AD_Org_ID>0</AD_Org_ID>
                    <SeqNoSelection/>
                    <Version>0.0</Version>
                    <ValueMax/>
                    <IsMandatory>false</IsMandatory>
                    <IsTranslated>false</IsTranslated>
                    <IsIdentifier>false</IsIdentifier>
                    <SeqNo/>
                    <ValueMin/>
                    <IsParent>false</IsParent>
                    <FieldLength>29</FieldLength>
                    <IsSelectionColumn>false</IsSelectionColumn>
                    <IsKey>false</IsKey>
                    <ReadOnlyLogic/>
                    <IsAutocomplete>false</IsAutocomplete>
                    <IsAllowLogging>true</IsAllowLogging>
                    <MandatoryLogic/>
                    <FormatPattern/>
                    <AD_Column_UU>81160c3b-aa33-4138-9c36-de328297f84d</AD_Column_UU>
                    <IsUpdateable>false</IsUpdateable>
                    <Callout/>
                    <ColumnName>Created</ColumnName>
                    <Description>Date this record was created</Description>
                    <ColumnSQL/>
                    <DefaultValue/>
                    <Help>The Created field indicates the date that this record was created.</Help>
                    <Name>Created</Name>
                    <IsAllowCopy>true</IsAllowCopy>
                    <IsActive>true</IsActive>
                    <IsToolbarButton>true</IsToolbarButton>
                    <IsAlwaysUpdateable>false</IsAlwaysUpdateable>
                    <EntityType>U</EntityType>
                    <VFormat/>
                    <IsEncrypted>N</IsEncrypted>
                    <IsSecure>false</IsSecure>
                    <FKConstraintType>N</FKConstraintType>
                    <FKConstraintName/>
                    <AD_Element_ID reference="id">245</AD_Element_ID>
                    <AD_Reference_ID reference="id">16</AD_Reference_ID>
                    <AD_Val_Rule_ID reference="id"/>
                    <AD_Chart_ID reference="id"/>
                    <AD_Process_ID reference="id"/>
                </AD_Column>
                <AD_Column type="table">
                    <IsSyncDatabase>Y</IsSyncDatabase>
                    <AD_Table_ID reference="uuid" reference-key="AD_Table">bff4f027-e626-4df7-923c-deac5a10352a</AD_Table_ID>
                    <AD_Reference_Value_ID reference="id">110</AD_Reference_Value_ID>
                    <AD_Client_ID>0</AD_Client_ID>
                    <AD_Org_ID>0</AD_Org_ID>
                    <SeqNoSelection/>
                    <Version>0.0</Version>
                    <ValueMax/>
                    <IsMandatory>false</IsMandatory>
                    <IsTranslated>false</IsTranslated>
                    <IsIdentifier>false</IsIdentifier>
                    <SeqNo/>
                    <ValueMin/>
                    <IsParent>false</IsParent>
                    <FieldLength>10</FieldLength>
                    <IsSelectionColumn>false</IsSelectionColumn>
                    <IsKey>false</IsKey>
                    <ReadOnlyLogic/>
                    <IsAutocomplete>false</IsAutocomplete>
                    <IsAllowLogging>true</IsAllowLogging>
                    <MandatoryLogic/>
                    <FormatPattern/>
                    <AD_Column_UU>ca1aacf3-6d88-4e5a-912d-29de2efad601</AD_Column_UU>
                    <IsUpdateable>false</IsUpdateable>
                    <Callout/>
                    <ColumnName>CreatedBy</ColumnName>
                    <Description>User who created this records</Description>
                    <ColumnSQL/>
                    <DefaultValue/>
                    <Help>The Created By field indicates the user who created this record.</Help>
                    <Name>Created By</Name>
                    <IsAllowCopy>true</IsAllowCopy>
                    <IsActive>true</IsActive>
                    <IsToolbarButton>true</IsToolbarButton>
                    <IsAlwaysUpdateable>false</IsAlwaysUpdateable>
                    <EntityType>U</EntityType>
                    <VFormat/>
                    <IsEncrypted>N</IsEncrypted>
                    <IsSecure>false</IsSecure>
                    <FKConstraintType>N</FKConstraintType>
                    <FKConstraintName/>
                    <AD_Element_ID reference="id">246</AD_Element_ID>
                    <AD_Reference_ID reference="id">18</AD_Reference_ID>
                    <AD_Val_Rule_ID reference="id"/>
                    <AD_Chart_ID reference="id"/>
                    <AD_Process_ID reference="id"/>
                </AD_Column>
                <AD_Column type="table">
                    <IsSyncDatabase>Y</IsSyncDatabase>
                    <AD_Table_ID reference="uuid" reference-key="AD_Table">bff4f027-e626-4df7-923c-deac5a10352a</AD_Table_ID>
                    <AD_Reference_Value_ID reference="id"/>
                    <AD_Client_ID>0</AD_Client_ID>
                    <AD_Org_ID>0</AD_Org_ID>
                    <SeqNoSelection/>
                    <Version>0.0</Version>
                    <ValueMax/>
                    <IsMandatory>false</IsMandatory>
                    <IsTranslated>false</IsTranslated>
                    <IsIdentifier>false</IsIdentifier>
                    <SeqNo/>
                    <ValueMin/>
                    <IsParent>false</IsParent>
                    <FieldLength>29</FieldLength>
                    <IsSelectionColumn>false</IsSelectionColumn>
                    <IsKey>false</IsKey>
                    <ReadOnlyLogic/>
                    <IsAutocomplete>false</IsAutocomplete>
                    <IsAllowLogging>true</IsAllowLogging>
                    <MandatoryLogic/>
                    <FormatPattern/>
                    <AD_Column_UU>fc953401-09bf-424e-bdbd-6287d10108b4</AD_Column_UU>
                    <IsUpdateable>false</IsUpdateable>
                    <Callout/>
                    <ColumnName>Updated</ColumnName>
                    <Description>Date this record was updated</Description>
                    <ColumnSQL/>
                    <DefaultValue/>
                    <Help>The Updated field indicates the date that this record was updated.</Help>
                    <Name>Updated</Name>
                    <IsAllowCopy>true</IsAllowCopy>
                    <IsActive>true</IsActive>
                    <IsToolbarButton>true</IsToolbarButton>
                    <IsAlwaysUpdateable>false</IsAlwaysUpdateable>
                    <EntityType>U</EntityType>
                    <VFormat/>
                    <IsEncrypted>N</IsEncrypted>
                    <IsSecure>false</IsSecure>
                    <FKConstraintType>N</FKConstraintType>
                    <FKConstraintName/>
                    <AD_Element_ID reference="id">607</AD_Element_ID>
                    <AD_Reference_ID reference="id">16</AD_Reference_ID>
                    <AD_Val_Rule_ID reference="id"/>
                    <AD_Chart_ID reference="id"/>
                    <AD_Process_ID reference="id"/>
                </AD_Column>
                <AD_Column type="table">
                    <IsSyncDatabase>Y</IsSyncDatabase>
                    <AD_Table_ID reference="uuid" reference-key="AD_Table">bff4f027-e626-4df7-923c-deac5a10352a</AD_Table_ID>
                    <AD_Reference_Value_ID reference="id">110</AD_Reference_Value_ID>
                    <AD_Client_ID>0</AD_Client_ID>
                    <AD_Org_ID>0</AD_Org_ID>
                    <SeqNoSelection/>
                    <Version>0.0</Version>
                    <ValueMax/>
                    <IsMandatory>false</IsMandatory>
                    <IsTranslated>false</IsTranslated>
                    <IsIdentifier>false</IsIdentifier>
                    <SeqNo/>
                    <ValueMin/>
                    <IsParent>false</IsParent>
                    <FieldLength>10</FieldLength>
                    <IsSelectionColumn>false</IsSelectionColumn>
                    <IsKey>false</IsKey>
                    <ReadOnlyLogic/>
                    <IsAutocomplete>false</IsAutocomplete>
                    <IsAllowLogging>true</IsAllowLogging>
                    <MandatoryLogic/>
                    <FormatPattern/>
                    <AD_Column_UU>bce1660d-342b-4b30-ba67-1da1dd32e186</AD_Column_UU>
                    <IsUpdateable>false</IsUpdateable>
                    <Callout/>
                    <ColumnName>UpdatedBy</ColumnName>
                    <Description>User who updated this records</Description>
                    <ColumnSQL/>
                    <DefaultValue/>
                    <Help>The Updated By field indicates the user who updated this record.</Help>
                    <Name>Updated By</Name>
                    <IsAllowCopy>true</IsAllowCopy>
                    <IsActive>true</IsActive>
                    <IsToolbarButton>true</IsToolbarButton>
                    <IsAlwaysUpdateable>false</IsAlwaysUpdateable>
                    <EntityType>U</EntityType>
                    <VFormat/>
                    <IsEncrypted>N</IsEncrypted>
                    <IsSecure>false</IsSecure>
                    <FKConstraintType>N</FKConstraintType>
                    <FKConstraintName/>
                    <AD_Element_ID reference="id">608</AD_Element_ID>
                    <AD_Reference_ID reference="id">18</AD_Reference_ID>
                    <AD_Val_Rule_ID reference="id"/>
                    <AD_Chart_ID reference="id"/>
                    <AD_Process_ID reference="id"/>
                </AD_Column>
                <AD_Column type="table">
                    <IsSyncDatabase>Y</IsSyncDatabase>
                    <AD_Table_ID reference="uuid" reference-key="AD_Table">bff4f027-e626-4df7-923c-deac5a10352a</AD_Table_ID>
                    <AD_Reference_Value_ID reference="id"/>
                    <AD_Client_ID>0</AD_Client_ID>
                    <AD_Org_ID>0</AD_Org_ID>
                    <SeqNoSelection/>
                    <Version>0.0</Version>
                    <ValueMax/>
                    <IsMandatory>false</IsMandatory>
                    <IsTranslated>false</IsTranslated>
                    <IsIdentifier>false</IsIdentifier>
                    <SeqNo/>
                    <ValueMin/>
                    <IsParent>false</IsParent>
                    <FieldLength>10</FieldLength>
                    <IsSelectionColumn>false</IsSelectionColumn>
                    <IsKey>false</IsKey>
                    <ReadOnlyLogic/>
                    <IsAutocomplete>false</IsAutocomplete>
                    <IsAllowLogging>true</IsAllowLogging>
                    <MandatoryLogic/>
                    <FormatPattern/>
                    <AD_Column_UU>e5fea0c7-cb22-41db-9def-f1a781ad076f</AD_Column_UU>
                    <IsUpdateable>false</IsUpdateable>
                    <Callout/>
                    <ColumnName>C_BPartner_ID</ColumnName>
                    <Description>Identifies a Business Partner</Description>
                    <ColumnSQL/>
                    <DefaultValue/>
                    <Help>A Business Partner is anyone with whom you transact.  This can include Vendor, Customer, Employee or Salesperson</Help>
                    <Name>Business Partner </Name>
                    <IsAllowCopy>true</IsAllowCopy>
                    <IsActive>true</IsActive>
                    <IsToolbarButton>true</IsToolbarButton>
                    <IsAlwaysUpdateable>false</IsAlwaysUpdateable>
                    <EntityType>U</EntityType>
                    <VFormat/>
                    <IsEncrypted>N</IsEncrypted>
                    <IsSecure>false</IsSecure>
                    <FKConstraintType>N</FKConstraintType>
                    <FKConstraintName/>
                    <AD_Element_ID reference="id">187</AD_Element_ID>
                    <AD_Reference_ID reference="id">30</AD_Reference_ID>
                    <AD_Val_Rule_ID reference="id"/>
                    <AD_Chart_ID reference="id"/>
                    <AD_Process_ID reference="id"/>
                </AD_Column>
                <AD_Column type="table">
                    <IsSyncDatabase>Y</IsSyncDatabase>
                    <AD_Table_ID reference="uuid" reference-key="AD_Table">bff4f027-e626-4df7-923c-deac5a10352a</AD_Table_ID>
                    <AD_Reference_Value_ID reference="id"/>
                    <AD_Client_ID>0</AD_Client_ID>
                    <AD_Org_ID>0</AD_Org_ID>
                    <SeqNoSelection/>
                    <Version>0.0</Version>
                    <ValueMax/>
                    <IsMandatory>false</IsMandatory>
                    <IsTranslated>false</IsTranslated>
                    <IsIdentifier>false</IsIdentifier>
                    <SeqNo/>
                    <ValueMin/>
                    <IsParent>false</IsParent>
                    <FieldLength>10</FieldLength>
                    <IsSelectionColumn>false</IsSelectionColumn>
                    <IsKey>false</IsKey>
                    <ReadOnlyLogic/>
                    <IsAutocomplete>false</IsAutocomplete>
                    <IsAllowLogging>true</IsAllowLogging>
                    <MandatoryLogic/>
                    <FormatPattern/>
                    <AD_Column_UU>ca8c464b-15e0-4127-a64c-66a687bf331f</AD_Column_UU>
                    <IsUpdateable>false</IsUpdateable>
                    <Callout/>
                    <ColumnName>C_BP_Group_ID</ColumnName>
                    <Description>Business Partner Group</Description>
                    <ColumnSQL/>
                    <DefaultValue/>
                    <Help>The Business Partner Group provides a method of defining defaults to be used for individual Business Partners.</Help>
                    <Name>Business Partner Group</Name>
                    <IsAllowCopy>true</IsAllowCopy>
                    <IsActive>true</IsActive>
                    <IsToolbarButton>true</IsToolbarButton>
                    <IsAlwaysUpdateable>false</IsAlwaysUpdateable>
                    <EntityType>U</EntityType>
                    <VFormat/>
                    <IsEncrypted>N</IsEncrypted>
                    <IsSecure>false</IsSecure>
                    <FKConstraintType>N</FKConstraintType>
                    <FKConstraintName/>
                    <AD_Element_ID reference="id">1383</AD_Element_ID>
                    <AD_Reference_ID reference="id">19</AD_Reference_ID>
                    <AD_Val_Rule_ID reference="id"/>
                    <AD_Chart_ID reference="id"/>
                    <AD_Process_ID reference="id"/>
                </AD_Column>
                <AD_Column type="table">
                    <IsSyncDatabase>Y</IsSyncDatabase>
                    <AD_Table_ID reference="uuid" reference-key="AD_Table">bff4f027-e626-4df7-923c-deac5a10352a</AD_Table_ID>
                    <AD_Reference_Value_ID reference="id"/>
                    <AD_Client_ID>0</AD_Client_ID>
                    <AD_Org_ID>0</AD_Org_ID>
                    <SeqNoSelection/>
                    <Version>0.0</Version>
                    <ValueMax/>
                    <IsMandatory>false</IsMandatory>
                    <IsTranslated>false</IsTranslated>
                    <IsIdentifier>true</IsIdentifier>
                    <SeqNo/>
                    <ValueMin/>
                    <IsParent>false</IsParent>
                    <FieldLength>120</FieldLength>
                    <IsSelectionColumn>true</IsSelectionColumn>
                    <IsKey>false</IsKey>
                    <ReadOnlyLogic/>
                    <IsAutocomplete>false</IsAutocomplete>
                    <IsAllowLogging>true</IsAllowLogging>
                    <MandatoryLogic/>
                    <FormatPattern/>
                    <AD_Column_UU>9c8a3a6e-1f37-4173-925d-ad18829befd6</AD_Column_UU>
                    <IsUpdateable>false</IsUpdateable>
                    <Callout/>
                    <ColumnName>Name</ColumnName>
                    <Description>Alphanumeric identifier of the entity</Description>
                    <ColumnSQL/>
                    <DefaultValue/>
                    <Help>The name of an entity (record) is used as an default search option in addition to the search key. The name is up to 60 characters in length.</Help>
                    <Name>Name</Name>
                    <IsAllowCopy>true</IsAllowCopy>
                    <IsActive>true</IsActive>
                    <IsToolbarButton>true</IsToolbarButton>
                    <IsAlwaysUpdateable>false</IsAlwaysUpdateable>
                    <EntityType>U</EntityType>
                    <VFormat/>
                    <IsEncrypted>N</IsEncrypted>
                    <IsSecure>false</IsSecure>
                    <FKConstraintType>N</FKConstraintType>
                    <FKConstraintName/>
                    <AD_Element_ID reference="id">469</AD_Element_ID>
                    <AD_Reference_ID reference="id">10</AD_Reference_ID>
                    <AD_Val_Rule_ID reference="id"/>
                    <AD_Chart_ID reference="id"/>
                    <AD_Process_ID reference="id"/>
                </AD_Column>
                <AD_Element type="table">
                    <AD_Client_ID>0</AD_Client_ID>
                    <AD_Org_ID>0</AD_Org_ID>
                    <ColumnName>AuditText</ColumnName>
                    <Help/>
                    <PO_Description/>
                    <PO_Help/>
                    <PO_PrintName/>
                    <Name>Audit Text</Name>
                    <Description/>
                    <PrintName trim="false">Audit Text</PrintName>
                    <PO_Name/>
                    <AD_Element_UU>d3320b71-e1cc-425e-9464-fdf1909661e2</AD_Element_UU>
                    <IsActive>true</IsActive>
                    <EntityType>U</EntityType>
                    <AD_Element_Trl type="translation">
                        <Help/>
                        <PO_Description/>
                        <PO_Help/>
                        <PO_PrintName/>
                        <Name>audittext</Name>
                        <Description/>
                        <PrintName trim="false">audittext</PrintName>
                        <PO_Name/>
                        <AD_Language>es_CO</AD_Language>
                        <IsActive>true</IsActive>
                        <IsTranslated>false</IsTranslated>
                    </AD_Element_Trl>
                    <AD_Element_Trl type="translation">
                        <Help/>
                        <PO_Description/>
                        <PO_Help/>
                        <PO_PrintName/>
                        <Name>audittext</Name>
                        <Description/>
                        <PrintName trim="false">audittext</PrintName>
                        <PO_Name/>
                        <AD_Language>fr_FR</AD_Language>
                        <IsActive>true</IsActive>
                        <IsTranslated>false</IsTranslated>
                    </AD_Element_Trl>
                </AD_Element>
                <AD_Column type="table">
                    <IsSyncDatabase>Y</IsSyncDatabase>
                    <AD_Table_ID reference="uuid" reference-key="AD_Table">bff4f027-e626-4df7-923c-deac5a10352a</AD_Table_ID>
                    <AD_Reference_Value_ID reference="id"/>
                    <AD_Client_ID>0</AD_Client_ID>
                    <AD_Org_ID>0</AD_Org_ID>
                    <SeqNoSelection/>
                    <Version>0.0</Version>
                    <ValueMax/>
                    <IsMandatory>false</IsMandatory>
                    <IsTranslated>false</IsTranslated>
                    <IsIdentifier>false</IsIdentifier>
                    <SeqNo/>
                    <ValueMin/>
                    <IsParent>false</IsParent>
                    <FieldLength>1000</FieldLength>
                    <IsSelectionColumn>false</IsSelectionColumn>
                    <IsKey>false</IsKey>
                    <ReadOnlyLogic/>
                    <IsAutocomplete>false</IsAutocomplete>
                    <IsAllowLogging>true</IsAllowLogging>
                    <MandatoryLogic/>
                    <FormatPattern/>
                    <AD_Column_UU>4ff1ead8-8880-4261-a827-e6b822544dea</AD_Column_UU>
                    <IsUpdateable>false</IsUpdateable>
                    <Callout/>
                    <ColumnName>AuditText</ColumnName>
                    <Description/>
                    <ColumnSQL/>
                    <DefaultValue/>
                    <Help/>
                    <Name>Audit Text</Name>
                    <IsAllowCopy>true</IsAllowCopy>
                    <IsActive>true</IsActive>
                    <IsToolbarButton>false</IsToolbarButton>
                    <IsAlwaysUpdateable>false</IsAlwaysUpdateable>
                    <EntityType>U</EntityType>
                    <VFormat/>
                    <IsEncrypted>N</IsEncrypted>
                    <IsSecure>false</IsSecure>
                    <FKConstraintType>N</FKConstraintType>
                    <FKConstraintName/>
                    <AD_Element_ID reference="uuid" reference-key="AD_Element">d3320b71-e1cc-425e-9464-fdf1909661e2</AD_Element_ID>
                    <AD_Reference_ID reference="id">10</AD_Reference_ID>
                    <AD_Val_Rule_ID reference="id"/>
                    <AD_Chart_ID reference="id"/>
                    <AD_Process_ID reference="id"/>
                </AD_Column>
            </AD_Table>
            <AD_Tab type="table">
                <AD_Client_ID>0</AD_Client_ID>
                <AD_Org_ID>0</AD_Org_ID>
                <ImportFields>N</ImportFields>
                <Processing>false</Processing>
                <IsSingleRow>false</IsSingleRow>
                <SeqNo>10</SeqNo>
                <Help/>
                <IsTranslationTab>false</IsTranslationTab>
                <AD_Process_ID reference="id"/>
                <IsSortTab>false</IsSortTab>
                <CommitWarning/>
                <HasTree>false</HasTree>
                <IsInfoTab>false</IsInfoTab>
                <WhereClause/>
                <IsReadOnly>false</IsReadOnly>
                <IsInsertRecord>true</IsInsertRecord>
                <IsAdvancedTab>false</IsAdvancedTab>
                <DisplayLogic/>
                <TabLevel>0</TabLevel>
                <AD_Tab_UU>6a282212-b43a-42ec-941c-616bde364349</AD_Tab_UU>
                <Parent_Column_ID reference="id"/>
                <Name>BP Name</Name>
                <Description>Take great care to give each tab an adequate description. For example "BP has the word 'test' at least once".</Description>
                <OrderByClause/>
                <ReadOnlyLogic/>
                <IsActive>true</IsActive>
                <AD_Column_ID reference="id"/>
                <AD_Table_ID reference="uuid" reference-key="AD_Table">bff4f027-e626-4df7-923c-deac5a10352a</AD_Table_ID>
                <AD_Window_ID reference="uuid" reference-key="AD_Window">f41f8747-8c12-419e-abf5-820b98da7182</AD_Window_ID>
                <AD_ColumnSortOrder_ID reference="id"/>
                <AD_ColumnSortYesNo_ID reference="id"/>
                <AD_CtxHelp_ID reference="id"/>
                <AD_Image_ID reference="id"/>
                <Included_Tab_ID reference="id"/>
                <EntityType>U</EntityType>
                <TreeDisplayedOn>B</TreeDisplayedOn>
                <AD_Tab_Trl type="translation">
                    <Help/>
                    <CommitWarning/>
                    <Name>BP Name</Name>
                    <Description/>
                    <AD_Language>es_CO</AD_Language>
                    <IsActive>true</IsActive>
                    <IsTranslated>false</IsTranslated>
                </AD_Tab_Trl>
                <AD_Tab_Trl type="translation">
                    <Help/>
                    <CommitWarning/>
                    <Name>BP Name</Name>
                    <Description/>
                    <AD_Language>fr_FR</AD_Language>
                    <IsActive>true</IsActive>
                    <IsTranslated>false</IsTranslated>
                </AD_Tab_Trl>
                <AD_Field type="table">
                    <AD_Client_ID>0</AD_Client_ID>
                    <AD_Org_ID>0</AD_Org_ID>
                    <SortNo/>
                    <IsEncrypted>false</IsEncrypted>
                    <DisplayLength>10</DisplayLength>
                    <IsSameLine>false</IsSameLine>
                    <IsHeading>false</IsHeading>
                    <SeqNo>10</SeqNo>
                    <IsCentrallyMaintained>true</IsCentrallyMaintained>
                    <IsReadOnly>false</IsReadOnly>
                    <Help>A Client is a company or a legal entity. You cannot share data between Clients. Tenant is a synonym for Client.</Help>
                    <ObscureType/>
                    <DisplayLogic/>
                    <AD_Reference_ID reference="id"/>
                    <IsMandatory/>
                    <AD_Val_Rule_ID reference="id"/>
                    <Included_Tab_ID reference="id"/>
                    <Description>Client/Tenant for this installation.</Description>
                    <Name>Client</Name>
                    <AD_Field_UU>79490ff3-7043-41fb-9a61-222b3fc2701b</AD_Field_UU>
                    <IsDisplayed>true</IsDisplayed>
                    <IsFieldOnly>false</IsFieldOnly>
                    <DefaultValue/>
                    <IsAllowCopy/>
                    <IsActive>true</IsActive>
                    <IsDisplayedGrid>false</IsDisplayedGrid>
                    <SeqNoGrid/>
                    <XPosition>1</XPosition>
                    <IsQuickEntry>false</IsQuickEntry>
                    <MandatoryLogic/>
                    <IsUpdateable/>
                    <IsAlwaysUpdateable/>
                    <ReadOnlyLogic/>
                    <IsToolbarButton/>
                    <ColumnSpan>2</ColumnSpan>
                    <NumLines>1</NumLines>
                    <IsAdvancedField>false</IsAdvancedField>
                    <IsDefaultFocus>false</IsDefaultFocus>
                    <AD_Column_ID reference="uuid" reference-key="AD_Column">8fb4b5fb-8f2d-4ef8-b5ae-6fa7dc4617c9</AD_Column_ID>
                    <AD_Tab_ID reference="uuid" reference-key="AD_Tab">6a282212-b43a-42ec-941c-616bde364349</AD_Tab_ID>
                    <AD_FieldGroup_ID reference="id"/>
                    <AD_Reference_Value_ID reference="id"/>
                    <EntityType>U</EntityType>
                    <AD_Field_Trl type="translation">
                        <Help>A Client is a company or a legal entity. You cannot share data between Clients. Tenant is a synonym for Client.</Help>
                        <Description>Client/Tenant for this installation.</Description>
                        <Name>Client</Name>
                        <AD_Language>es_CO</AD_Language>
                        <IsActive>true</IsActive>
                        <IsTranslated>false</IsTranslated>
                    </AD_Field_Trl>
                    <AD_Field_Trl type="translation">
                        <Help>A Client is a company or a legal entity. You cannot share data between Clients. Tenant is a synonym for Client.</Help>
                        <Description>Client/Tenant for this installation.</Description>
                        <Name>Client</Name>
                        <AD_Language>fr_FR</AD_Language>
                        <IsActive>true</IsActive>
                        <IsTranslated>false</IsTranslated>
                    </AD_Field_Trl>
                </AD_Field>
                <AD_Field type="table">
                    <AD_Client_ID>0</AD_Client_ID>
                    <AD_Org_ID>0</AD_Org_ID>
                    <SortNo/>
                    <IsEncrypted>false</IsEncrypted>
                    <DisplayLength>10</DisplayLength>
                    <IsSameLine>false</IsSameLine>
                    <IsHeading>false</IsHeading>
                    <SeqNo>20</SeqNo>
                    <IsCentrallyMaintained>true</IsCentrallyMaintained>
                    <IsReadOnly>false</IsReadOnly>
                    <Help>An organization is a unit of your client or legal entity - examples are store, department. You can share data between organizations.</Help>
                    <ObscureType/>
                    <DisplayLogic/>
                    <AD_Reference_ID reference="id"/>
                    <IsMandatory/>
                    <AD_Val_Rule_ID reference="id"/>
                    <Included_Tab_ID reference="id"/>
                    <Description>Organizational entity within client</Description>
                    <Name>Organization</Name>
                    <AD_Field_UU>f13d99ef-92f5-40f8-a069-478aaf6b100c</AD_Field_UU>
                    <IsDisplayed>true</IsDisplayed>
                    <IsFieldOnly>false</IsFieldOnly>
                    <DefaultValue/>
                    <IsAllowCopy>Y</IsAllowCopy>
                    <IsActive>true</IsActive>
                    <IsDisplayedGrid>true</IsDisplayedGrid>
                    <SeqNoGrid/>
                    <XPosition>4</XPosition>
                    <IsQuickEntry>false</IsQuickEntry>
                    <MandatoryLogic/>
                    <IsUpdateable/>
                    <IsAlwaysUpdateable/>
                    <ReadOnlyLogic/>
                    <IsToolbarButton/>
                    <ColumnSpan>2</ColumnSpan>
                    <NumLines>1</NumLines>
                    <IsAdvancedField>false</IsAdvancedField>
                    <IsDefaultFocus>false</IsDefaultFocus>
                    <AD_Column_ID reference="uuid" reference-key="AD_Column">543d39e3-86f6-42c3-827f-e841a6d2da9f</AD_Column_ID>
                    <AD_Tab_ID reference="uuid" reference-key="AD_Tab">6a282212-b43a-42ec-941c-616bde364349</AD_Tab_ID>
                    <AD_FieldGroup_ID reference="id"/>
                    <AD_Reference_Value_ID reference="id"/>
                    <EntityType>U</EntityType>
                    <AD_Field_Trl type="translation">
                        <Help>An organization is a unit of your client or legal entity - examples are store, department. You can share data between organizations.</Help>
                        <Description>Organizational entity within client</Description>
                        <Name>Organization</Name>
                        <AD_Language>es_CO</AD_Language>
                        <IsActive>true</IsActive>
                        <IsTranslated>false</IsTranslated>
                    </AD_Field_Trl>
                    <AD_Field_Trl type="translation">
                        <Help>An organization is a unit of your client or legal entity - examples are store, department. You can share data between organizations.</Help>
                        <Description>Organizational entity within client</Description>
                        <Name>Organization</Name>
                        <AD_Language>fr_FR</AD_Language>
                        <IsActive>true</IsActive>
                        <IsTranslated>false</IsTranslated>
                    </AD_Field_Trl>
                </AD_Field>
                <AD_Field type="table">
                    <AD_Client_ID>0</AD_Client_ID>
                    <AD_Org_ID>0</AD_Org_ID>
                    <SortNo/>
                    <IsEncrypted>false</IsEncrypted>
                    <DisplayLength>120</DisplayLength>
                    <IsSameLine>false</IsSameLine>
                    <IsHeading>false</IsHeading>
                    <SeqNo>30</SeqNo>
                    <IsCentrallyMaintained>true</IsCentrallyMaintained>
                    <IsReadOnly>false</IsReadOnly>
                    <Help>The name of an entity (record) is used as an default search option in addition to the search key. The name is up to 60 characters in length.</Help>
                    <ObscureType/>
                    <DisplayLogic/>
                    <AD_Reference_ID reference="id"/>
                    <IsMandatory/>
                    <AD_Val_Rule_ID reference="id"/>
                    <Included_Tab_ID reference="id"/>
                    <Description>Alphanumeric identifier of the entity</Description>
                    <Name>Name</Name>
                    <AD_Field_UU>b933fa2c-66a1-47d0-9d2e-b34064f54f2c</AD_Field_UU>
                    <IsDisplayed>true</IsDisplayed>
                    <IsFieldOnly>false</IsFieldOnly>
                    <DefaultValue/>
                    <IsAllowCopy/>
                    <IsActive>true</IsActive>
                    <IsDisplayedGrid>true</IsDisplayedGrid>
                    <SeqNoGrid/>
                    <XPosition>1</XPosition>
                    <IsQuickEntry>false</IsQuickEntry>
                    <MandatoryLogic/>
                    <IsUpdateable/>
                    <IsAlwaysUpdateable/>
                    <ReadOnlyLogic/>
                    <IsToolbarButton/>
                    <ColumnSpan>5</ColumnSpan>
                    <NumLines>1</NumLines>
                    <IsAdvancedField>false</IsAdvancedField>
                    <IsDefaultFocus>false</IsDefaultFocus>
                    <AD_Column_ID reference="uuid" reference-key="AD_Column">9c8a3a6e-1f37-4173-925d-ad18829befd6</AD_Column_ID>
                    <AD_Tab_ID reference="uuid" reference-key="AD_Tab">6a282212-b43a-42ec-941c-616bde364349</AD_Tab_ID>
                    <AD_FieldGroup_ID reference="id"/>
                    <AD_Reference_Value_ID reference="id"/>
                    <EntityType>U</EntityType>
                    <AD_Field_Trl type="translation">
                        <Help>The name of an entity (record) is used as an default search option in addition to the search key. The name is up to 60 characters in length.</Help>
                        <Description>Alphanumeric identifier of the entity</Description>
                        <Name>Name</Name>
                        <AD_Language>es_CO</AD_Language>
                        <IsActive>true</IsActive>
                        <IsTranslated>false</IsTranslated>
                    </AD_Field_Trl>
                    <AD_Field_Trl type="translation">
                        <Help>The name of an entity (record) is used as an default search option in addition to the search key. The name is up to 60 characters in length.</Help>
                        <Description>Alphanumeric identifier of the entity</Description>
                        <Name>Name</Name>
                        <AD_Language>fr_FR</AD_Language>
                        <IsActive>true</IsActive>
                        <IsTranslated>false</IsTranslated>
                    </AD_Field_Trl>
                </AD_Field>
                <AD_Field type="table">
                    <AD_Client_ID>0</AD_Client_ID>
                    <AD_Org_ID>0</AD_Org_ID>
                    <SortNo/>
                    <IsEncrypted>false</IsEncrypted>
                    <DisplayLength>10</DisplayLength>
                    <IsSameLine>false</IsSameLine>
                    <IsHeading>false</IsHeading>
                    <SeqNo>40</SeqNo>
                    <IsCentrallyMaintained>true</IsCentrallyMaintained>
                    <IsReadOnly>false</IsReadOnly>
                    <Help>A Business Partner is anyone with whom you transact.  This can include Vendor, Customer, Employee or Salesperson</Help>
                    <ObscureType/>
                    <DisplayLogic/>
                    <AD_Reference_ID reference="id"/>
                    <IsMandatory/>
                    <AD_Val_Rule_ID reference="id"/>
                    <Included_Tab_ID reference="id"/>
                    <Description>Identifies a Business Partner</Description>
                    <Name>Business Partner </Name>
                    <AD_Field_UU>0e0d058c-357c-4652-9f7d-bc07123163ee</AD_Field_UU>
                    <IsDisplayed>true</IsDisplayed>
                    <IsFieldOnly>false</IsFieldOnly>
                    <DefaultValue/>
                    <IsAllowCopy/>
                    <IsActive>true</IsActive>
                    <IsDisplayedGrid>true</IsDisplayedGrid>
                    <SeqNoGrid/>
                    <XPosition>1</XPosition>
                    <IsQuickEntry>false</IsQuickEntry>
                    <MandatoryLogic/>
                    <IsUpdateable/>
                    <IsAlwaysUpdateable/>
                    <ReadOnlyLogic/>
                    <IsToolbarButton/>
                    <ColumnSpan>2</ColumnSpan>
                    <NumLines>1</NumLines>
                    <IsAdvancedField>false</IsAdvancedField>
                    <IsDefaultFocus>false</IsDefaultFocus>
                    <AD_Column_ID reference="uuid" reference-key="AD_Column">e5fea0c7-cb22-41db-9def-f1a781ad076f</AD_Column_ID>
                    <AD_Tab_ID reference="uuid" reference-key="AD_Tab">6a282212-b43a-42ec-941c-616bde364349</AD_Tab_ID>
                    <AD_FieldGroup_ID reference="id"/>
                    <AD_Reference_Value_ID reference="id"/>
                    <EntityType>U</EntityType>
                    <AD_Field_Trl type="translation">
                        <Help>A Business Partner is anyone with whom you transact.  This can include Vendor, Customer, Employee or Salesperson</Help>
                        <Description>Identifies a Business Partner</Description>
                        <Name>Business Partner </Name>
                        <AD_Language>es_CO</AD_Language>
                        <IsActive>true</IsActive>
                        <IsTranslated>false</IsTranslated>
                    </AD_Field_Trl>
                    <AD_Field_Trl type="translation">
                        <Help>A Business Partner is anyone with whom you transact.  This can include Vendor, Customer, Employee or Salesperson</Help>
                        <Description>Identifies a Business Partner</Description>
                        <Name>Business Partner </Name>
                        <AD_Language>fr_FR</AD_Language>
                        <IsActive>true</IsActive>
                        <IsTranslated>false</IsTranslated>
                    </AD_Field_Trl>
                </AD_Field>
                <AD_Field type="table">
                    <AD_Client_ID>0</AD_Client_ID>
                    <AD_Org_ID>0</AD_Org_ID>
                    <SortNo/>
                    <IsEncrypted>false</IsEncrypted>
                    <DisplayLength>10</DisplayLength>
                    <IsSameLine>false</IsSameLine>
                    <IsHeading>false</IsHeading>
                    <SeqNo>50</SeqNo>
                    <IsCentrallyMaintained>true</IsCentrallyMaintained>
                    <IsReadOnly>false</IsReadOnly>
                    <Help>The Business Partner Group provides a method of defining defaults to be used for individual Business Partners.</Help>
                    <ObscureType/>
                    <DisplayLogic/>
                    <AD_Reference_ID reference="id"/>
                    <IsMandatory/>
                    <AD_Val_Rule_ID reference="id"/>
                    <Included_Tab_ID reference="id"/>
                    <Description>Business Partner Group</Description>
                    <Name>Business Partner Group</Name>
                    <AD_Field_UU>529b16bf-ccdc-41a0-911b-4daa845cd74d</AD_Field_UU>
                    <IsDisplayed>true</IsDisplayed>
                    <IsFieldOnly>false</IsFieldOnly>
                    <DefaultValue/>
                    <IsAllowCopy/>
                    <IsActive>true</IsActive>
                    <IsDisplayedGrid>true</IsDisplayedGrid>
                    <SeqNoGrid/>
                    <XPosition>1</XPosition>
                    <IsQuickEntry>false</IsQuickEntry>
                    <MandatoryLogic/>
                    <IsUpdateable/>
                    <IsAlwaysUpdateable/>
                    <ReadOnlyLogic/>
                    <IsToolbarButton/>
                    <ColumnSpan>2</ColumnSpan>
                    <NumLines>1</NumLines>
                    <IsAdvancedField>false</IsAdvancedField>
                    <IsDefaultFocus>false</IsDefaultFocus>
                    <AD_Column_ID reference="uuid" reference-key="AD_Column">ca8c464b-15e0-4127-a64c-66a687bf331f</AD_Column_ID>
                    <AD_Tab_ID reference="uuid" reference-key="AD_Tab">6a282212-b43a-42ec-941c-616bde364349</AD_Tab_ID>
                    <AD_FieldGroup_ID reference="id"/>
                    <AD_Reference_Value_ID reference="id"/>
                    <EntityType>U</EntityType>
                    <AD_Field_Trl type="translation">
                        <Help>The Business Partner Group provides a method of defining defaults to be used for individual Business Partners.</Help>
                        <Description>Business Partner Group</Description>
                        <Name>Business Partner Group</Name>
                        <AD_Language>es_CO</AD_Language>
                        <IsActive>true</IsActive>
                        <IsTranslated>false</IsTranslated>
                    </AD_Field_Trl>
                    <AD_Field_Trl type="translation">
                        <Help>The Business Partner Group provides a method of defining defaults to be used for individual Business Partners.</Help>
                        <Description>Business Partner Group</Description>
                        <Name>Business Partner Group</Name>
                        <AD_Language>fr_FR</AD_Language>
                        <IsActive>true</IsActive>
                        <IsTranslated>false</IsTranslated>
                    </AD_Field_Trl>
                </AD_Field>
                <AD_Field type="table">
                    <AD_Client_ID>0</AD_Client_ID>
                    <AD_Org_ID>0</AD_Org_ID>
                    <SortNo/>
                    <IsEncrypted>false</IsEncrypted>
                    <DisplayLength>1000</DisplayLength>
                    <IsSameLine>false</IsSameLine>
                    <IsHeading>false</IsHeading>
                    <SeqNo>60</SeqNo>
                    <IsCentrallyMaintained>true</IsCentrallyMaintained>
                    <IsReadOnly>false</IsReadOnly>
                    <Help/>
                    <ObscureType/>
                    <DisplayLogic/>
                    <AD_Reference_ID reference="id"/>
                    <IsMandatory/>
                    <AD_Val_Rule_ID reference="id"/>
                    <Included_Tab_ID reference="id"/>
                    <Description/>
                    <Name>Audit Text</Name>
                    <AD_Field_UU>474725b2-c223-4499-b6d3-63d9e09c9fac</AD_Field_UU>
                    <IsDisplayed>true</IsDisplayed>
                    <IsFieldOnly>false</IsFieldOnly>
                    <DefaultValue/>
                    <IsAllowCopy/>
                    <IsActive>true</IsActive>
                    <IsDisplayedGrid>true</IsDisplayedGrid>
                    <SeqNoGrid/>
                    <XPosition>1</XPosition>
                    <IsQuickEntry>false</IsQuickEntry>
                    <MandatoryLogic/>
                    <IsUpdateable/>
                    <IsAlwaysUpdateable/>
                    <ReadOnlyLogic/>
                    <IsToolbarButton/>
                    <ColumnSpan>5</ColumnSpan>
                    <NumLines>1</NumLines>
                    <IsAdvancedField>false</IsAdvancedField>
                    <IsDefaultFocus>false</IsDefaultFocus>
                    <AD_Column_ID reference="uuid" reference-key="AD_Column">4ff1ead8-8880-4261-a827-e6b822544dea</AD_Column_ID>
                    <AD_Tab_ID reference="uuid" reference-key="AD_Tab">6a282212-b43a-42ec-941c-616bde364349</AD_Tab_ID>
                    <AD_FieldGroup_ID reference="id"/>
                    <AD_Reference_Value_ID reference="id"/>
                    <EntityType>U</EntityType>
                    <AD_Field_Trl type="translation">
                        <Help/>
                        <Description/>
                        <Name>Audit Text</Name>
                        <AD_Language>es_CO</AD_Language>
                        <IsActive>true</IsActive>
                        <IsTranslated>false</IsTranslated>
                    </AD_Field_Trl>
                    <AD_Field_Trl type="translation">
                        <Help/>
                        <Description/>
                        <Name>Audit Text</Name>
                        <AD_Language>fr_FR</AD_Language>
                        <IsActive>true</IsActive>
                        <IsTranslated>false</IsTranslated>
                    </AD_Field_Trl>
                </AD_Field>
            </AD_Tab>
        </AD_Window>
    </AD_Menu>
    <AD_Package_Exp type="table">
        <AD_Client_ID>0</AD_Client_ID>
        <AD_Org_ID>0</AD_Org_ID>
        <Processing>false</Processing>
        <Version/>
        <Processed>false</Processed>
        <PK_Version>1</PK_Version>
        <AD_Package_Type>X</AD_Package_Type>
        <Description/>
        <Name>Audit Go-Live Summary</Name>
        <UserName/>
        <AD_Package_Exp_UU>5bf1a6fe-cc31-4740-b7c4-84c71e3c2cf7</AD_Package_Exp_UU>
        <IsActive>true</IsActive>
        <File_Directory/>
        <EMail/>
        <Instructions/>
        <ReleaseNo/>
        <DateFrom/>
        <IsExportDictionaryEntity>false</IsExportDictionaryEntity>
        <AD_Package_Exp_Detail type="table">
            <AD_Client_ID>0</AD_Client_ID>
            <AD_Org_ID>0</AD_Org_ID>
            <SQLStatement/>
            <AD_Table_ID reference="id"/>
            <ReleaseNo/>
            <AD_Window_ID reference="id"/>
            <Target_Directory/>
            <DBType>ALL</DBType>
            <Destination_Directory/>
            <Processed>false</Processed>
            <AD_Workbench_ID reference="id"/>
            <AD_Package_Code_Old/>
            <AD_Process_ID reference="id"/>
            <AD_ReportView_ID reference="id"/>
            <AD_Val_Rule_ID reference="id"/>
            <AD_Package_Code_New/>
            <Name2/>
            <Destination_FileName/>
            <FileName/>
            <Description/>
            <AD_Package_Exp_Detail_UU>5ce09e50-0248-4f31-9757-121844aaa650</AD_Package_Exp_Detail_UU>
            <Type>M</Type>
            <Processing>false</Processing>
            <IsActive>true</IsActive>
            <Line>20</Line>
            <File_Directory/>
            <AD_EntityType_ID reference="id"/>
            <AD_Form_ID reference="id"/>
            <AD_ImpFormat_ID reference="id"/>
            <AD_Menu_ID reference="uuid" reference-key="AD_Menu">fab9a6bd-dac1-45de-a94e-466e66a0cba5</AD_Menu_ID>
            <AD_Message_ID reference="id"/>
            <AD_ModelValidator_ID reference="id"/>
            <AD_Package_Exp_ID reference="uuid" reference-key="AD_Package_Exp">5bf1a6fe-cc31-4740-b7c4-84c71e3c2cf7</AD_Package_Exp_ID>
            <AD_PrintFormat_ID reference="id"/>
            <AD_Reference_ID reference="id"/>
            <AD_Role_ID reference="id">0</AD_Role_ID>
            <AD_Workflow_ID reference="id"/>
        </AD_Package_Exp_Detail>
        <AD_Package_Exp_Detail type="table">
            <AD_Client_ID>0</AD_Client_ID>
            <AD_Org_ID>0</AD_Org_ID>
            <SQLStatement>SELECT * FROM AD_Package_Exp WHERE AD_Package_Exp_UU='5bf1a6fe-cc31-4740-b7c4-84c71e3c2cf7';AD_Package_Exp_Detail</SQLStatement>
            <AD_Table_ID reference="id">50005</AD_Table_ID>
            <ReleaseNo/>
            <AD_Window_ID reference="id"/>
            <Target_Directory/>
            <DBType>ALL</DBType>
            <Destination_Directory/>
            <Processed>false</Processed>
            <AD_Workbench_ID reference="id"/>
            <AD_Package_Code_Old/>
            <AD_Process_ID reference="id"/>
            <AD_ReportView_ID reference="id"/>
            <AD_Val_Rule_ID reference="id"/>
            <AD_Package_Code_New/>
            <Name2/>
            <Destination_FileName/>
            <FileName/>
            <Description/>
            <AD_Package_Exp_Detail_UU>2336e1af-228f-482c-b406-cc8685a7d74d</AD_Package_Exp_Detail_UU>
            <Type>D</Type>
            <Processing>false</Processing>
            <IsActive>true</IsActive>
            <Line>30</Line>
            <File_Directory/>
            <AD_EntityType_ID reference="id"/>
            <AD_Form_ID reference="id"/>
            <AD_ImpFormat_ID reference="id"/>
            <AD_Menu_ID reference="id"/>
            <AD_Message_ID reference="id"/>
            <AD_ModelValidator_ID reference="id"/>
            <AD_Package_Exp_ID reference="uuid" reference-key="AD_Package_Exp">5bf1a6fe-cc31-4740-b7c4-84c71e3c2cf7</AD_Package_Exp_ID>
            <AD_PrintFormat_ID reference="id"/>
            <AD_Reference_ID reference="id"/>
            <AD_Role_ID reference="id">0</AD_Role_ID>
            <AD_Workflow_ID reference="id"/>
        </AD_Package_Exp_Detail>
        <AD_Package_Exp_Detail type="table">
            <AD_Client_ID>0</AD_Client_ID>
            <AD_Org_ID>0</AD_Org_ID>
            <SQLStatement>create view chuboe_audit_bpname_v as
select bp.ad_client_id, bp.ad_org_id, bp.created, bp.createdby, bp.updated, bp.updatedby, bp.c_bpartner_id, bp.c_bp_group_id, bp.name, 'BP Name Contains the word ''test'' at least one time: ('||bp.name||')'::text as audittext
from c_bpartner bp
where bp.name like '%test%';</SQLStatement>
            <AD_Table_ID reference="id"/>
            <ReleaseNo/>
            <AD_Window_ID reference="id"/>
            <Target_Directory/>
            <DBType>ALL</DBType>
            <Destination_Directory/>
            <Processed>false</Processed>
            <AD_Workbench_ID reference="id"/>
            <AD_Package_Code_Old/>
            <AD_Process_ID reference="id"/>
            <AD_ReportView_ID reference="id"/>
            <AD_Val_Rule_ID reference="id"/>
            <AD_Package_Code_New/>
            <Name2/>
            <Destination_FileName/>
            <FileName/>
            <Description/>
            <AD_Package_Exp_Detail_UU>772decff-20b0-40cb-9789-931096b95895</AD_Package_Exp_Detail_UU>
            <Type>SQL</Type>
            <Processing>false</Processing>
            <IsActive>true</IsActive>
            <Line>10</Line>
            <File_Directory/>
            <AD_EntityType_ID reference="id"/>
            <AD_Form_ID reference="id"/>
            <AD_ImpFormat_ID reference="id"/>
            <AD_Menu_ID reference="id"/>
            <AD_Message_ID reference="id"/>
            <AD_ModelValidator_ID reference="id"/>
            <AD_Package_Exp_ID reference="uuid" reference-key="AD_Package_Exp">5bf1a6fe-cc31-4740-b7c4-84c71e3c2cf7</AD_Package_Exp_ID>
            <AD_PrintFormat_ID reference="id"/>
            <AD_Reference_ID reference="id"/>
            <AD_Role_ID reference="id">0</AD_Role_ID>
            <AD_Workflow_ID reference="id"/>
        </AD_Package_Exp_Detail>
    </AD_Package_Exp>
</idempiere>
