<?xml version="1.0" encoding="UTF-8"?>
<idempiere Name="02_QuickSearch" Version="0.1" idempiereVersion="" DataBaseVersion="" Description="Single window to find almost any record" Author="" AuthorEmail="" CreatedDate="2014-09-12 16:02:08.284" UpdatedDate="2014-09-12 16:15:26.159" PackOutVersion="100" UpdateDictionary="false" Client="0-SYSTEM-System" AD_Client_UU="11237b53-9592-4af1-b3c5-afd216514b5d">
    <AD_Menu type="table">
        <SeqNo>1</SeqNo>
        <AD_Client_ID>0</AD_Client_ID>
        <AD_Org_ID>0</AD_Org_ID>
        <AD_Task_ID reference="id"/>
        <AD_Window_ID reference="uuid" reference-key="AD_Window">7a0a5eec-9e84-44fb-963a-6fd5b9f1ca53</AD_Window_ID>
        <IsSummary>false</IsSummary>
        <IsSOTrx>false</IsSOTrx>
        <IsReadOnly>false</IsReadOnly>
        <AD_Process_ID reference="id"/>
        <EntityType>U</EntityType>
        <IsCentrallyMaintained>true</IsCentrallyMaintained>
        <Name>Quick Search</Name>
        <Description/>
        <AD_Menu_UU>22d40a03-f9f0-49ef-a7c4-41654f648333</AD_Menu_UU>
        <AD_Workflow_ID reference="id"/>
        <Action>W</Action>
        <IsActive>true</IsActive>
        <AD_InfoWindow_ID reference="id"/>
        <AD_Form_ID reference="id"/>
        <AD_Menu_Trl type="translation">
            <Name>Quick Search</Name>
            <Description/>
            <AD_Language>es_CO</AD_Language>
            <IsActive>true</IsActive>
            <IsTranslated>false</IsTranslated>
        </AD_Menu_Trl>
        <AD_Window type="table">
            <AD_Client_ID>0</AD_Client_ID>
            <AD_Org_ID>0</AD_Org_ID>
            <Processing>false</Processing>
            <WindowType>M</WindowType>
            <AD_Color_ID reference="id"/>
            <Help/>
            <IsSOTrx>true</IsSOTrx>
            <IsDefault>false</IsDefault>
            <IsBetaFunctionality>false</IsBetaFunctionality>
            <WinHeight>0</WinHeight>
            <WinWidth>0</WinWidth>
            <EntityType>U</EntityType>
            <Name>Quick Search</Name>
            <Description/>
            <AD_Window_UU>7a0a5eec-9e84-44fb-963a-6fd5b9f1ca53</AD_Window_UU>
            <IsActive>true</IsActive>
            <TitleLogic/>
            <AD_Image_ID reference="id"/>
            <AD_Window_Trl type="translation">
                <Help/>
                <Name>Quick Search</Name>
                <Description/>
                <AD_Language>es_CO</AD_Language>
                <IsActive>true</IsActive>
                <IsTranslated>false</IsTranslated>
            </AD_Window_Trl>
            <AD_Table type="table">
                <AD_Client_ID>0</AD_Client_ID>
                <AD_Org_ID>0</AD_Org_ID>
                <ImportTable>N</ImportTable>
                <CopyColumnsFromTable>N</CopyColumnsFromTable>
                <IsSecurityEnabled>false</IsSecurityEnabled>
                <AccessLevel>3</AccessLevel>
                <Help/>
                <LoadSeq>0</LoadSeq>
                <AD_Window_ID reference="id"/>
                <IsHighVolume>true</IsHighVolume>
                <IsView>true</IsView>
                <IsChangeLog>false</IsChangeLog>
                <EntityType>U</EntityType>
                <ReplicationType>L</ReplicationType>
                <AD_Table_UU>2b35c427-82f9-4798-982a-f16fb47a00b3</AD_Table_UU>
                <IsCentrallyMaintained>true</IsCentrallyMaintained>
                <IsDeleteable>false</IsDeleteable>
                <TableName>ChuBoe_QuickSearch</TableName>
                <Description/>
                <Name>ChuBoe_QuickSearch</Name>
                <IsActive>true</IsActive>
                <Processing>false</Processing>
                <DatabaseViewDrop>N</DatabaseViewDrop>
                <AD_Val_Rule_ID reference="id"/>
                <PO_Window_ID reference="id"/>
                <AD_Column type="table">
                    <IsSyncDatabase>Y</IsSyncDatabase>
                    <AD_Table_ID reference="uuid" reference-key="AD_Table">2b35c427-82f9-4798-982a-f16fb47a00b3</AD_Table_ID>
                    <AD_Reference_Value_ID reference="id"/>
                    <AD_Client_ID>0</AD_Client_ID>
                    <AD_Org_ID>0</AD_Org_ID>
                    <SeqNoSelection/>
                    <Version>0.0</Version>
                    <ValueMax/>
                    <IsMandatory>false</IsMandatory>
                    <IsTranslated>false</IsTranslated>
                    <IsIdentifier>false</IsIdentifier>
                    <SeqNo/>
                    <ValueMin/>
                    <IsParent>false</IsParent>
                    <FieldLength>512</FieldLength>
                    <IsSelectionColumn>true</IsSelectionColumn>
                    <IsKey>false</IsKey>
                    <AD_Process_ID reference="id"/>
                    <ReadOnlyLogic/>
                    <IsAutocomplete>false</IsAutocomplete>
                    <IsAllowLogging>true</IsAllowLogging>
                    <MandatoryLogic/>
                    <FormatPattern/>
                    <AD_Column_UU>b7d18a0d-673c-4507-8a5e-2c320ec90234</AD_Column_UU>
                    <IsUpdateable>false</IsUpdateable>
                    <Callout/>
                    <ColumnName>Value</ColumnName>
                    <Description>Search key for the record in the format required - must be unique</Description>
                    <ColumnSQL/>
                    <DefaultValue/>
                    <Help>A search key allows you a fast method of finding a particular record.
If you leave the search key empty, the system automatically creates a numeric number.  The document sequence used for this fallback number is defined in the "Maintain Sequence" window with the name "DocumentNo_&lt;TableName&gt;", where TableName is the actual name of the table (e.g. C_Order).</Help>
                    <Name>Search Key</Name>
                    <IsAllowCopy>true</IsAllowCopy>
                    <IsActive>true</IsActive>
                    <IsToolbarButton>false</IsToolbarButton>
                    <IsAlwaysUpdateable>false</IsAlwaysUpdateable>
                    <EntityType>U</EntityType>
                    <VFormat/>
                    <IsEncrypted>N</IsEncrypted>
                    <IsSecure>false</IsSecure>
                    <AD_Chart_ID reference="id"/>
                    <FKConstraintType>N</FKConstraintType>
                    <FKConstraintName/>
                    <AD_Element_ID reference="id">620</AD_Element_ID>
                    <AD_Reference_ID reference="id">10</AD_Reference_ID>
                    <AD_Val_Rule_ID reference="id"/>
                </AD_Column>
                <AD_Column type="table">
                    <IsSyncDatabase>Y</IsSyncDatabase>
                    <AD_Table_ID reference="uuid" reference-key="AD_Table">2b35c427-82f9-4798-982a-f16fb47a00b3</AD_Table_ID>
                    <AD_Reference_Value_ID reference="id"/>
                    <AD_Client_ID>0</AD_Client_ID>
                    <AD_Org_ID>0</AD_Org_ID>
                    <SeqNoSelection/>
                    <Version>0.0</Version>
                    <ValueMax/>
                    <IsMandatory>false</IsMandatory>
                    <IsTranslated>false</IsTranslated>
                    <IsIdentifier>false</IsIdentifier>
                    <SeqNo/>
                    <ValueMin/>
                    <IsParent>false</IsParent>
                    <FieldLength>10</FieldLength>
                    <IsSelectionColumn>false</IsSelectionColumn>
                    <IsKey>false</IsKey>
                    <AD_Process_ID reference="id"/>
                    <ReadOnlyLogic/>
                    <IsAutocomplete>false</IsAutocomplete>
                    <IsAllowLogging>true</IsAllowLogging>
                    <MandatoryLogic/>
                    <FormatPattern/>
                    <AD_Column_UU>2a619681-c375-4075-892d-306efe7836de</AD_Column_UU>
                    <IsUpdateable>false</IsUpdateable>
                    <Callout/>
                    <ColumnName>Record_ID</ColumnName>
                    <Description>Direct internal record ID</Description>
                    <ColumnSQL/>
                    <DefaultValue/>
                    <Help>The Record ID is the internal unique identifier of a record. Please note that zooming to the record may not be successful for Orders, Invoices and Shipment/Receipts as sometimes the Sales Order type is not known.</Help>
                    <Name>Record ID</Name>
                    <IsAllowCopy>true</IsAllowCopy>
                    <IsActive>true</IsActive>
                    <IsToolbarButton>false</IsToolbarButton>
                    <IsAlwaysUpdateable>false</IsAlwaysUpdateable>
                    <EntityType>U</EntityType>
                    <VFormat/>
                    <IsEncrypted>N</IsEncrypted>
                    <IsSecure>false</IsSecure>
                    <AD_Chart_ID reference="id"/>
                    <FKConstraintType>N</FKConstraintType>
                    <FKConstraintName/>
                    <AD_Element_ID reference="id">538</AD_Element_ID>
                    <AD_Reference_ID reference="id">28</AD_Reference_ID>
                    <AD_Val_Rule_ID reference="id"/>
                </AD_Column>
                <AD_Column type="table">
                    <IsSyncDatabase>Y</IsSyncDatabase>
                    <AD_Table_ID reference="uuid" reference-key="AD_Table">2b35c427-82f9-4798-982a-f16fb47a00b3</AD_Table_ID>
                    <AD_Reference_Value_ID reference="id"/>
                    <AD_Client_ID>0</AD_Client_ID>
                    <AD_Org_ID>0</AD_Org_ID>
                    <SeqNoSelection/>
                    <Version>0.0</Version>
                    <ValueMax/>
                    <IsMandatory>false</IsMandatory>
                    <IsTranslated>false</IsTranslated>
                    <IsIdentifier>false</IsIdentifier>
                    <SeqNo/>
                    <ValueMin/>
                    <IsParent>false</IsParent>
                    <FieldLength>22</FieldLength>
                    <IsSelectionColumn>false</IsSelectionColumn>
                    <IsKey>false</IsKey>
                    <AD_Process_ID reference="id"/>
                    <ReadOnlyLogic/>
                    <IsAutocomplete>false</IsAutocomplete>
                    <IsAllowLogging>true</IsAllowLogging>
                    <MandatoryLogic/>
                    <FormatPattern/>
                    <AD_Column_UU>d3a0a54d-10c2-4c5e-9cb1-2e1d0d2f5572</AD_Column_UU>
                    <IsUpdateable>false</IsUpdateable>
                    <Callout/>
                    <ColumnName>AD_Table_ID</ColumnName>
                    <Description>Database Table information</Description>
                    <ColumnSQL/>
                    <DefaultValue/>
                    <Help>The Database Table provides the information of the table definition</Help>
                    <Name>Table</Name>
                    <IsAllowCopy>true</IsAllowCopy>
                    <IsActive>true</IsActive>
                    <IsToolbarButton>false</IsToolbarButton>
                    <IsAlwaysUpdateable>false</IsAlwaysUpdateable>
                    <EntityType>U</EntityType>
                    <VFormat/>
                    <IsEncrypted>N</IsEncrypted>
                    <IsSecure>false</IsSecure>
                    <AD_Chart_ID reference="id"/>
                    <FKConstraintType>N</FKConstraintType>
                    <FKConstraintName/>
                    <AD_Element_ID reference="id">126</AD_Element_ID>
                    <AD_Reference_ID reference="id">30</AD_Reference_ID>
                    <AD_Val_Rule_ID reference="id"/>
                </AD_Column>
                <AD_Column type="table">
                    <IsSyncDatabase>Y</IsSyncDatabase>
                    <AD_Table_ID reference="uuid" reference-key="AD_Table">2b35c427-82f9-4798-982a-f16fb47a00b3</AD_Table_ID>
                    <AD_Reference_Value_ID reference="id"/>
                    <AD_Client_ID>0</AD_Client_ID>
                    <AD_Org_ID>0</AD_Org_ID>
                    <SeqNoSelection/>
                    <Version>0.0</Version>
                    <ValueMax/>
                    <IsMandatory>false</IsMandatory>
                    <IsTranslated>false</IsTranslated>
                    <IsIdentifier>false</IsIdentifier>
                    <SeqNo/>
                    <ValueMin/>
                    <IsParent>false</IsParent>
                    <FieldLength>10</FieldLength>
                    <IsSelectionColumn>false</IsSelectionColumn>
                    <IsKey>false</IsKey>
                    <AD_Process_ID reference="id"/>
                    <ReadOnlyLogic/>
                    <IsAutocomplete>false</IsAutocomplete>
                    <IsAllowLogging>true</IsAllowLogging>
                    <MandatoryLogic/>
                    <FormatPattern/>
                    <AD_Column_UU>cc381cba-f9a9-44af-aa3f-c6b3e4b150b5</AD_Column_UU>
                    <IsUpdateable>false</IsUpdateable>
                    <Callout/>
                    <ColumnName>AD_Client_ID</ColumnName>
                    <Description>Client/Tenant for this installation.</Description>
                    <ColumnSQL/>
                    <DefaultValue/>
                    <Help>A Client is a company or a legal entity. You cannot share data between Clients. Tenant is a synonym for Client.</Help>
                    <Name>Client</Name>
                    <IsAllowCopy>false</IsAllowCopy>
                    <IsActive>true</IsActive>
                    <IsToolbarButton>false</IsToolbarButton>
                    <IsAlwaysUpdateable>false</IsAlwaysUpdateable>
                    <EntityType>U</EntityType>
                    <VFormat/>
                    <IsEncrypted>N</IsEncrypted>
                    <IsSecure>false</IsSecure>
                    <AD_Chart_ID reference="id"/>
                    <FKConstraintType>N</FKConstraintType>
                    <FKConstraintName/>
                    <AD_Element_ID reference="id">102</AD_Element_ID>
                    <AD_Reference_ID reference="id">30</AD_Reference_ID>
                    <AD_Val_Rule_ID reference="id"/>
                </AD_Column>
                <AD_Column type="table">
                    <IsSyncDatabase>Y</IsSyncDatabase>
                    <AD_Table_ID reference="uuid" reference-key="AD_Table">2b35c427-82f9-4798-982a-f16fb47a00b3</AD_Table_ID>
                    <AD_Reference_Value_ID reference="id"/>
                    <AD_Client_ID>0</AD_Client_ID>
                    <AD_Org_ID>0</AD_Org_ID>
                    <SeqNoSelection/>
                    <Version>0.0</Version>
                    <ValueMax/>
                    <IsMandatory>false</IsMandatory>
                    <IsTranslated>false</IsTranslated>
                    <IsIdentifier>false</IsIdentifier>
                    <SeqNo/>
                    <ValueMin/>
                    <IsParent>false</IsParent>
                    <FieldLength>22</FieldLength>
                    <IsSelectionColumn>false</IsSelectionColumn>
                    <IsKey>false</IsKey>
                    <AD_Process_ID reference="id"/>
                    <ReadOnlyLogic/>
                    <IsAutocomplete>false</IsAutocomplete>
                    <IsAllowLogging>true</IsAllowLogging>
                    <MandatoryLogic/>
                    <FormatPattern/>
                    <AD_Column_UU>b1ad3ba5-26a9-4a5e-8de2-ed25c1a90a34</AD_Column_UU>
                    <IsUpdateable>false</IsUpdateable>
                    <Callout/>
                    <ColumnName>AD_Org_ID</ColumnName>
                    <Description>Organizational entity within client</Description>
                    <ColumnSQL/>
                    <DefaultValue/>
                    <Help>An organization is a unit of your client or legal entity - examples are store, department. You can share data between organizations.</Help>
                    <Name>Organization</Name>
                    <IsAllowCopy>false</IsAllowCopy>
                    <IsActive>true</IsActive>
                    <IsToolbarButton>false</IsToolbarButton>
                    <IsAlwaysUpdateable>false</IsAlwaysUpdateable>
                    <EntityType>U</EntityType>
                    <VFormat/>
                    <IsEncrypted>N</IsEncrypted>
                    <IsSecure>false</IsSecure>
                    <AD_Chart_ID reference="id"/>
                    <FKConstraintType>N</FKConstraintType>
                    <FKConstraintName/>
                    <AD_Element_ID reference="id">113</AD_Element_ID>
                    <AD_Reference_ID reference="id">30</AD_Reference_ID>
                    <AD_Val_Rule_ID reference="id"/>
                </AD_Column>
                <AD_Column type="table">
                    <IsSyncDatabase>Y</IsSyncDatabase>
                    <AD_Table_ID reference="uuid" reference-key="AD_Table">2b35c427-82f9-4798-982a-f16fb47a00b3</AD_Table_ID>
                    <AD_Reference_Value_ID reference="id"/>
                    <AD_Client_ID>0</AD_Client_ID>
                    <AD_Org_ID>0</AD_Org_ID>
                    <SeqNoSelection/>
                    <Version>0.0</Version>
                    <ValueMax/>
                    <IsMandatory>false</IsMandatory>
                    <IsTranslated>false</IsTranslated>
                    <IsIdentifier>false</IsIdentifier>
                    <SeqNo/>
                    <ValueMin/>
                    <IsParent>false</IsParent>
                    <FieldLength>29</FieldLength>
                    <IsSelectionColumn>false</IsSelectionColumn>
                    <IsKey>false</IsKey>
                    <AD_Process_ID reference="id"/>
                    <ReadOnlyLogic/>
                    <IsAutocomplete>false</IsAutocomplete>
                    <IsAllowLogging>true</IsAllowLogging>
                    <MandatoryLogic/>
                    <FormatPattern/>
                    <AD_Column_UU>9a0fabc8-82a4-441e-bff9-fea28e2c6cd9</AD_Column_UU>
                    <IsUpdateable>false</IsUpdateable>
                    <Callout/>
                    <ColumnName>Created</ColumnName>
                    <Description>Date this record was created</Description>
                    <ColumnSQL/>
                    <DefaultValue/>
                    <Help>The Created field indicates the date that this record was created.</Help>
                    <Name>Created</Name>
                    <IsAllowCopy>false</IsAllowCopy>
                    <IsActive>true</IsActive>
                    <IsToolbarButton>false</IsToolbarButton>
                    <IsAlwaysUpdateable>false</IsAlwaysUpdateable>
                    <EntityType>U</EntityType>
                    <VFormat/>
                    <IsEncrypted>N</IsEncrypted>
                    <IsSecure>false</IsSecure>
                    <AD_Chart_ID reference="id"/>
                    <FKConstraintType>N</FKConstraintType>
                    <FKConstraintName/>
                    <AD_Element_ID reference="id">245</AD_Element_ID>
                    <AD_Reference_ID reference="id">16</AD_Reference_ID>
                    <AD_Val_Rule_ID reference="id"/>
                </AD_Column>
                <AD_Column type="table">
                    <IsSyncDatabase>Y</IsSyncDatabase>
                    <AD_Table_ID reference="uuid" reference-key="AD_Table">2b35c427-82f9-4798-982a-f16fb47a00b3</AD_Table_ID>
                    <AD_Reference_Value_ID reference="id">110</AD_Reference_Value_ID>
                    <AD_Client_ID>0</AD_Client_ID>
                    <AD_Org_ID>0</AD_Org_ID>
                    <SeqNoSelection/>
                    <Version>0.0</Version>
                    <ValueMax/>
                    <IsMandatory>false</IsMandatory>
                    <IsTranslated>false</IsTranslated>
                    <IsIdentifier>false</IsIdentifier>
                    <SeqNo/>
                    <ValueMin/>
                    <IsParent>false</IsParent>
                    <FieldLength>10</FieldLength>
                    <IsSelectionColumn>false</IsSelectionColumn>
                    <IsKey>false</IsKey>
                    <AD_Process_ID reference="id"/>
                    <ReadOnlyLogic/>
                    <IsAutocomplete>false</IsAutocomplete>
                    <IsAllowLogging>true</IsAllowLogging>
                    <MandatoryLogic/>
                    <FormatPattern/>
                    <AD_Column_UU>c318d2cb-544d-486c-bdc6-d63e5cfd1e23</AD_Column_UU>
                    <IsUpdateable>false</IsUpdateable>
                    <Callout/>
                    <ColumnName>CreatedBy</ColumnName>
                    <Description>User who created this records</Description>
                    <ColumnSQL/>
                    <DefaultValue/>
                    <Help>The Created By field indicates the user who created this record.</Help>
                    <Name>Created By</Name>
                    <IsAllowCopy>false</IsAllowCopy>
                    <IsActive>true</IsActive>
                    <IsToolbarButton>false</IsToolbarButton>
                    <IsAlwaysUpdateable>false</IsAlwaysUpdateable>
                    <EntityType>U</EntityType>
                    <VFormat/>
                    <IsEncrypted>N</IsEncrypted>
                    <IsSecure>false</IsSecure>
                    <AD_Chart_ID reference="id"/>
                    <FKConstraintType>N</FKConstraintType>
                    <FKConstraintName/>
                    <AD_Element_ID reference="id">246</AD_Element_ID>
                    <AD_Reference_ID reference="id">30</AD_Reference_ID>
                    <AD_Val_Rule_ID reference="id"/>
                </AD_Column>
                <AD_Column type="table">
                    <IsSyncDatabase>Y</IsSyncDatabase>
                    <AD_Table_ID reference="uuid" reference-key="AD_Table">2b35c427-82f9-4798-982a-f16fb47a00b3</AD_Table_ID>
                    <AD_Reference_Value_ID reference="id"/>
                    <AD_Client_ID>0</AD_Client_ID>
                    <AD_Org_ID>0</AD_Org_ID>
                    <SeqNoSelection/>
                    <Version>0.0</Version>
                    <ValueMax/>
                    <IsMandatory>false</IsMandatory>
                    <IsTranslated>false</IsTranslated>
                    <IsIdentifier>false</IsIdentifier>
                    <SeqNo/>
                    <ValueMin/>
                    <IsParent>false</IsParent>
                    <FieldLength>29</FieldLength>
                    <IsSelectionColumn>false</IsSelectionColumn>
                    <IsKey>false</IsKey>
                    <AD_Process_ID reference="id"/>
                    <ReadOnlyLogic/>
                    <IsAutocomplete>false</IsAutocomplete>
                    <IsAllowLogging>true</IsAllowLogging>
                    <MandatoryLogic/>
                    <FormatPattern/>
                    <AD_Column_UU>fe1461b3-0233-429d-9155-2328a04008c6</AD_Column_UU>
                    <IsUpdateable>false</IsUpdateable>
                    <Callout/>
                    <ColumnName>Updated</ColumnName>
                    <Description>Date this record was updated</Description>
                    <ColumnSQL/>
                    <DefaultValue/>
                    <Help>The Updated field indicates the date that this record was updated.</Help>
                    <Name>Updated</Name>
                    <IsAllowCopy>false</IsAllowCopy>
                    <IsActive>true</IsActive>
                    <IsToolbarButton>false</IsToolbarButton>
                    <IsAlwaysUpdateable>false</IsAlwaysUpdateable>
                    <EntityType>U</EntityType>
                    <VFormat/>
                    <IsEncrypted>N</IsEncrypted>
                    <IsSecure>false</IsSecure>
                    <AD_Chart_ID reference="id"/>
                    <FKConstraintType>N</FKConstraintType>
                    <FKConstraintName/>
                    <AD_Element_ID reference="id">607</AD_Element_ID>
                    <AD_Reference_ID reference="id">16</AD_Reference_ID>
                    <AD_Val_Rule_ID reference="id"/>
                </AD_Column>
                <AD_Column type="table">
                    <IsSyncDatabase>Y</IsSyncDatabase>
                    <AD_Table_ID reference="uuid" reference-key="AD_Table">2b35c427-82f9-4798-982a-f16fb47a00b3</AD_Table_ID>
                    <AD_Reference_Value_ID reference="id">110</AD_Reference_Value_ID>
                    <AD_Client_ID>0</AD_Client_ID>
                    <AD_Org_ID>0</AD_Org_ID>
                    <SeqNoSelection/>
                    <Version>0.0</Version>
                    <ValueMax/>
                    <IsMandatory>false</IsMandatory>
                    <IsTranslated>false</IsTranslated>
                    <IsIdentifier>false</IsIdentifier>
                    <SeqNo/>
                    <ValueMin/>
                    <IsParent>false</IsParent>
                    <FieldLength>10</FieldLength>
                    <IsSelectionColumn>false</IsSelectionColumn>
                    <IsKey>false</IsKey>
                    <AD_Process_ID reference="id"/>
                    <ReadOnlyLogic/>
                    <IsAutocomplete>false</IsAutocomplete>
                    <IsAllowLogging>true</IsAllowLogging>
                    <MandatoryLogic/>
                    <FormatPattern/>
                    <AD_Column_UU>a8d50ba1-bfb2-4dc1-9626-7fd0c1b48248</AD_Column_UU>
                    <IsUpdateable>false</IsUpdateable>
                    <Callout/>
                    <ColumnName>UpdatedBy</ColumnName>
                    <Description>User who updated this records</Description>
                    <ColumnSQL/>
                    <DefaultValue/>
                    <Help>The Updated By field indicates the user who updated this record.</Help>
                    <Name>Updated By</Name>
                    <IsAllowCopy>false</IsAllowCopy>
                    <IsActive>true</IsActive>
                    <IsToolbarButton>false</IsToolbarButton>
                    <IsAlwaysUpdateable>false</IsAlwaysUpdateable>
                    <EntityType>U</EntityType>
                    <VFormat/>
                    <IsEncrypted>N</IsEncrypted>
                    <IsSecure>false</IsSecure>
                    <AD_Chart_ID reference="id"/>
                    <FKConstraintType>N</FKConstraintType>
                    <FKConstraintName/>
                    <AD_Element_ID reference="id">608</AD_Element_ID>
                    <AD_Reference_ID reference="id">30</AD_Reference_ID>
                    <AD_Val_Rule_ID reference="id"/>
                </AD_Column>
            </AD_Table>
            <AD_Tab type="table">
                <AD_Client_ID>0</AD_Client_ID>
                <AD_Org_ID>0</AD_Org_ID>
                <ImportFields>N</ImportFields>
                <Processing>false</Processing>
                <IsSingleRow>false</IsSingleRow>
                <AD_Window_ID reference="uuid" reference-key="AD_Window">7a0a5eec-9e84-44fb-963a-6fd5b9f1ca53</AD_Window_ID>
                <SeqNo>10</SeqNo>
                <Help/>
                <IsTranslationTab>false</IsTranslationTab>
                <AD_Process_ID reference="id"/>
                <IsSortTab>false</IsSortTab>
                <CommitWarning/>
                <HasTree>false</HasTree>
                <IsInfoTab>false</IsInfoTab>
                <WhereClause/>
                <IsReadOnly>true</IsReadOnly>
                <IsInsertRecord>false</IsInsertRecord>
                <IsAdvancedTab>false</IsAdvancedTab>
                <DisplayLogic/>
                <TabLevel>0</TabLevel>
                <AD_Tab_UU>0820ec24-cae0-4606-a8a0-2327a7b8dc6b</AD_Tab_UU>
                <EntityType>U</EntityType>
                <Parent_Column_ID reference="id"/>
                <Name>Search</Name>
                <Description/>
                <OrderByClause/>
                <ReadOnlyLogic/>
                <IsActive>true</IsActive>
                <AD_CtxHelp_ID reference="id"/>
                <AD_Column_ID reference="id"/>
                <AD_Table_ID reference="uuid" reference-key="AD_Table">2b35c427-82f9-4798-982a-f16fb47a00b3</AD_Table_ID>
                <AD_ColumnSortOrder_ID reference="id"/>
                <AD_ColumnSortYesNo_ID reference="id"/>
                <AD_Image_ID reference="id"/>
                <Included_Tab_ID reference="id"/>
                <AD_Tab_Trl type="translation">
                    <Help/>
                    <CommitWarning/>
                    <Name>Search</Name>
                    <Description/>
                    <AD_Language>es_CO</AD_Language>
                    <IsActive>true</IsActive>
                    <IsTranslated>false</IsTranslated>
                </AD_Tab_Trl>
                <AD_Field type="table">
                    <AD_Client_ID>0</AD_Client_ID>
                    <AD_Org_ID>0</AD_Org_ID>
                    <SortNo/>
                    <IsEncrypted>false</IsEncrypted>
                    <AD_Tab_ID reference="uuid" reference-key="AD_Tab">0820ec24-cae0-4606-a8a0-2327a7b8dc6b</AD_Tab_ID>
                    <DisplayLength>22</DisplayLength>
                    <IsSameLine>false</IsSameLine>
                    <IsHeading>false</IsHeading>
                    <SeqNo>10</SeqNo>
                    <IsCentrallyMaintained>true</IsCentrallyMaintained>
                    <IsReadOnly>false</IsReadOnly>
                    <Help>An organization is a unit of your client or legal entity - examples are store, department. You can share data between organizations.</Help>
                    <ObscureType/>
                    <DisplayLogic/>
                    <IsMandatory/>
                    <AD_Val_Rule_ID reference="id"/>
                    <Included_Tab_ID reference="id"/>
                    <Description>Organizational entity within client</Description>
                    <Name>Organization</Name>
                    <AD_Field_UU>5c993f63-bb62-4630-918b-7c90b3ec6abe</AD_Field_UU>
                    <IsDisplayed>true</IsDisplayed>
                    <IsFieldOnly>false</IsFieldOnly>
                    <DefaultValue/>
                    <IsAllowCopy>Y</IsAllowCopy>
                    <IsDisplayedGrid>true</IsDisplayedGrid>
                    <IsActive>true</IsActive>
                    <SeqNoGrid>10</SeqNoGrid>
                    <XPosition>1</XPosition>
                    <IsQuickEntry>false</IsQuickEntry>
                    <MandatoryLogic/>
                    <IsUpdateable/>
                    <IsAlwaysUpdateable/>
                    <ReadOnlyLogic/>
                    <IsToolbarButton/>
                    <ColumnSpan>2</ColumnSpan>
                    <NumLines>1</NumLines>
                    <IsAdvancedField>false</IsAdvancedField>
                    <IsDefaultFocus>false</IsDefaultFocus>
                    <AD_Column_ID reference="uuid" reference-key="AD_Column">b1ad3ba5-26a9-4a5e-8de2-ed25c1a90a34</AD_Column_ID>
                    <AD_FieldGroup_ID reference="id"/>
                    <AD_Reference_ID reference="id"/>
                    <AD_Reference_Value_ID reference="id"/>
                    <EntityType>U</EntityType>
                    <AD_Field_Trl type="translation">
                        <Help>An organization is a unit of your client or legal entity - examples are store, department. You can share data between organizations.</Help>
                        <Description>Organizational entity within client</Description>
                        <Name>Organization</Name>
                        <AD_Language>es_CO</AD_Language>
                        <IsActive>true</IsActive>
                        <IsTranslated>false</IsTranslated>
                    </AD_Field_Trl>
                </AD_Field>
                <AD_Field type="table">
                    <AD_Client_ID>0</AD_Client_ID>
                    <AD_Org_ID>0</AD_Org_ID>
                    <SortNo/>
                    <IsEncrypted>false</IsEncrypted>
                    <AD_Tab_ID reference="uuid" reference-key="AD_Tab">0820ec24-cae0-4606-a8a0-2327a7b8dc6b</AD_Tab_ID>
                    <DisplayLength>10</DisplayLength>
                    <IsSameLine>false</IsSameLine>
                    <IsHeading>false</IsHeading>
                    <SeqNo>20</SeqNo>
                    <IsCentrallyMaintained>true</IsCentrallyMaintained>
                    <IsReadOnly>false</IsReadOnly>
                    <Help>A Client is a company or a legal entity. You cannot share data between Clients. Tenant is a synonym for Client.</Help>
                    <ObscureType/>
                    <DisplayLogic/>
                    <IsMandatory/>
                    <AD_Val_Rule_ID reference="id"/>
                    <Included_Tab_ID reference="id"/>
                    <Description>Client/Tenant for this installation.</Description>
                    <Name>Client</Name>
                    <AD_Field_UU>3649798b-5f08-4732-862d-9d8eb0936969</AD_Field_UU>
                    <IsDisplayed>true</IsDisplayed>
                    <IsFieldOnly>false</IsFieldOnly>
                    <DefaultValue/>
                    <IsAllowCopy/>
                    <IsDisplayedGrid>false</IsDisplayedGrid>
                    <IsActive>true</IsActive>
                    <SeqNoGrid/>
                    <XPosition>1</XPosition>
                    <IsQuickEntry>false</IsQuickEntry>
                    <MandatoryLogic/>
                    <IsUpdateable/>
                    <IsAlwaysUpdateable/>
                    <ReadOnlyLogic/>
                    <IsToolbarButton/>
                    <ColumnSpan>2</ColumnSpan>
                    <NumLines>1</NumLines>
                    <IsAdvancedField>false</IsAdvancedField>
                    <IsDefaultFocus>false</IsDefaultFocus>
                    <AD_Column_ID reference="uuid" reference-key="AD_Column">cc381cba-f9a9-44af-aa3f-c6b3e4b150b5</AD_Column_ID>
                    <AD_FieldGroup_ID reference="id"/>
                    <AD_Reference_ID reference="id"/>
                    <AD_Reference_Value_ID reference="id"/>
                    <EntityType>U</EntityType>
                    <AD_Field_Trl type="translation">
                        <Help>A Client is a company or a legal entity. You cannot share data between Clients. Tenant is a synonym for Client.</Help>
                        <Description>Client/Tenant for this installation.</Description>
                        <Name>Client</Name>
                        <AD_Language>es_CO</AD_Language>
                        <IsActive>true</IsActive>
                        <IsTranslated>false</IsTranslated>
                    </AD_Field_Trl>
                </AD_Field>
                <AD_Field type="table">
                    <AD_Client_ID>0</AD_Client_ID>
                    <AD_Org_ID>0</AD_Org_ID>
                    <SortNo/>
                    <IsEncrypted>false</IsEncrypted>
                    <AD_Tab_ID reference="uuid" reference-key="AD_Tab">0820ec24-cae0-4606-a8a0-2327a7b8dc6b</AD_Tab_ID>
                    <DisplayLength>512</DisplayLength>
                    <IsSameLine>false</IsSameLine>
                    <IsHeading>false</IsHeading>
                    <SeqNo>30</SeqNo>
                    <IsCentrallyMaintained>true</IsCentrallyMaintained>
                    <IsReadOnly>false</IsReadOnly>
                    <Help>A search key allows you a fast method of finding a particular record.
If you leave the search key empty, the system automatically creates a numeric number.  The document sequence used for this fallback number is defined in the "Maintain Sequence" window with the name "DocumentNo_&lt;TableName&gt;", where TableName is the actual name of the table (e.g. C_Order).</Help>
                    <ObscureType/>
                    <DisplayLogic/>
                    <IsMandatory/>
                    <AD_Val_Rule_ID reference="id"/>
                    <Included_Tab_ID reference="id"/>
                    <Description>Search key for the record in the format required - must be unique</Description>
                    <Name>Search Key</Name>
                    <AD_Field_UU>4bd00dfe-f36c-4931-9df2-546ec44d4f4c</AD_Field_UU>
                    <IsDisplayed>true</IsDisplayed>
                    <IsFieldOnly>false</IsFieldOnly>
                    <DefaultValue/>
                    <IsAllowCopy/>
                    <IsDisplayedGrid>true</IsDisplayedGrid>
                    <IsActive>true</IsActive>
                    <SeqNoGrid>20</SeqNoGrid>
                    <XPosition>1</XPosition>
                    <IsQuickEntry>false</IsQuickEntry>
                    <MandatoryLogic/>
                    <IsUpdateable/>
                    <IsAlwaysUpdateable/>
                    <ReadOnlyLogic/>
                    <IsToolbarButton/>
                    <ColumnSpan>2</ColumnSpan>
                    <NumLines>1</NumLines>
                    <IsAdvancedField>false</IsAdvancedField>
                    <IsDefaultFocus>false</IsDefaultFocus>
                    <AD_Column_ID reference="uuid" reference-key="AD_Column">b7d18a0d-673c-4507-8a5e-2c320ec90234</AD_Column_ID>
                    <AD_FieldGroup_ID reference="id"/>
                    <AD_Reference_ID reference="id"/>
                    <AD_Reference_Value_ID reference="id"/>
                    <EntityType>U</EntityType>
                    <AD_Field_Trl type="translation">
                        <Help>A search key allows you a fast method of finding a particular record.
If you leave the search key empty, the system automatically creates a numeric number.  The document sequence used for this fallback number is defined in the "Maintain Sequence" window with the name "DocumentNo_&lt;TableName&gt;", where TableName is the actual name of the table (e.g. C_Order).</Help>
                        <Description>Search key for the record in the format required - must be unique</Description>
                        <Name>Search Key</Name>
                        <AD_Language>es_CO</AD_Language>
                        <IsActive>true</IsActive>
                        <IsTranslated>false</IsTranslated>
                    </AD_Field_Trl>
                </AD_Field>
                <AD_Field type="table">
                    <AD_Client_ID>0</AD_Client_ID>
                    <AD_Org_ID>0</AD_Org_ID>
                    <SortNo/>
                    <IsEncrypted>false</IsEncrypted>
                    <AD_Tab_ID reference="uuid" reference-key="AD_Tab">0820ec24-cae0-4606-a8a0-2327a7b8dc6b</AD_Tab_ID>
                    <DisplayLength>10</DisplayLength>
                    <IsSameLine>false</IsSameLine>
                    <IsHeading>false</IsHeading>
                    <SeqNo>40</SeqNo>
                    <IsCentrallyMaintained>true</IsCentrallyMaintained>
                    <IsReadOnly>false</IsReadOnly>
                    <Help>The Record ID is the internal unique identifier of a record. Please note that zooming to the record may not be successful for Orders, Invoices and Shipment/Receipts as sometimes the Sales Order type is not known.</Help>
                    <ObscureType/>
                    <DisplayLogic/>
                    <IsMandatory/>
                    <AD_Val_Rule_ID reference="id"/>
                    <Included_Tab_ID reference="id"/>
                    <Description>Direct internal record ID</Description>
                    <Name>Record ID</Name>
                    <AD_Field_UU>10afdd01-d516-40e2-8c80-8770c45749e8</AD_Field_UU>
                    <IsDisplayed>true</IsDisplayed>
                    <IsFieldOnly>false</IsFieldOnly>
                    <DefaultValue/>
                    <IsAllowCopy/>
                    <IsDisplayedGrid>true</IsDisplayedGrid>
                    <IsActive>true</IsActive>
                    <SeqNoGrid>30</SeqNoGrid>
                    <XPosition>2</XPosition>
                    <IsQuickEntry>false</IsQuickEntry>
                    <MandatoryLogic/>
                    <IsUpdateable/>
                    <IsAlwaysUpdateable/>
                    <ReadOnlyLogic/>
                    <IsToolbarButton/>
                    <ColumnSpan>2</ColumnSpan>
                    <NumLines>1</NumLines>
                    <IsAdvancedField>false</IsAdvancedField>
                    <IsDefaultFocus>false</IsDefaultFocus>
                    <AD_Column_ID reference="uuid" reference-key="AD_Column">2a619681-c375-4075-892d-306efe7836de</AD_Column_ID>
                    <AD_FieldGroup_ID reference="id"/>
                    <AD_Reference_ID reference="id"/>
                    <AD_Reference_Value_ID reference="id"/>
                    <EntityType>U</EntityType>
                    <AD_Field_Trl type="translation">
                        <Help>The Record ID is the internal unique identifier of a record. Please note that zooming to the record may not be successful for Orders, Invoices and Shipment/Receipts as sometimes the Sales Order type is not known.</Help>
                        <Description>Direct internal record ID</Description>
                        <Name>Record ID</Name>
                        <AD_Language>es_CO</AD_Language>
                        <IsActive>true</IsActive>
                        <IsTranslated>false</IsTranslated>
                    </AD_Field_Trl>
                </AD_Field>
                <AD_Field type="table">
                    <AD_Client_ID>0</AD_Client_ID>
                    <AD_Org_ID>0</AD_Org_ID>
                    <SortNo/>
                    <IsEncrypted>false</IsEncrypted>
                    <AD_Tab_ID reference="uuid" reference-key="AD_Tab">0820ec24-cae0-4606-a8a0-2327a7b8dc6b</AD_Tab_ID>
                    <DisplayLength>22</DisplayLength>
                    <IsSameLine>false</IsSameLine>
                    <IsHeading>false</IsHeading>
                    <SeqNo>50</SeqNo>
                    <IsCentrallyMaintained>true</IsCentrallyMaintained>
                    <IsReadOnly>false</IsReadOnly>
                    <Help>The Database Table provides the information of the table definition</Help>
                    <ObscureType/>
                    <DisplayLogic/>
                    <IsMandatory/>
                    <AD_Val_Rule_ID reference="id"/>
                    <Included_Tab_ID reference="id"/>
                    <Description>Database Table information</Description>
                    <Name>Table</Name>
                    <AD_Field_UU>a0883d34-4e38-44db-ad73-5e205ddf5c2e</AD_Field_UU>
                    <IsDisplayed>true</IsDisplayed>
                    <IsFieldOnly>false</IsFieldOnly>
                    <DefaultValue/>
                    <IsAllowCopy/>
                    <IsDisplayedGrid>true</IsDisplayedGrid>
                    <IsActive>true</IsActive>
                    <SeqNoGrid>40</SeqNoGrid>
                    <XPosition>1</XPosition>
                    <IsQuickEntry>false</IsQuickEntry>
                    <MandatoryLogic/>
                    <IsUpdateable/>
                    <IsAlwaysUpdateable/>
                    <ReadOnlyLogic/>
                    <IsToolbarButton/>
                    <ColumnSpan>2</ColumnSpan>
                    <NumLines>1</NumLines>
                    <IsAdvancedField>false</IsAdvancedField>
                    <IsDefaultFocus>false</IsDefaultFocus>
                    <AD_Column_ID reference="uuid" reference-key="AD_Column">d3a0a54d-10c2-4c5e-9cb1-2e1d0d2f5572</AD_Column_ID>
                    <AD_FieldGroup_ID reference="id"/>
                    <AD_Reference_ID reference="id"/>
                    <AD_Reference_Value_ID reference="id"/>
                    <EntityType>U</EntityType>
                    <AD_Field_Trl type="translation">
                        <Help>The Database Table provides the information of the table definition</Help>
                        <Description>Database Table information</Description>
                        <Name>Table</Name>
                        <AD_Language>es_CO</AD_Language>
                        <IsActive>true</IsActive>
                        <IsTranslated>false</IsTranslated>
                    </AD_Field_Trl>
                </AD_Field>
            </AD_Tab>
        </AD_Window>
    </AD_Menu>
    <AD_Package_Exp type="table">
        <AD_Client_ID>0</AD_Client_ID>
        <AD_Org_ID>0</AD_Org_ID>
        <Processing>false</Processing>
        <Version/>
        <Processed>false</Processed>
        <PK_Version>0.1</PK_Version>
        <AD_Package_Type>X</AD_Package_Type>
        <Description>Single window to find almost any record</Description>
        <Name>02_QuickSearch</Name>
        <UserName/>
        <AD_Package_Exp_UU>d6752540-66de-4e13-be5b-1972faf26c50</AD_Package_Exp_UU>
        <IsActive>true</IsActive>
        <File_Directory/>
        <EMail/>
        <Instructions>01: Install the view first
02: Install the Pack In</Instructions>
        <ReleaseNo/>
        <DateFrom/>
        <IsExportDictionaryEntity>false</IsExportDictionaryEntity>
        <AD_Package_Exp_Detail type="table">
            <AD_Client_ID>0</AD_Client_ID>
            <AD_Org_ID>0</AD_Org_ID>
            <SQLStatement>SELECT * FROM AD_Package_Exp WHERE AD_Package_Exp_UU='d6752540-66de-4e13-be5b-1972faf26c50';AD_Package_Exp_Detail</SQLStatement>
            <AD_Table_ID reference="id">50005</AD_Table_ID>
            <ReleaseNo/>
            <AD_Window_ID reference="id"/>
            <Target_Directory/>
            <DBType>ALL</DBType>
            <Destination_Directory/>
            <Processed>false</Processed>
            <AD_Workbench_ID reference="id"/>
            <AD_Package_Code_Old/>
            <AD_ImpFormat_ID reference="id"/>
            <AD_ReportView_ID reference="id"/>
            <AD_Val_Rule_ID reference="id"/>
            <AD_Package_Code_New/>
            <Name2/>
            <Destination_FileName/>
            <FileName/>
            <Description/>
            <AD_Package_Exp_Detail_UU>1705a620-7f76-40ac-add1-565efb5a2e89</AD_Package_Exp_Detail_UU>
            <Type>D</Type>
            <Processing>false</Processing>
            <IsActive>true</IsActive>
            <Line>30</Line>
            <File_Directory/>
            <AD_EntityType_ID reference="id"/>
            <AD_Form_ID reference="id"/>
            <AD_Menu_ID reference="id"/>
            <AD_Message_ID reference="id"/>
            <AD_ModelValidator_ID reference="id"/>
            <AD_Package_Exp_ID reference="uuid" reference-key="AD_Package_Exp">d6752540-66de-4e13-be5b-1972faf26c50</AD_Package_Exp_ID>
            <AD_PrintFormat_ID reference="id"/>
            <AD_Process_ID reference="id"/>
            <AD_Reference_ID reference="id"/>
            <AD_Role_ID reference="id">0</AD_Role_ID>
            <AD_Workflow_ID reference="id"/>
        </AD_Package_Exp_Detail>
        <AD_Package_Exp_Detail type="table">
            <AD_Client_ID>0</AD_Client_ID>
            <AD_Org_ID>0</AD_Org_ID>
            <SQLStatement/>
            <AD_Table_ID reference="id"/>
            <ReleaseNo/>
            <AD_Window_ID reference="id"/>
            <Target_Directory/>
            <DBType>ALL</DBType>
            <Destination_Directory/>
            <Processed>false</Processed>
            <AD_Workbench_ID reference="id"/>
            <AD_Package_Code_Old/>
            <AD_ImpFormat_ID reference="id"/>
            <AD_ReportView_ID reference="id"/>
            <AD_Val_Rule_ID reference="id"/>
            <AD_Package_Code_New/>
            <Name2/>
            <Destination_FileName/>
            <FileName/>
            <Description/>
            <AD_Package_Exp_Detail_UU>3faf3eea-a605-4f7b-a12b-59e88ce58e64</AD_Package_Exp_Detail_UU>
            <Type>M</Type>
            <Processing>false</Processing>
            <IsActive>true</IsActive>
            <Line>20</Line>
            <File_Directory/>
            <AD_EntityType_ID reference="id"/>
            <AD_Form_ID reference="id"/>
            <AD_Menu_ID reference="uuid" reference-key="AD_Menu">22d40a03-f9f0-49ef-a7c4-41654f648333</AD_Menu_ID>
            <AD_Message_ID reference="id"/>
            <AD_ModelValidator_ID reference="id"/>
            <AD_Package_Exp_ID reference="uuid" reference-key="AD_Package_Exp">d6752540-66de-4e13-be5b-1972faf26c50</AD_Package_Exp_ID>
            <AD_PrintFormat_ID reference="id"/>
            <AD_Process_ID reference="id"/>
            <AD_Reference_ID reference="id"/>
            <AD_Role_ID reference="id">0</AD_Role_ID>
            <AD_Workflow_ID reference="id"/>
        </AD_Package_Exp_Detail>
    </AD_Package_Exp>
</idempiere>
