<?xml version="1.0" encoding="UTF-8"?>
<?xml-stylesheet type="text/css" href="idempiereDocument.css"?>

<idempiereDocument>
    <header>QuickSearch Package Description</header>
    <H1>Package Name:</H1>
    <packagename>QuickSearch</packagename>
    <H1>Author:</H1>
    <Name:/>
    <H1>Email Address:</H1>
    <Email/>
    <H1>Created:</H1>
    <Date>2014-09-11 16:16:00.971</Date>
    <H1>Updated:</H1>
    <Date>2014-09-11 20:47:04.641</Date>
    <H1>Description:</H1>
    <description>Single window to find almost any record</description>
    <H1>Instructions:</H1>
    <instructions>Modify the view to add more search sources.</instructions>
    <H1>Files in Package:</H1>
    <file>File: PackOut.xml</file>
    <filedirectory>Directory: \dict\</filedirectory>
    <filenotes>Notes: Contains all application/object settings for package</filenotes>
    <H1>Client:</H1>
    <Client>0-SYSTEM-System</Client>
</idempiereDocument>
